kind,symbol,code,name,price,pct,open,high,low,pre_close,amount,quote_time,close_location,etf_score,grade,breadth,median_stock_pct,relative_strength,drawdown_from_recent_peak,alert,life_stage,stage_advice
etf,sh510880,510880,红利ETF,3.416,1.43,3.37,3.42,3.369,3.368,51585.0,20261008161452,0.9215686274509799,73.31,A,50.0,1.43,3.28,0.0,正常,启动,可观察，等待持续性确认
etf,sh512690,512690,酒ETF,0.417,0.0,0.414,0.418,0.411,0.417,38110.0,20261008161450,0.8571428571428571,66.4,B,50.0,0.0,1.85,0.0,正常,分歧,只留强股，弱股减法
etf,sh515220,515220,煤炭ETF,1.279,1.83,1.254,1.282,1.252,1.256,58871.0,20261008161444,0.8999999999999962,58.95,B,0.0,-0.65,3.68,0.0,正常,分歧,只留强股，弱股减法
etf,sh510300,510300,沪深300ETF,4.389,-0.97,4.418,4.459,4.358,4.432,330795.0,20261008161458,0.30693069306931275,37.53,D,50.0,-0.03,0.88,-2.79,橙色：趋势破坏，暂停新开仓,退潮,停止新增，反弹处理弱股
etf,sh515030,515030,新能源车ETF,1.448,-0.55,1.454,1.479,1.44,1.456,11905.0,20261008161449,0.20512820512820454,37.37,D,50.0,-0.55,1.3,-1.63,橙色：趋势破坏，暂停新开仓,退潮,停止新增，反弹处理弱股
etf,sh512660,512660,军工ETF,1.095,-0.54,1.102,1.13,1.089,1.101,27094.0,20261008161456,0.14634146341463455,36.67,D,50.0,-0.54,1.31,-3.01,橙色：趋势破坏，暂停新开仓,退潮,停止新增，反弹处理弱股
etf,sh518880,518880,黄金ETF,8.474,-1.84,8.486,8.519,8.458,8.633,325897.0,20261008161456,0.2622950819672136,32.59,D,50.0,-1.84,0.01,-3.57,橙色：趋势破坏，暂停新开仓,退潮,停止新增，反弹处理弱股
etf,sh515790,515790,光伏ETF,0.763,-1.68,0.774,0.784,0.758,0.776,11227.0,20261008161440,0.19230769230769232,32.39,D,50.0,-1.68,0.17,-3.66,橙色：趋势破坏，暂停新开仓,退潮,停止新增，反弹处理弱股
etf,sh512880,512880,证券ETF,1.01,-1.85,1.027,1.033,1.008,1.029,123518.0,20261008161500,0.08000000000000035,30.25,D,50.0,-1.85,0.0,-3.44,橙色：趋势破坏，暂停新开仓,退潮,停止新增，反弹处理弱股
etf,sh515400,515400,大数据ETF,0.783,-2.97,0.805,0.811,0.779,0.807,5387.0,20261008161457,0.125,26.05,E,50.0,-2.97,-1.12,-6.23,黄色：高位降温，停止追高,退潮,停止新增，反弹处理弱股
etf,sh516820,516820,机器人ETF,0.342,-3.39,0.351,0.352,0.341,0.354,5019.0,20261008161459,0.09090909090909137,23.83,E,50.0,-3.39,-1.54,-3.39,红色：行业共振回撤，停止新增，反弹优先减弱,退潮,停止新增，反弹处理弱股
etf,sh512400,512400,有色金属ETF,1.605,-0.99,1.618,1.633,1.596,1.621,45790.0,20261008161500,0.24324324324324098,21.67,E,0.0,-1.41,0.86,-3.2,正常,退潮,停止新增，反弹处理弱股
etf,sh512760,512760,芯片ETF,0.971,-4.05,1.01,1.02,0.964,1.012,46319.0,20261008161500,0.125,21.45,E,50.0,-4.05,-2.2,-10.34,红色：行业共振回撤，停止新增，反弹优先减弱,退潮,停止新增，反弹处理弱股
etf,sh516510,516510,云计算ETF,1.52,-2.81,1.563,1.575,1.512,1.564,8695.0,20261008161456,0.1269841269841272,13.77,E,0.0,-1.4,-0.96,-6.52,黄色：高位降温，停止追高,退潮,停止新增，反弹处理弱股
etf,sh512170,512170,医疗ETF,0.339,-2.87,0.35,0.351,0.338,0.349,56408.0,20261008161457,0.07692307692307725,13.65,E,0.0,-0.4,-1.02,-2.87,正常,退潮,停止新增，反弹处理弱股
etf,sh515980,515980,人工智能ETF,0.925,-3.55,0.96,0.969,0.918,0.959,20774.0,20261008161456,0.1372549019607846,9.18,E,0.0,-4.31,-1.7,-8.6,红色：行业共振回撤，停止新增，反弹优先减弱,退潮,停止新增，反弹处理弱股
etf,sh512480,512480,半导体ETF,0.914,-4.29,0.955,0.963,0.907,0.955,121996.0,20261008161458,0.12500000000000025,7.68,E,0.0,-2.54,-2.44,-10.65,红色：行业共振回撤，停止新增，反弹优先减弱,退潮,停止新增，反弹处理弱股
etf,sh515880,515880,通信ETF,0.594,-5.11,0.624,0.633,0.589,0.626,336010.0,20261008161458,0.11363636363636363,4.36,E,0.0,-2.92,-3.26,-12.52,红色：行业共振回撤，停止新增，反弹优先减弱,退潮,停止新增，反弹处理弱股
etf,sh588200,588200,科创芯片ETF,1.023,-5.28,1.081,1.082,1.016,1.08,293983.0,20261008161441,0.10606060606060438,3.77,E,0.0,-2.77,-3.43,-11.81,红色：行业共振回撤，停止新增，反弹优先减弱,退潮,停止新增，反弹处理弱股
