code,name,sector,source,price,pct,open,high,low,pre_close,amount,turnover,volume_ratio,quote_time,close_location,high_dist,low_rebound,price_vs_open
688981,中芯国际,晶圆制造,核心池,117.39,0.71,116.57,117.8,116.26,116.56,207499.0,0.89,0.74,20260929145339,0.7337662337662346,-0.3480475382003356,0.9719594013418265,0.7034399931371782
002371,北方华创,半导体设备,核心池,628.86,-0.8,633.94,640.8,623.04,633.93,257127.0,0.56,0.86,20260929145336,0.3277027027027057,-1.8632958801498067,0.9341294298921499,-0.8013376660251814
688012,中微公司,半导体设备,核心池,324.71,0.06,329.88,330.55,322.01,324.5,288699.0,0.94,0.75,20260929145336,0.316159250585478,-1.7667523823929887,0.8384832769168682,-1.5672365708742642
688041,海光信息,国产AI芯片,核心池,235.96,-1.89,239.02,241.49,232.0,240.5,404632.0,0.74,0.74,20260929145336,0.41728134878819856,-2.289949894405563,1.7068965517241352,-1.2802275960170695
688256,寒武纪,国产AI芯片,核心池,1047.01,2.65,1023.81,1053.2,1013.0,1020.0,714158.0,1.1,0.97,20260929145338,0.8460199004975113,-0.5877326243828418,3.3573543928923977,2.2660454576532763
300308,中际旭创,光模块/CPO,核心池,812.3,-0.33,814.0,823.0,808.8,815.0,1263284.0,1.4,0.74,20260929145336,0.24647887323943582,-1.300121506682872,0.43273986152323474,-0.20884520884520974
300502,新易盛,光模块/CPO,核心池,392.55,-1.79,400.37,401.98,391.33,399.7,969769.0,1.95,0.8,20260929145336,0.11455399061033084,-2.345887855117168,0.31175734035213676,-1.9531932962010168
300394,天孚通信,光模块/CPO,核心池,255.89,4.53,245.2,258.0,242.16,244.8,713509.0,2.6,1.02,20260929145336,0.8667929292929285,-0.8178294573643496,5.669805087545421,4.359706362153348
601138,工业富联,AI服务器,核心池,58.43,-0.83,58.42,59.15,57.86,58.92,287039.0,0.25,0.73,20260929145339,0.4418604651162796,-1.2172442941673745,0.9851365364673459,0.0171174255392037
002916,深南电路,PCB,核心池,375.69,1.27,371.07,378.57,365.01,370.98,216055.0,0.87,0.69,20260929145336,0.7876106194690269,-0.7607575877644823,2.925947234322357,1.2450481041313077
600536,中国软件,软件,核心池,30.97,0.03,30.71,31.26,30.71,30.96,25672.0,0.98,0.75,20260929145339,0.4727272727272685,-0.9277031349968046,0.8466297622924168,0.8466297622924168
601088,中国神华,煤炭,核心池,47.41,-2.03,48.3,48.31,46.71,48.39,102030.0,0.13,1.07,20260929145336,0.43749999999999695,-1.8629683295384059,1.4986084350246065,-1.8426501035196718
601318,中国平安,保险,核心池,52.51,0.21,52.47,52.74,52.22,52.4,219101.0,0.39,0.76,20260929145338,0.5576923076923027,-0.4361016306408838,0.5553427805438549,0.07623403849819077
600036,招商银行,银行,核心池,40.51,-0.32,40.49,40.78,40.22,40.64,174199.0,0.21,0.9,20260929145337,0.5178571428571392,-0.6620892594409122,0.7210343112879158,0.04939491232403004
600276,恒瑞医药,创新药,核心池,45.63,2.61,44.34,46.13,44.29,44.47,353179.0,1.22,1.29,20260929145338,0.7282608695652178,-1.0838933448948596,3.025513659968393,2.9093369418132564
601899,紫金矿业,有色金属,核心池,29.47,0.17,29.01,29.62,29.01,29.42,315577.0,0.52,0.76,20260929145339,0.754098360655734,-0.5064145847400447,1.58566011720096,1.58566011720096
002384,东山精密,自动发现,今日自动发现,171.03,1.63,169.01,172.31,168.28,168.28,594700.0,2.52,0.65,20260929145336,0.682382133995037,-0.7428471940107984,1.6341811266936013,1.195195550559136
688008,澜起科技,自动发现,今日自动发现,212.65,1.94,205.0,215.5,204.7,208.6,581930.0,2.43,0.69,20260929145339,0.7361111111111119,-1.3225058004640355,3.883732291157793,3.731707317073174
600176,中国巨石,自动发现,今日自动发现,39.72,1.15,39.0,39.96,38.7,39.27,458741.0,2.94,0.56,20260929145338,0.8095238095238076,-0.6006006006006093,2.635658914728678,1.846153846153853
603986,兆易创新,自动发现,今日自动发现,367.61,2.54,358.56,369.0,358.0,358.51,726138.0,2.98,0.64,20260929145338,0.8736363636363649,-0.37669376693766354,2.6843575418994403,2.5239848282017086
300476,胜宏科技,自动发现,今日自动发现,216.8,1.55,214.0,219.3,212.27,213.5,373886.0,2.0,0.46,20260929145336,0.6443812233285918,-1.1399908800729608,2.134074527724117,1.3084112149532867
002281,光迅科技,自动发现,今日自动发现,166.87,1.87,164.38,168.38,162.18,163.8,380978.0,2.92,0.88,20260929145336,0.7564516129032268,-0.8967810903907747,2.891848563324695,1.5147828202944469
688825,长鑫科技,自动发现,今日自动发现,55.5,3.16,53.71,55.78,53.68,53.8,795312.0,3.22,0.67,20260929145338,0.8666666666666663,-0.5019720329867305,3.3904619970193783,3.332712716440134
002156,通富微电,自动发现,今日自动发现,60.25,2.29,58.91,61.8,58.91,58.9,384518.0,4.19,0.84,20260929145336,0.46366782006920526,-2.5080906148867266,2.274656255304719,2.274656255304719
600183,生益科技,自动发现,今日自动发现,132.96,0.77,131.84,134.52,129.2,131.95,466827.0,1.47,0.7,20260929145337,0.7067669172932338,-1.1596788581623607,2.9102167182662786,0.8495145631068013
000636,风华高科,自动发现,今日自动发现,51.17,1.49,49.98,51.6,49.72,50.42,302489.0,5.2,0.56,20260929145339,0.7712765957446813,-0.8333333333333304,2.916331456154464,2.3809523809523947
300207,欣旺达,自动发现,今日自动发现,21.63,1.17,21.02,23.3,20.88,21.38,397106.0,10.43,1.74,20260929145336,0.3099173553719006,-7.167381974248932,3.5919540229885083,2.901998097050429
600150,中国船舶,自动发现,今日自动发现,39.02,2.47,37.97,39.15,37.57,38.08,356648.0,1.23,1.0,20260929145337,0.9177215189873446,-0.3320561941251521,3.859462336970987,2.765341058730586
002463,沪电股份,自动发现,今日自动发现,119.08,1.6,117.3,120.18,115.69,117.2,296751.0,1.3,0.56,20260929145336,0.7550111358574596,-0.9152937260775595,2.9302446192410736,1.5174765558397363
603083,剑桥科技,自动发现,今日自动发现,200.88,1.78,197.15,204.89,194.2,197.37,282111.0,5.16,0.82,20260929145338,0.6248830682881205,-1.9571477378105273,3.439752832131826,1.891960436216067
002436,兴森科技,自动发现,今日自动发现,42.3,2.82,41.1,42.94,40.2,41.14,344639.0,5.42,0.63,20260929145336,0.766423357664233,-1.4904517931998096,5.223880597014907,2.9197080291970767
603259,药明康德,自动发现,今日自动发现,161.2,-0.37,161.81,166.68,159.47,161.8,473673.0,1.18,0.81,20260929145337,0.23994452149791787,-3.2877369810415225,1.0848435442402993,-0.37698535319202753
600522,中天科技,自动发现,今日自动发现,31.32,0.0,30.76,31.52,30.69,31.32,339357.0,3.2,0.53,20260929145337,0.7590361445783136,-0.6345177664974555,2.052785923753664,1.820546163849146
000988,华工科技,自动发现,今日自动发现,94.22,1.74,92.45,94.86,91.95,92.61,276359.0,2.95,0.71,20260929145339,0.7800687285223363,-0.674678473539958,2.468733007069046,1.9145484045429928
600547,山东黄金,自动发现,今日自动发现,26.46,1.15,25.36,26.66,25.36,26.16,277671.0,2.95,1.29,20260929145339,0.8461538461538468,-0.7501875468867159,4.337539432176651,4.337539432176651
601869,长飞光纤,自动发现,今日自动发现,407.44,3.35,392.7,411.58,389.0,394.22,366260.0,2.25,0.83,20260929145337,0.8166519043401245,-1.0058797803586095,4.7403598971722305,3.753501400560233
002851,麦格米特,自动发现,今日自动发现,118.62,2.79,114.54,120.0,114.32,115.4,309402.0,5.31,0.96,20260929145336,0.7570422535211279,-1.1499999999999955,3.7613715885234544,3.5620743844944958
300408,三环集团,自动发现,今日自动发现,118.7,2.73,115.81,119.2,114.1,115.54,323668.0,1.48,0.64,20260929145336,0.9019607843137256,-0.4194630872483174,4.0315512708150925,2.495466712719119
300274,阳光电源,自动发现,今日自动发现,82.83,2.18,80.81,83.75,80.81,81.06,281306.0,2.15,0.8,20260929145336,0.687074829931972,-1.098507462686571,2.4996906323474732,2.4996906323474732
600418,江淮汽车,自动发现,今日自动发现,26.07,3.37,25.69,26.89,24.52,25.22,563891.0,9.72,1.47,20260929145338,0.6540084388185654,-3.0494607660840445,6.321370309951058,1.4791747761774943
688521,芯原股份,自动发现,今日自动发现,195.19,1.13,190.0,197.05,186.0,193.0,260626.0,2.59,0.75,20260929145337,0.8316742081447953,-0.9439228622177165,4.940860215053755,2.731578947368418
000725,京东方Ａ,自动发现,今日自动发现,5.71,-1.55,5.72,5.8,5.62,5.8,485052.0,2.4,0.59,20260929145339,0.5,-1.551724137931032,1.6014234875444844,-0.17482517482516613
601208,XD东材科,自动发现,今日自动发现,50.75,0.1,48.99,52.0,47.0,50.7,307175.0,6.27,0.81,20260929145338,0.75,-2.4038461538461564,7.978723404255317,3.592569912226984
300750,宁德时代,自动发现,今日自动发现,286.74,-1.8,291.0,293.19,285.74,291.99,826340.0,0.67,0.8,20260929145336,0.13422818791946328,-2.199938606364471,0.3499685028347521,-1.4639175257731951
600584,长电科技,自动发现,今日自动发现,65.65,0.34,65.38,66.74,65.1,65.43,278688.0,2.36,0.55,20260929145337,0.3353658536585434,-1.6332034761761927,0.8448540706605501,0.41297032731724137
002475,立讯精密,自动发现,今日自动发现,50.42,1.0,49.92,50.88,49.8,49.92,258269.0,0.7,0.75,20260929145336,0.5740740740740754,-0.9040880503144666,1.2449799196787348,1.001602564102555
002636,金安国纪,自动发现,今日自动发现,82.55,4.1,77.81,83.88,76.01,79.3,340769.0,5.87,0.75,20260929145336,0.8310038119440915,-1.5855984740104856,8.604131035390061,6.091761984320776
001309,德明利,自动发现,今日自动发现,372.0,0.19,374.0,375.55,367.01,371.28,252926.0,4.11,0.73,20260929145336,0.584309133489461,-0.9452802556250917,1.3596359772213296,-0.5347593582887722
300548,长芯博创,自动发现,今日自动发现,217.7,2.2,209.01,220.6,207.5,213.01,234969.0,3.72,1.01,20260929145336,0.7786259541984728,-1.3145965548504113,4.915662650602415,4.157695804028516
300757,罗博特科,自动发现,今日自动发现,528.85,-0.28,533.47,537.6,514.22,530.31,278667.0,3.27,1.06,20260929145336,0.6257485029940119,-1.627604166666663,2.8450857609583435,-0.8660280803044262
300223,君正股份,自动发现,今日自动发现,134.78,1.91,132.57,135.7,130.11,132.26,222301.0,3.96,0.77,20260929145336,0.8354203935599299,-0.6779661016949046,3.5892706171700706,1.6670438259033027
300285,国瓷材料,自动发现,今日自动发现,64.2,-1.32,65.0,65.26,63.0,65.06,347237.0,6.34,0.59,20260929145336,0.5309734513274337,-1.6242721422004336,1.9047619047619202,-1.2307692307692242
600519,贵州茅台,自动发现,今日自动发现,1235.71,-0.66,1244.6,1245.87,1230.88,1243.88,312680.0,0.2,0.93,20260929145338,0.3222148098732487,-0.815494393476035,0.39240218380345304,-0.7142857142857006
002185,华天科技,自动发现,今日自动发现,17.0,0.06,16.92,17.32,16.84,16.99,238053.0,4.2,0.42,20260929145336,0.3333333333333333,-1.8475750577367167,0.9501187648456089,0.47281323877068626
601288,农业银行,自动发现,今日自动发现,6.94,1.17,6.88,6.98,6.8,6.86,234879.0,0.11,1.18,20260929145336,0.7777777777777783,-0.5730659025787954,2.0588235294117796,0.8720930232558155
688048,长光华芯,自动发现,今日自动发现,296.4,2.28,290.0,299.8,285.2,289.79,221303.0,4.28,0.77,20260929145338,0.767123287671231,-1.1340893929286278,3.9270687237026536,2.2068965517241246
300604,长川科技,自动发现,今日自动发现,247.72,-0.49,250.59,255.3,244.5,248.93,262937.0,2.16,0.71,20260929145336,0.2981481481481477,-2.969056012534277,1.316973415132927,-1.1452970988467204
300475,香农芯创,自动发现,今日自动发现,160.33,0.39,158.01,160.88,156.88,159.7,225483.0,3.16,0.62,20260929145336,0.8625000000000043,-0.34186971655891796,2.199133095359529,1.4682615024365742
688347,华虹宏力,自动发现,今日自动发现,219.13,2.51,213.76,222.55,212.4,213.76,223294.0,2.52,0.82,20260929145338,0.6630541871921168,-1.5367333183554321,3.168549905838036,2.512163173652704
603186,华正新材,自动发现,今日自动发现,211.93,3.58,203.0,215.2,201.1,204.6,289700.0,8.83,0.96,20260929145337,0.7680851063829799,-1.519516728624526,5.385380407757334,4.399014778325117
002008,大族激光,自动发现,今日自动发现,81.67,-0.4,81.0,82.47,80.8,82.0,239713.0,3.07,0.73,20260929145339,0.5209580838323375,-0.9700497150478937,1.0767326732673332,0.8271604938271615
601398,工商银行,自动发现,今日自动发现,8.18,0.37,8.16,8.21,8.1,8.15,246516.0,0.11,1.2,20260929145338,0.72727272727272,-0.3654080389768666,0.9876543209876631,0.2450980392156854
688072,拓荆科技,自动发现,今日自动发现,658.8,0.76,664.59,677.77,645.05,653.8,223129.0,1.2,0.81,20260929145339,0.42023227383863043,-2.7988845773640025,2.1316177040539452,-0.8712138310838391
002487,大金重工,自动发现,今日自动发现,42.97,3.84,40.6,45.45,39.61,41.38,385766.0,14.36,1.32,20260929145339,0.5753424657534242,-5.4565456545654705,8.482706387275929,5.837438423645325
300489,光智科技,自动发现,今日自动发现,256.8,-0.43,250.01,269.0,250.01,257.9,240556.0,6.69,0.64,20260929145336,0.3575566087414438,-4.535315985130106,2.715891364345424,2.715891364345424
600641,先导基电,自动发现,今日自动发现,48.59,-1.26,49.21,49.72,48.27,49.21,265821.0,5.85,0.47,20260929145338,0.22068965517241465,-2.2727272727272596,0.6629376424280187,-1.2599065230644135
300454,深信服,自动发现,今日自动发现,140.49,0.8,139.07,144.99,137.66,139.37,189181.0,4.65,1.06,20260929145336,0.3860845839017746,-3.1036623215394132,2.0557896266163,1.0210685266412778
300058,蓝色光标,自动发现,今日自动发现,12.9,1.74,12.61,13.06,12.59,12.68,176231.0,3.94,0.56,20260929145336,0.6595744680851066,-1.2251148545176171,2.4622716441620396,2.2997620935765406
600105,永鼎股份,自动发现,今日自动发现,37.0,-3.34,37.21,37.62,36.18,38.28,394904.0,7.33,1.05,20260929145338,0.5694444444444455,-1.6480595427963762,2.2664455500276404,-0.5643644181671625
002080,中材科技,自动发现,今日自动发现,54.82,3.94,52.88,54.99,52.25,52.74,236652.0,2.62,0.53,20260929145339,0.9379562043795615,-0.3091471176577598,4.9186602870813445,3.6686838124054377
688525,佰维存储,自动发现,今日自动发现,199.15,0.45,197.0,200.88,196.12,198.25,205729.0,2.18,0.52,20260929145339,0.6365546218487409,-0.861210673038626,1.5449724658372466,1.0913705583756483
688766,普冉股份,自动发现,今日自动发现,377.87,-0.45,376.74,381.6,369.35,379.57,217186.0,3.88,0.64,20260929145340,0.6955102040816312,-0.9774633123689758,2.306755110328962,0.2999416042894332
603893,瑞芯微,自动发现,今日自动发现,213.03,0.83,211.0,213.8,207.53,211.28,194340.0,2.18,0.49,20260929145338,0.877192982456139,-0.36014967259121455,2.6502192454103124,0.9620853080568814
600048,保利发展,自动发现,今日自动发现,5.83,3.92,5.63,5.87,5.63,5.61,230305.0,3.31,1.36,20260929145339,0.8333333333333334,-0.6814310051107331,3.5523978685612745,3.5523978685612745
688469,芯联集成,自动发现,今日自动发现,8.97,4.3,9.33,9.75,8.92,8.6,234309.0,4.29,3.21,20260929145338,0.06024096385542254,-7.9999999999999964,0.5605381165919354,-3.858520900321538
300857,协创数据,自动发现,今日自动发现,246.38,0.16,245.05,249.98,242.35,245.99,207495.0,1.73,0.65,20260929145336,0.5281782437745746,-1.4401152092167302,1.6628842583040981,0.5427463782901487
002484,江海股份,自动发现,今日自动发现,52.78,1.19,51.0,53.3,50.5,52.16,169158.0,3.96,0.99,20260929145339,0.8142857142857155,-0.9756097560975507,4.514851485148519,3.4901960784313735
600206,有研新材,自动发现,今日自动发现,49.96,-3.23,49.91,51.51,46.47,51.63,404640.0,9.92,1.11,20260929145339,0.692460317460318,-3.009124441855948,7.510221648375293,0.10018032458425363
301511,德福科技,自动发现,今日自动发现,96.14,2.49,93.0,97.55,92.03,93.8,181918.0,4.82,0.73,20260929145336,0.7445652173913048,-1.4454126089184949,4.465935021188749,3.376344086021499
603228,景旺电子,自动发现,今日自动发现,100.3,5.58,92.79,101.32,92.61,95.0,278233.0,2.89,0.94,20260929145337,0.8828932261768087,-1.0067114093959662,8.303638915883816,8.093544562991696
002428,云南锗业,自动发现,今日自动发现,87.07,-0.8,86.81,87.99,85.4,87.77,210732.0,3.72,0.54,20260929145339,0.6447876447876426,-1.0455733606091644,1.955503512880541,0.29950466536112774
600498,烽火通信,自动发现,今日自动发现,36.28,-1.87,35.88,36.71,34.89,36.97,236763.0,5.22,1.01,20260929145339,0.7637362637362639,-1.1713429583219859,3.9839495557466353,1.1148272017837302
301308,江波龙,自动发现,今日自动发现,311.73,-0.09,312.44,314.95,309.27,312.0,195792.0,2.23,0.66,20260929145336,0.43309859154930164,-1.0223845054770475,0.7954214763798761,-0.22724363077710752
000938,紫光股份,自动发现,今日自动发现,31.53,0.22,31.47,31.73,31.21,31.46,185080.0,2.06,0.57,20260929145339,0.6153846153846164,-0.6303183107469246,1.0253123998718472,0.1906577693041145
000657,中钨高新,自动发现,今日自动发现,53.68,0.81,53.57,54.48,52.6,53.25,173167.0,2.23,0.6,20260929145339,0.5744680851063835,-1.468428781204112,2.0532319391634912,0.2053388090349051
300059,东方财富,自动发现,今日自动发现,17.76,-0.62,17.92,17.98,17.7,17.87,217723.0,0.91,0.83,20260929145336,0.21428571428572155,-1.2235817575083408,0.3389830508474745,-0.8928571428571397
000560,我爱我家,自动发现,今日自动发现,3.77,1.62,3.79,3.95,3.56,3.71,294034.0,33.21,1.55,20260929145339,0.5384615384615382,-4.556962025316458,5.89887640449438,-0.527704485488123
688808,XR联讯仪,自动发现,今日自动发现,1492.88,1.58,1461.0,1528.0,1438.02,1469.59,159183.0,3.74,1.45,20260929145338,0.60969104245388,-2.29842931937172,3.814967802951297,2.1820670773442963
000977,浪潮信息,自动发现,今日自动发现,67.08,0.04,66.92,68.1,66.66,67.05,182940.0,1.85,0.65,20260929145339,0.2916666666666683,-1.49779735682819,0.6300630063006407,0.23909145248057762
300620,光库科技,自动发现,今日自动发现,260.88,2.2,254.0,263.9,253.0,255.27,168066.0,2.63,0.67,20260929145336,0.7229357798165148,-1.1443728685107901,3.1146245059288535,2.708661417322822
600988,赤峰黄金,自动发现,今日自动发现,38.45,1.0,37.33,38.89,36.83,38.07,161507.0,2.56,1.17,20260929145339,0.7864077669902926,-1.1313962458215476,4.398588107521051,3.000267881060825
600667,太极实业,自动发现,今日自动发现,17.94,0.73,17.7,18.14,17.7,17.81,160046.0,4.26,0.46,20260929145339,0.5454545454545484,-1.1025358324145529,1.3559322033898313,1.3559322033898313
600460,士兰微,自动发现,今日自动发现,31.84,1.4,31.4,32.44,31.06,31.4,155640.0,2.93,0.68,20260929145340,0.565217391304349,-1.8495684340320562,2.5112685125563416,1.4012738853503182
688313,仕佳光子,自动发现,今日自动发现,153.52,5.51,145.5,154.79,144.0,145.5,231062.0,3.4,0.96,20260929145337,0.8822984244671007,-0.8204664384004023,6.611111111111123,5.512027491408933
605358,立昂微,自动发现,今日自动发现,46.18,1.12,45.43,47.09,45.0,45.67,152845.0,4.28,0.68,20260929145338,0.5645933014354056,-1.9324697387980594,2.6222222222222147,1.6508914813999631
301526,国际复材,自动发现,今日自动发现,27.71,0.18,27.69,27.99,27.22,27.66,164023.0,4.22,0.58,20260929145336,0.6363636363636394,-1.0003572704537222,1.8001469507715084,0.07222824124233362
688120,华海清科,自动发现,今日自动发现,233.22,-0.44,235.0,235.79,227.6,234.24,180381.0,1.58,1.05,20260929145338,0.686202686202687,-1.089952924212223,2.4692442882249477,-0.7574468085106423
600900,长江电力,自动发现,今日自动发现,28.44,-0.39,28.5,28.65,28.35,28.55,183472.0,0.26,0.79,20260929145337,0.3000000000000024,-0.7329842931937058,0.31746031746031633,-0.21052631578947212
301217,铜冠铜箔,自动发现,今日自动发现,102.18,1.67,99.0,103.33,98.4,100.5,149603.0,1.78,0.49,20260929145336,0.7667342799188654,-1.1129391270686018,3.8414634146341387,3.2121212121212217
300903,科翔股份,自动发现,今日自动发现,96.37,1.87,93.72,98.86,92.97,94.6,142481.0,4.19,0.83,20260929145336,0.5772495755517836,-2.5187133319846233,3.6570936861353154,2.8275714895433346
000333,美的集团,自动发现,今日自动发现,81.69,-0.38,81.66,82.44,81.2,82.0,176223.0,0.31,0.71,20260929145339,0.39516129032257813,-0.90975254730713,0.603448275862073,0.03673769287289019
301080,百普赛斯,自动发现,今日自动发现,121.97,0.95,120.64,127.47,117.0,120.82,169446.0,10.93,0.74,20260929145336,0.4746895893027698,-4.314740723307442,4.247863247863237,1.1024535809018632
688361,中科飞测,自动发现,今日自动发现,355.56,-1.57,368.46,374.48,352.14,361.24,195415.0,1.54,0.73,20260929145340,0.1530886302596245,-5.0523392437513355,0.9712046345203618,-3.5010584595342675
688167,炬光科技,自动发现,今日自动发现,284.51,3.14,274.0,289.21,271.09,275.84,159583.0,4.33,0.9,20260929145339,0.7406181015452545,-1.6251166972096387,4.950385480836639,3.835766423357656
600869,远东股份,自动发现,今日自动发现,18.01,-0.44,17.95,18.18,17.78,18.09,159830.0,4.0,0.44,20260929145337,0.5750000000000031,-0.935093509350926,1.2935883014623117,0.3342618384401197
600664,哈药股份,自动发现,今日自动发现,7.16,-2.32,7.11,7.47,6.92,7.33,292452.0,16.06,0.96,20260929145337,0.4363636363636369,-4.149933065595713,3.4682080924855585,0.7032348804500765
688200,华峰测控,自动发现,今日自动发现,398.19,2.39,387.47,401.36,384.52,388.88,150922.0,1.91,0.78,20260929145340,0.8117577197149638,-0.7898146302571352,3.5550816602517576,2.7666658063850047
300684,中石科技,自动发现,今日自动发现,107.5,-1.56,109.32,112.6,105.33,109.2,199997.0,9.04,0.75,20260929145336,0.2984869325997253,-4.529307282415629,2.0601917782208323,-1.6648371752652658
000807,云铝股份,自动发现,今日自动发现,26.46,4.3,25.35,26.62,25.05,25.37,173084.0,1.93,1.42,20260929145339,0.8980891719745222,-0.6010518407212673,5.628742514970053,4.378698224852062
601328,交通银行,自动发现,今日自动发现,7.63,0.53,7.58,7.68,7.54,7.59,152123.0,0.77,1.42,20260929145337,0.6428571428571433,-0.651041666666663,1.1936339522546469,0.6596306068601621
600030,中信证券,自动发现,今日自动发现,25.83,-0.42,25.81,26.03,25.8,25.94,164437.0,0.52,0.92,20260929145337,0.1304347826086849,-0.7683442182097711,0.11627906976743319,0.07748934521503159
300759,康龙化成,自动发现,今日自动发现,42.96,-0.39,42.85,44.95,42.27,43.13,159028.0,2.58,0.74,20260929145336,0.25746268656716337,-4.427141268075641,1.6323633782824754,0.2567094515752544
300014,亿纬锂能,自动发现,今日自动发现,48.6,2.14,47.88,48.83,47.71,47.58,141974.0,1.39,1.01,20260929145336,0.7946428571428594,-0.4710219127585402,1.8654370153007749,1.5037593984962294
301536,星宸科技,自动发现,今日自动发现,125.0,0.8,124.12,128.55,122.23,124.01,140866.0,6.0,0.85,20260929145336,0.43829113924050517,-2.7615713730066216,2.266219422400395,0.7089912987431557
688082,盛美上海,自动发现,今日自动发现,302.97,5.93,288.99,309.6,288.0,286.01,206294.0,1.43,1.41,20260929145339,0.6930555555555561,-2.1414728682170536,5.197916666666669,4.837537631059896
603256,宏和科技,自动发现,今日自动发现,139.06,-1.06,140.7,142.27,137.55,140.55,164963.0,1.31,0.38,20260929145338,0.3199152542372863,-2.2562732831939325,1.0977826245001765,-1.165600568585634
000338,潍柴动力,自动发现,今日自动发现,25.02,1.62,24.5,25.15,24.38,24.62,129308.0,1.05,0.73,20260929145339,0.8311688311688323,-0.5168986083498917,2.625102543068092,2.12244897959184
002491,通鼎互联,自动发现,今日自动发现,20.63,-3.69,20.01,20.9,20.01,21.42,239482.0,9.96,0.68,20260929145339,0.6966292134831455,-1.291866028708133,3.098450774612682,3.098450774612682
601988,中国银行,自动发现,今日自动发现,6.66,0.45,6.62,6.69,6.57,6.63,148264.0,0.11,0.99,20260929145337,0.7499999999999981,-0.4484304932735439,1.3698630136986356,0.6042296072507503
002594,比亚迪,自动发现,今日自动发现,82.05,-1.56,83.2,83.42,81.7,83.35,170816.0,0.6,0.95,20260929145336,0.2034883720930201,-1.6422920163030486,0.4283965728274053,-1.3822115384615419
000066,中国长城,自动发现,今日自动发现,14.45,2.05,14.06,14.65,14.06,14.16,128613.0,2.79,0.41,20260929145336,0.6610169491525405,-1.3651877133105894,2.7738264580369654,2.7738264580369654
603993,洛阳钼业,自动发现,今日自动发现,16.74,-0.53,16.71,16.88,16.57,16.83,158734.0,0.54,0.76,20260929145336,0.5483870967741898,-0.82938388625593,1.0259505129752489,0.17953321364450048
