code,name,sector,source,price,pct,open,high,low,pre_close,amount,turnover,volume_ratio,quote_time,close_location,high_dist,low_rebound,price_vs_open,etf_name,etf_grade,etf_score,relative_strength,quality_score,quick_profit_score,oversold_score,explosion_index,explosion_reason,held,cost,position_pnl,event_note,event_risk_value,event_hard_veto,event_unknown,signal,action,final_score,priority,life_stage,coach_score,candidate_grade,recommend_reasons,deduct_reasons,human_adjust,coach_action,coach_priority
300014,亿纬锂能,自动发现,今日自动发现,55.31,4.36,52.7,55.41,52.41,53.0,329847.0,2.87,1.12,20260723150600,0.9666666666666686,-0.1804728388377419,5.5332951726769775,4.952561669829225,,C,50.0,4.36,55.04,85.39,0.0,0.0,,False,0.0,0,,0.0,False,False,回避,当前无优势,85.39,0,未知,85.39,A,明显强于行业；价格接近日内强势区；量能较健康；开盘后仍有承接；当日未明显追高,无明显额外扣分,0.0,一级候选：消息面已确认无硬雷；尾盘不急拉时仅1手,5
000792,盐湖股份,自动发现,今日自动发现,27.58,4.95,26.35,27.95,26.0,26.28,314369.0,2.18,1.27,20260723150600,0.8102564102564097,-1.3237924865831863,6.076923076923069,4.66793168880455,,C,50.0,4.95,54.99,83.89,0.0,0.0,,False,0.0,0,,0.0,False,False,回避,当前无优势,83.89,0,未知,83.89,A,明显强于行业；价格接近日内强势区；量能较健康；开盘后仍有承接,无明显额外扣分,0.0,一级候选：消息面已确认无硬雷；尾盘不急拉时仅1手,5
603799,华友钴业,自动发现,今日自动发现,41.55,4.4,39.8,41.92,39.6,39.8,382110.0,4.93,1.25,20260723150610,0.8405172413793084,-0.8826335877862745,4.924242424242409,4.396984924623126,,C,50.0,4.4,55.16,82.56,0.0,0.0,,False,0.0,0,,0.0,False,False,回避,当前无优势,82.56,0,未知,82.56,A,明显强于行业；价格接近日内强势区；量能较健康；开盘后仍有承接；当日未明显追高,无明显额外扣分,0.0,一级候选：消息面已确认无硬雷；尾盘不急拉时仅1手,5
300750,宁德时代,自动发现,今日自动发现,385.99,3.69,373.0,386.0,366.01,372.26,1361047.0,0.84,0.91,20260723150600,0.999499749874938,-0.0025906735751313192,5.458867244064369,3.482573726541549,,C,50.0,3.69,56.27,82.34,0.0,0.0,,False,0.0,0,,0.0,False,False,回避,当前无优势,82.34,0,未知,82.34,A,明显强于行业；价格接近日内强势区；量能较健康；开盘后仍有承接；当日未明显追高,无明显额外扣分,0.0,一级候选：消息面已确认无硬雷；尾盘不急拉时仅1手,5
000338,潍柴动力,自动发现,今日自动发现,27.99,4.25,27.1,28.08,27.03,26.85,295962.0,2.16,0.94,20260723150600,0.9142857142857141,-0.3205128205128194,3.5516093229744694,3.284132841328402,,C,50.0,4.25,54.94,81.85,0.0,0.0,,False,0.0,0,,0.0,False,False,回避,当前无优势,81.85,0,未知,81.85,A,明显强于行业；价格接近日内强势区；量能较健康；开盘后仍有承接；当日未明显追高,无明显额外扣分,0.0,一级候选：消息面已确认无硬雷；尾盘不急拉时仅1手,5
601138,工业富联,AI服务器,核心池,62.88,3.57,61.99,64.15,60.99,60.71,1007480.0,0.81,1.07,20260723150612,0.5981012658227843,-1.9797349961028887,3.098868666994581,1.4357154379738724,人工智能ETF,C,53.66,6.02,68.01,78.84,0.0,0.0,,False,0.0,0,,0.0,False,False,回避,当前无优势,78.84,0,分歧,78.84,A,明显强于行业；量能较健康；开盘后仍有承接；当日未明显追高；基础质量得分较好,无明显额外扣分,0.0,一级候选：消息面已确认无硬雷；尾盘不急拉时仅1手,5
002475,立讯精密,自动发现,今日自动发现,61.19,3.43,59.16,61.98,58.65,59.16,734710.0,1.65,0.9,20260723150600,0.7627627627627629,-1.2746047111971581,4.330775788576302,3.431372549019618,,C,50.0,3.43,55.73,77.3,0.0,0.0,,False,0.0,0,,0.0,False,False,回避,当前无优势,77.3,0,未知,77.3,A,明显强于行业；价格接近日内强势区；量能较健康；开盘后仍有承接；当日未明显追高,无明显额外扣分,0.0,一级候选：消息面已确认无硬雷；尾盘不急拉时仅1手,5
000630,铜陵有色,自动发现,今日自动发现,6.3,3.28,6.1,6.35,6.06,6.1,245444.0,3.53,1.45,20260723150600,0.8275862068965524,-0.7874015748031482,3.960396039603964,3.2786885245901676,,C,50.0,3.28,46.78,76.02,0.0,8.0,事件风险+8,False,0.0,0,近期业绩公告：铜陵有色:2026年半年度业绩预告,8.0,False,False,回避,当前无优势,76.02,0,未知,76.02,A,明显强于行业；价格接近日内强势区；量能较健康；开盘后仍有承接；当日未明显追高,无明显额外扣分,0.0,一级候选：消息面已确认无硬雷；尾盘不急拉时仅1手,5
600406,国电南瑞,自动发现,今日自动发现,24.37,2.61,23.75,24.5,23.43,23.75,299021.0,1.55,1.26,20260723150611,0.8785046728971972,-0.5306122448979544,4.011950490823746,2.6105263157894854,,C,50.0,2.61,54.95,75.77,0.0,0.0,,False,0.0,0,,0.0,False,False,回避,当前无优势,75.77,0,未知,75.77,A,明显强于行业；价格接近日内强势区；量能较健康；开盘后仍有承接；当日未明显追高,无明显额外扣分,0.0,一级候选：消息面已确认无硬雷；尾盘不急拉时仅1手,5
600111,北方稀土,自动发现,今日自动发现,40.27,2.94,39.12,40.48,38.8,39.12,290293.0,2.01,1.09,20260723150611,0.8750000000000037,-0.5187747035573009,3.7886597938144417,2.9396728016360063,,C,50.0,2.94,46.93,75.47,0.0,8.0,事件风险+8,False,0.0,0,近期业绩公告：北方稀土:北方稀土2026年半年度业绩预增公告,8.0,False,False,回避,当前无优势,75.47,0,未知,75.47,A,明显强于行业；价格接近日内强势区；量能较健康；开盘后仍有承接；当日未明显追高,无明显额外扣分,0.0,一级候选：消息面已确认无硬雷；尾盘不急拉时仅1手,5
600362,江西铜业,自动发现,今日自动发现,45.06,4.67,43.48,45.85,42.51,43.05,407572.0,4.4,1.44,20260723150611,0.7634730538922161,-1.7230098146128636,5.998588567395924,3.633854645814183,,C,50.0,4.67,23.22,74.51,0.0,32.0,事件风险+32,False,0.0,0,风险公告：江西铜业:江西铜业股份有限公司关于分拆所属子公司上市的一般风险提示性公告,32.0,False,False,回避,当前无优势,74.51,0,未知,74.51,A,明显强于行业；价格接近日内强势区；量能较健康；开盘后仍有承接,无明显额外扣分,0.0,一级候选：消息面已确认无硬雷；尾盘不急拉时仅1手,5
002466,天齐锂业,自动发现,今日自动发现,46.38,5.6,44.49,46.99,44.08,43.92,368096.0,5.45,1.09,20260723150600,0.7903780068728526,-1.2981485422430272,5.217785843920164,4.248145650708035,,C,50.0,5.6,47.13,83.18,0.0,8.0,事件风险+8,False,0.0,0,近期业绩公告：天齐锂业:2026年半年度业绩预告,8.0,False,False,回避,当前无优势,83.18,0,未知,73.18,B,明显强于行业；价格接近日内强势区；量能较健康；开盘后仍有承接,接近追高区；人工设置禁止追高,0.0,二级候选：等待回踩或尾盘确认,4
600309,万华化学,自动发现,今日自动发现,75.49,2.01,74.0,75.94,72.48,74.0,357290.0,1.53,0.93,20260723150612,0.8699421965317908,-0.5925730840137033,4.152869757174371,2.0135135135135096,,C,50.0,2.01,55.11,73.17,0.0,0.0,,False,0.0,0,,0.0,False,False,回避,当前无优势,73.17,0,未知,73.17,B,明显强于行业；价格接近日内强势区；量能较健康；开盘后仍有承接；当日未明显追高,无明显额外扣分,0.0,二级候选：等待回踩或尾盘确认,4
601600,中国铝业,自动发现,今日自动发现,9.78,3.71,9.41,9.97,9.22,9.43,422852.0,3.3,1.21,20260723150612,0.7466666666666649,-1.905717151454378,6.073752711496727,3.9319872476089257,,C,50.0,3.71,47.25,73.11,0.0,8.0,事件风险+8,False,0.0,0,近期业绩公告：中国铝业:中国铝业2026年半年度业绩预增公告,8.0,False,False,回避,当前无优势,73.11,0,未知,73.11,B,明显强于行业；价格接近日内强势区；量能较健康；开盘后仍有承接；当日未明显追高,无明显额外扣分,0.0,二级候选：等待回踩或尾盘确认,4
000426,兴业银锡,自动发现,今日自动发现,33.59,5.86,32.3,34.17,31.93,31.73,385968.0,6.57,1.7,20260723150600,0.7410714285714296,-1.6973953760608618,5.198872533667398,3.9938080495356187,,C,50.0,5.86,47.17,82.69,0.0,8.0,事件风险+8,False,0.0,0,近期业绩公告：兴业银锡:2026年半年度业绩预告,8.0,False,False,回避,当前无优势,82.69,0,未知,72.69,B,明显强于行业；价格接近日内强势区；量能较健康；开盘后仍有承接,接近追高区；人工设置禁止追高,0.0,二级候选：等待回踩或尾盘确认,4
600150,中国船舶,自动发现,今日自动发现,33.76,2.24,33.27,33.87,32.68,33.02,355990.0,1.42,1.03,20260723150612,0.9075630252100844,-0.32477118393858806,3.3047735618114915,1.4727983168019154,,C,50.0,2.24,47.1,72.12,0.0,8.0,事件风险+8,False,0.0,0,近期业绩公告：中国船舶:中国船舶工业股份有限公司2026年半年度业绩预增公告,8.0,False,False,回避,当前无优势,72.12,0,未知,72.12,B,明显强于行业；价格接近日内强势区；量能较健康；开盘后仍有承接；当日未明显追高,无明显额外扣分,0.0,二级候选：等待回踩或尾盘确认,4
600036,招商银行,银行,核心池,38.91,0.52,38.68,38.99,38.45,38.71,308785.0,0.39,0.66,20260723150612,0.8518518518518416,-0.2051808155937529,1.1963589076722903,0.5946225439503516,沪深300ETF,B,69.83,0.06,66.98,70.03,0.0,0.0,,False,0.0,0,,0.0,False,False,趋势候选,强ETF中的强股；等待回踩后小仓,70.03,9,启动,72.03,B,价格接近日内强势区；开盘后仍有承接；当日未明显追高；基础质量得分较好；板块处于启动阶段,无明显额外扣分,0.0,二级候选：等待回踩或尾盘确认,4
601318,中国平安,保险,核心池,54.3,0.65,53.8,54.59,53.45,53.95,399815.0,0.69,0.59,20260723150612,0.745614035087714,-0.5312328265250188,1.5902712815715425,0.9293680297397744,沪深300ETF,B,69.83,0.19,67.2,69.04,0.0,0.0,,False,0.0,0,,0.0,False,False,趋势候选,强ETF中的强股；等待回踩后小仓,69.04,9,启动,71.04,B,价格接近日内强势区；开盘后仍有承接；当日未明显追高；基础质量得分较好；板块处于启动阶段,无明显额外扣分,0.0,二级候选：等待回踩或尾盘确认,4
002407,多氟多,自动发现,今日自动发现,30.48,2.35,29.79,30.99,29.55,29.78,364815.0,11.11,0.9,20260723150600,0.6458333333333341,-1.6456921587608808,3.147208121827405,2.316213494461228,,C,50.0,2.35,55.12,70.62,0.0,0.0,,False,0.0,0,,0.0,False,False,回避,当前无优势,70.62,0,未知,70.62,B,明显强于行业；量能较健康；开盘后仍有承接；当日未明显追高,无明显额外扣分,0.0,二级候选：等待回踩或尾盘确认,4
000034,神州数码,自动发现,今日自动发现,27.8,1.42,27.0,28.17,26.84,27.41,286225.0,12.24,1.29,20260723150600,0.7218045112781951,-1.3134540291089847,3.576751117734722,2.9629629629629672,,C,50.0,1.42,54.91,70.23,0.0,0.0,,False,0.0,0,,0.0,False,False,回避,当前无优势,70.23,0,未知,70.23,B,明显强于行业；价格接近日内强势区；量能较健康；开盘后仍有承接；当日未明显追高,无明显额外扣分,0.0,二级候选：等待回踩或尾盘确认,4
600726,华电能源,自动发现,今日自动发现,6.98,5.76,6.68,7.26,6.47,6.6,301268.0,5.85,1.88,20260723150611,0.6455696202531653,-3.8567493112947604,7.882534775888739,4.491017964071875,,C,50.0,5.76,54.96,79.31,0.0,0.0,,False,0.0,0,,0.0,False,False,回避,当前无优势,79.31,0,未知,69.31,B,明显强于行业；量能较健康；开盘后仍有承接,接近追高区；人工设置禁止追高,0.0,二级候选：等待回踩或尾盘确认,4
001248,华润新能,自动发现,今日自动发现,13.64,2.1,13.17,13.95,12.93,13.36,288026.0,20.12,1.17,20260723150600,0.6960784313725501,-2.2222222222222143,5.491105955143083,3.568716780561898,,C,50.0,2.1,54.92,68.81,0.0,10.0,换手率偏高,False,0.0,0,,0.0,False,False,回避,当前无优势,68.81,0,未知,68.81,B,明显强于行业；量能较健康；开盘后仍有承接；当日未明显追高,无明显额外扣分,0.0,二级候选：等待回踩或尾盘确认,4
601168,西部矿业,自动发现,今日自动发现,37.84,3.67,36.95,39.4,36.19,36.5,465945.0,5.17,1.55,20260723150612,0.5140186915887867,-3.9593908629441454,4.55927051671734,2.4086603518267857,,C,50.0,3.67,55.34,68.45,0.0,0.0,,False,0.0,0,,0.0,False,False,回避,当前无优势,68.45,0,未知,68.45,B,明显强于行业；量能较健康；开盘后仍有承接；当日未明显追高,无明显额外扣分,0.0,二级候选：等待回踩或尾盘确认,4
600030,中信证券,自动发现,今日自动发现,28.62,1.13,28.38,28.72,28.16,28.3,374953.0,1.08,0.85,20260723150612,0.8214285714285748,-0.3481894150417775,1.6335227272727293,0.8456659619450413,,C,50.0,1.13,55.15,68.29,0.0,0.0,,False,0.0,0,,0.0,False,False,回避,当前无优势,68.29,0,未知,68.29,B,价格接近日内强势区；量能较健康；开盘后仍有承接；当日未明显追高,无明显额外扣分,0.0,二级候选：等待回踩或尾盘确认,4
688002,睿创微纳,自动发现,今日自动发现,154.09,3.08,150.0,156.94,148.5,149.48,276491.0,3.84,0.99,20260723150610,0.6623222748815172,-1.8159806295399483,3.76430976430977,2.7266666666666772,,C,50.0,3.08,46.88,68.16,0.0,8.0,事件风险+8,False,0.0,0,近期业绩公告：睿创微纳:2026年半年度业绩预增的自愿性披露公告,8.0,False,False,回避,当前无优势,68.16,0,未知,68.16,B,明显强于行业；量能较健康；开盘后仍有承接；当日未明显追高,无明显额外扣分,0.0,二级候选：等待回踩或尾盘确认,4
002594,比亚迪,自动发现,今日自动发现,92.65,1.18,90.77,92.87,90.01,91.57,310443.0,0.97,0.56,20260723150600,0.9230769230769235,-0.23689027673091667,2.9330074436173748,2.0711688883992663,,C,50.0,1.18,54.98,67.27,0.0,0.0,,False,0.0,0,,0.0,False,False,回避,当前无优势,67.27,0,未知,67.27,B,价格接近日内强势区；开盘后仍有承接；当日未明显追高,无明显额外扣分,0.0,二级候选：等待回踩或尾盘确认,4
600938,中国海油,自动发现,今日自动发现,32.99,1.85,32.8,33.3,32.4,32.39,267679.0,2.72,1.04,20260723150611,0.6555555555555603,-0.9309309309309177,1.8209876543209935,0.5792682926829329,,C,50.0,1.85,54.86,66.96,0.0,0.0,,False,0.0,0,,0.0,False,False,回避,当前无优势,66.96,0,未知,66.96,B,明显强于行业；量能较健康；开盘后仍有承接；当日未明显追高,无明显额外扣分,0.0,二级候选：等待回踩或尾盘确认,4
300059,东方财富,自动发现,今日自动发现,20.28,1.0,20.05,20.45,19.92,20.08,570362.0,2.12,0.79,20260723150600,0.67924528301887,-0.831295843520774,1.8072289156626509,1.1471321695760706,,C,50.0,1.0,55.51,65.94,0.0,0.0,,False,0.0,0,,0.0,False,False,回避,当前无优势,65.94,0,未知,65.94,B,开盘后仍有承接；当日未明显追高,无明显额外扣分,0.0,二级候选：等待回踩或尾盘确认,4
000807,云铝股份,自动发现,今日自动发现,26.87,5.04,25.88,27.61,25.33,25.58,344070.0,3.71,1.21,20260723150600,0.675438596491229,-2.680188337558853,6.079747335175689,3.8253477588871876,,C,50.0,5.04,47.07,75.35,0.0,8.0,事件风险+8,False,0.0,0,近期业绩公告：云铝股份:云南铝业股份有限公司2026年半年度业绩预告,8.0,False,False,回避,当前无优势,75.35,0,未知,65.35,B,明显强于行业；量能较健康；开盘后仍有承接,接近追高区；人工设置禁止追高,0.0,二级候选：等待回踩或尾盘确认,4
300136,信维通信,自动发现,今日自动发现,66.48,3.26,65.02,69.0,64.7,64.38,455640.0,8.25,0.9,20260723150600,0.41395348837209356,-3.652173913043477,2.7511591962905646,2.2454629344817123,,C,50.0,3.26,55.32,65.34,0.0,0.0,,False,0.0,0,,0.0,False,False,回避,当前无优势,65.34,0,未知,65.34,B,明显强于行业；量能较健康；开盘后仍有承接；当日未明显追高,无明显额外扣分,0.0,二级候选：等待回踩或尾盘确认,4
601899,紫金矿业,有色金属,核心池,33.06,2.67,32.52,33.68,31.92,32.2,1449661.0,2.13,1.29,20260723150612,0.6477272727272738,-1.8408551068883505,3.571428571428581,1.6605166051660403,有色金属ETF,A,79.05,-0.38,68.32,71.05,0.0,0.0,,False,0.0,0,,0.0,False,False,趋势候选,强ETF中的强股；等待回踩后小仓,71.05,9,高潮,65.05,B,所属ETF强；量能较健康；开盘后仍有承接；当日未明显追高；基础质量得分较好,板块可能处于高潮,0.0,二级候选：等待回踩或尾盘确认,4
600206,有研新材,自动发现,今日自动发现,41.57,2.29,41.12,42.5,40.0,40.64,369490.0,10.54,0.9,20260723150612,0.6280000000000001,-2.1882352941176464,3.9250000000000007,1.0943579766536926,,C,50.0,2.29,55.14,64.78,0.0,0.0,,False,0.0,0,,0.0,False,False,回避,当前无优势,64.78,0,未知,64.78,B,明显强于行业；量能较健康；开盘后仍有承接；当日未明显追高,无明显额外扣分,0.0,二级候选：等待回踩或尾盘确认,4
601398,工商银行,自动发现,今日自动发现,7.68,1.05,7.58,7.7,7.56,7.6,241461.0,0.12,0.59,20260723150610,0.8571428571428544,-0.25974025974027093,1.5873015873015817,1.319261213720302,,C,50.0,1.05,54.77,64.67,0.0,0.0,,False,0.0,0,,0.0,False,False,回避,当前无优势,64.67,0,未知,64.67,B,价格接近日内强势区；开盘后仍有承接；当日未明显追高,无明显额外扣分,0.0,二级候选：等待回踩或尾盘确认,4
600118,中国卫星,自动发现,今日自动发现,61.07,2.45,58.69,62.2,58.69,59.61,262304.0,3.65,0.73,20260723150611,0.6780626780626778,-1.8167202572347274,4.055205316067467,4.055205316067467,,C,50.0,2.45,46.84,63.92,0.0,8.0,事件风险+8,False,0.0,0,近期业绩公告：中国卫星:中国卫星2026年半年度业绩预告,8.0,False,False,回避,当前无优势,63.92,0,未知,63.92,B,明显强于行业；开盘后仍有承接；当日未明显追高,无明显额外扣分,0.0,二级候选：等待回踩或尾盘确认,4
002415,海康威视,自动发现,今日自动发现,35.77,0.39,35.59,36.0,35.2,35.63,323922.0,1.0,0.87,20260723150600,0.7125000000000029,-0.6388888888888777,1.6193181818181746,0.5057600449564381,,C,50.0,0.39,55.02,63.85,0.0,0.0,,False,0.0,0,,0.0,False,False,回避,当前无优势,63.85,0,未知,63.85,B,量能较健康；开盘后仍有承接；当日未明显追高,无明显额外扣分,0.0,二级候选：等待回踩或尾盘确认,4
603993,洛阳钼业,自动发现,今日自动发现,20.03,2.14,19.8,20.59,19.3,19.61,723273.0,2.06,1.19,20260723150612,0.5658914728682177,-2.7197668771248074,3.782383419689128,1.1616161616161635,,C,50.0,2.14,55.72,63.48,0.0,0.0,,False,0.0,0,,0.0,False,False,回避,当前无优势,63.48,0,未知,63.48,B,明显强于行业；量能较健康；开盘后仍有承接；当日未明显追高,无明显额外扣分,0.0,二级候选：等待回踩或尾盘确认,4
600989,宝丰能源,自动发现,今日自动发现,24.29,2.4,24.01,24.94,23.44,23.72,331356.0,1.86,1.08,20260723150612,0.5666666666666652,-2.6062550120288797,3.62627986348123,1.1661807580174877,,C,50.0,2.4,47.04,62.49,0.0,8.0,事件风险+8,False,0.0,0,近期业绩公告：宝丰能源:宁夏宝丰能源集团股份有限公司2026年半年度业绩预增公告,8.0,False,False,回避,当前无优势,62.49,0,未知,62.49,B,明显强于行业；量能较健康；开盘后仍有承接；当日未明显追高,无明显额外扣分,0.0,二级候选：等待回踩或尾盘确认,4
002714,牧原股份,自动发现,今日自动发现,39.7,0.66,38.96,40.16,38.47,39.44,240495.0,1.86,0.74,20260723150600,0.7278106508875773,-1.145418326693215,3.197296594749166,1.8993839835728998,,C,50.0,0.66,54.76,62.14,0.0,0.0,,False,0.0,0,,0.0,False,False,回避,当前无优势,62.14,0,未知,62.14,B,价格接近日内强势区；开盘后仍有承接；当日未明显追高,无明显额外扣分,0.0,二级候选：等待回踩或尾盘确认,4
300033,同花顺,自动发现,今日自动发现,228.34,1.47,225.51,230.62,222.2,225.03,290020.0,2.91,0.71,20260723150600,0.7292161520190028,-0.988639320093665,2.76327632763278,1.25493326238304,,C,50.0,1.47,46.92,61.94,0.0,8.0,事件风险+8,False,0.0,0,近期业绩公告：同花顺:2026年半年度业绩预告,8.0,False,False,回避,当前无优势,61.94,0,未知,61.94,B,明显强于行业；价格接近日内强势区；开盘后仍有承接；当日未明显追高,无明显额外扣分,0.0,二级候选：等待回踩或尾盘确认,4
000858,五 粮 液,自动发现,今日自动发现,74.84,0.12,74.0,74.95,73.32,74.75,274678.0,0.95,0.71,20260723150600,0.9325153374233136,-0.14676450967311405,2.0731042007637868,1.1351351351351457,,C,50.0,0.12,46.88,61.59,0.0,8.0,事件风险+8,False,0.0,0,近期业绩公告：五粮液:2026年半年度业绩预告,8.0,False,False,回避,当前无优势,61.59,0,未知,61.59,B,价格接近日内强势区；开盘后仍有承接；当日未明显追高,无明显额外扣分,0.0,二级候选：等待回踩或尾盘确认,4
603259,药明康德,自动发现,今日自动发现,127.45,1.23,126.0,129.18,124.22,125.9,593234.0,1.89,0.64,20260723150612,0.6512096774193546,-1.3392165969964398,2.6002254065367936,1.1507936507936467,,C,50.0,1.23,55.55,61.5,0.0,0.0,,False,0.0,0,,0.0,False,False,回避,当前无优势,61.5,0,未知,61.5,B,明显强于行业；开盘后仍有承接；当日未明显追高,无明显额外扣分,0.0,二级候选：等待回踩或尾盘确认,4
600549,厦门钨业,自动发现,今日自动发现,50.27,1.43,50.23,51.15,49.26,49.56,260788.0,3.35,0.86,20260723150611,0.534391534391537,-1.7204301075268713,2.0503451075923884,0.07963368504879664,,C,50.0,1.43,46.83,61.38,0.0,8.0,事件风险+8,False,0.0,0,近期业绩公告：厦门钨业:厦门钨业2026年半年度业绩预增公告,8.0,False,False,回避,当前无优势,61.38,0,未知,61.38,B,明显强于行业；量能较健康；开盘后仍有承接；当日未明显追高,无明显额外扣分,0.0,二级候选：等待回踩或尾盘确认,4
600664,哈药股份,自动发现,今日自动发现,6.0,0.33,5.87,6.14,5.74,5.98,323164.0,21.44,0.82,20260723150612,0.6500000000000004,-2.280130293159599,4.529616724738683,2.2146507666098714,,C,50.0,0.33,55.02,61.27,0.0,10.0,换手率偏高,False,0.0,0,,0.0,False,False,回避,当前无优势,61.27,0,未知,61.27,B,量能较健康；开盘后仍有承接；当日未明显追高,无明显额外扣分,0.0,二级候选：等待回踩或尾盘确认,4
000636,风华高科,自动发现,今日自动发现,43.21,4.62,44.0,45.43,42.48,41.3,625020.0,12.25,1.23,20260723150600,0.2474576271186452,-4.886638784943864,1.7184557438794767,-1.7954545454545445,,C,50.0,4.62,55.59,60.66,0.0,23.0,冲高回落明显；距日内高点较远,False,0.0,0,,0.0,False,False,回避,当前无优势,60.66,0,未知,60.66,C,明显强于行业；量能较健康,冲高回落,0.0,普通观察：当前不买，保留跟踪,3
688146,中船特气,自动发现,今日自动发现,215.0,2.38,211.2,219.86,205.0,210.0,301174.0,9.67,0.71,20260723150610,0.672947510094212,-2.21049758937506,4.878048780487809,1.799242424242431,,C,50.0,2.38,46.96,60.55,0.0,8.0,事件风险+8,False,0.0,0,近期业绩公告：中船特气:中船特气2026年半年度报告；近期业绩公告：中船特气:中船特气2026年半年度报告摘要,8.0,False,False,回避,当前无优势,60.55,0,未知,60.55,C,明显强于行业；开盘后仍有承接；当日未明显追高,无明显额外扣分,0.0,普通观察：当前不买，保留跟踪,3
600988,赤峰黄金,自动发现,今日自动发现,38.83,1.6,38.23,40.78,37.22,38.22,426723.0,6.59,1.36,20260723150612,0.4522471910112355,-4.781755762628748,4.325631380977968,1.5694480774261166,,C,50.0,1.6,47.26,58.88,0.0,16.0,事件风险+8；距日内高点较远,False,0.0,0,近期业绩公告：赤峰黄金:赤峰黄金2026年半年度业绩预增公告,8.0,False,False,回避,当前无优势,58.88,0,未知,58.88,C,明显强于行业；量能较健康；开盘后仍有承接；当日未明显追高,无明显额外扣分,0.0,普通观察：当前不买，保留跟踪,3
601991,大唐发电,自动发现,今日自动发现,6.99,0.58,6.8,7.5,6.63,6.95,689622.0,7.93,1.28,20260723150612,0.4137931034482762,-6.799999999999995,5.429864253393668,2.794117647058836,,C,50.0,0.58,55.68,58.77,0.0,8.0,距日内高点较远,False,0.0,0,,0.0,False,False,回避,当前无优势,58.77,0,未知,58.77,C,量能较健康；开盘后仍有承接；当日未明显追高,无明显额外扣分,0.0,普通观察：当前不买，保留跟踪,3
000938,紫光股份,自动发现,今日自动发现,42.45,-5.46,45.57,45.8,41.1,44.9,2265977.0,18.24,1.09,20260723150600,0.28723404255319207,-7.3144104803493315,3.284671532846728,-6.846609611586563,,C,50.0,-5.46,56.71,26.79,57.33,40.0,当日大跌，进入风险观察；换手率偏高,False,0.0,0,,0.0,False,False,回避,当前无优势,57.33,0,未知,57.33,C,量能较健康；当日未明显追高,弱于行业,0.0,普通观察：当前不买，保留跟踪,3
600489,中金黄金,自动发现,今日自动发现,22.45,1.54,22.3,23.17,21.91,22.11,254271.0,2.33,1.06,20260723150611,0.4285714285714274,-3.107466551575322,2.4646280237334617,0.6726457399103047,,C,50.0,1.54,46.81,56.97,0.0,8.0,事件风险+8,False,0.0,0,近期业绩公告：中金黄金:中金黄金股份有限公司2026年半年度业绩预增公告,8.0,False,False,回避,当前无优势,56.97,0,未知,56.97,C,明显强于行业；量能较健康；开盘后仍有承接；当日未明显追高,无明显额外扣分,0.0,普通观察：当前不买，保留跟踪,3
688120,华海清科,自动发现,今日自动发现,258.55,-5.29,275.13,279.87,255.01,273.0,397102.0,3.06,0.77,20260723150610,0.14239742558326704,-7.617822560474508,1.388180855652732,-6.02624214007923,,C,50.0,-5.29,55.2,25.55,56.57,30.0,当日大跌，进入风险观察,False,0.0,0,,0.0,False,False,回避,当前无优势,56.57,0,未知,56.57,C,当日未明显追高,弱于行业,0.0,普通观察：当前不买，保留跟踪,3
688498,源杰科技,自动发现,今日自动发现,1445.0,2.12,1439.98,1520.0,1409.99,1415.0,830631.0,4.65,0.78,20260723150612,0.3182437960185437,-4.934210526315786,2.48299633330733,0.3486159529993538,,C,50.0,2.12,47.84,56.4,0.0,16.0,事件风险+8；距日内高点较远,False,0.0,0,近期业绩公告：源杰科技:陕西源杰半导体科技股份有限公司2026年半年度业绩预告的自愿性披露公告,8.0,False,False,回避,当前无优势,56.4,0,未知,56.4,C,明显强于行业；开盘后仍有承接；当日未明显追高,冲高回落,0.0,普通观察：当前不买，保留跟踪,3
000725,京东方Ａ,自动发现,今日自动发现,6.06,0.33,6.07,6.14,5.95,6.04,952427.0,4.45,0.57,20260723150600,0.5789473684210511,-1.3029315960912058,1.8487394957983128,-0.16474464579901982,,C,50.0,0.33,55.96,56.01,0.0,0.0,,False,0.0,0,,0.0,False,False,回避,当前无优势,56.01,0,未知,56.01,C,当日未明显追高,无明显额外扣分,0.0,普通观察：当前不买，保留跟踪,3
002428,云南锗业,自动发现,今日自动发现,76.58,1.84,76.02,79.39,75.3,75.2,429511.0,8.53,0.96,20260723150600,0.31295843520782396,-3.5394886005794213,1.69986719787516,0.7366482504604033,,C,50.0,1.84,47.27,55.96,0.0,8.0,事件风险+8,False,0.0,0,近期业绩公告：云南锗业:2026年半年度业绩预告,8.0,False,False,回避,当前无优势,55.96,0,未知,55.96,C,明显强于行业；量能较健康；开盘后仍有承接；当日未明显追高,冲高回落,0.0,普通观察：当前不买，保留跟踪,3
000975,山金国际,自动发现,今日自动发现,22.81,1.29,22.6,23.66,22.31,22.52,298318.0,5.16,1.97,20260723150600,0.37037037037036996,-3.592561284868978,2.2411474675033682,0.9292035398229981,,C,50.0,1.29,46.95,55.65,0.0,8.0,事件风险+8,False,0.0,0,近期业绩公告：山金国际:2026年半年度业绩预增公告,8.0,False,False,回避,当前无优势,55.65,0,未知,55.65,C,明显强于行业；量能较健康；开盘后仍有承接；当日未明显追高,无明显额外扣分,0.0,普通观察：当前不买，保留跟踪,3
600547,山东黄金,自动发现,今日自动发现,27.42,0.07,27.26,28.09,27.0,27.4,290688.0,2.92,1.2,20260723150611,0.3853211009174328,-2.385190459238151,1.5555555555555545,0.5869405722670695,,C,50.0,0.07,54.93,53.66,0.0,0.0,,False,0.0,0,,0.0,False,False,回避,当前无优势,53.66,0,未知,53.66,C,量能较健康；开盘后仍有承接；当日未明显追高,无明显额外扣分,0.0,普通观察：当前不买，保留跟踪,3
000100,TCL科技,自动发现,今日自动发现,5.16,0.19,5.15,5.19,5.06,5.15,309018.0,3.0,0.67,20260723150600,0.7692307692307687,-0.5780346820809301,1.976284584980248,0.19417475728154,,C,50.0,0.19,22.98,52.85,0.0,32.0,事件风险+32,False,0.0,0,风险公告：2申万宏源证券承销保荐有限责任公司关于《TCL科技集团股份有限公司发行股份及支付现金购买资产申请的审核问询函之回复报告》之专项核查意见(修订稿)；风险公告：TCL科技:容诚会计师事务所(特殊普通合伙)关于TCL科技发行股份及支付现金购买资产申请的审核问询函之回复；风险公告：TCL科技:发行股份及支付现金购买资产申请的审核问询函之回复报告(修订稿)；风险公告：TCL科技:关于发行股份及支付现金购买资产审核问询函回复更新的提示性公告；风险公告：TCL科技:申万宏源证券承,32.0,False,False,回避,当前无优势,52.85,0,未知,52.85,C,价格接近日内强势区；开盘后仍有承接；当日未明显追高,无明显额外扣分,0.0,普通观察：当前不买，保留跟踪,3
600900,长江电力,自动发现,今日自动发现,28.94,-0.52,29.09,29.17,28.66,29.09,312273.0,0.44,0.52,20260723150611,0.5490196078431377,-0.7884813164209858,0.9769713886950582,-0.5156411137848038,,C,50.0,-0.52,54.99,52.47,0.0,0.0,,False,0.0,0,,0.0,False,False,回避,当前无优势,52.47,0,未知,52.47,C,当日未明显追高,无明显额外扣分,0.0,普通观察：当前不买，保留跟踪,3
603118,共进股份,自动发现,今日自动发现,16.6,1.1,17.06,17.64,16.0,16.42,358725.0,27.18,1.65,20260723150610,0.3658536585365861,-5.895691609977316,3.750000000000009,-2.6963657678780617,,C,50.0,1.1,55.11,51.67,0.0,36.0,换手率过高；开盘后显著走弱；距日内高点较远,False,0.0,0,,0.0,False,False,回避,当前无优势,51.67,0,未知,51.67,C,量能较健康；当日未明显追高,无明显额外扣分,0.0,普通观察：当前不买，保留跟踪,3
300408,三环集团,自动发现,今日自动发现,105.55,2.5,107.17,112.2,104.62,102.98,856426.0,4.24,0.97,20260723150600,0.1226912928759885,-5.926916221033873,0.8889313706748059,-1.5116170570122267,,C,50.0,2.5,47.87,51.47,0.0,31.0,事件风险+8；冲高回落明显；距日内高点较远,False,0.0,0,近期业绩公告：三环集团:2026年半年度业绩预告,8.0,False,False,回避,当前无优势,51.47,0,未知,51.47,C,明显强于行业；量能较健康；当日未明显追高,冲高回落,0.0,普通观察：当前不买，保留跟踪,3
600522,中天科技,自动发现,今日自动发现,32.99,1.51,33.02,33.99,32.32,32.5,697338.0,6.17,0.7,20260723150612,0.40119760479041977,-2.9420417769932317,2.0730198019802026,-0.09085402786190855,,C,50.0,1.51,47.69,50.93,0.0,8.0,事件风险+8,False,0.0,0,近期业绩公告：中天科技:江苏中天科技股份有限公司2026年半年度业绩预增公告,8.0,False,False,回避,当前无优势,50.93,0,未知,50.93,C,明显强于行业；当日未明显追高,无明显额外扣分,0.0,普通观察：当前不买，保留跟踪,3
002384,东山精密,自动发现,今日自动发现,206.65,-4.99,223.0,224.03,198.99,217.5,2592261.0,8.88,1.0,20260723150600,0.30591054313099036,-7.757889568361376,3.8494396703351974,-7.331838565022419,,C,50.0,-4.99,21.83,20.76,50.33,35.0,事件风险+35,False,0.0,0,业绩窗口显著下跌，存在预期差：东山精密:2026年半年度业绩预告,35.0,False,False,回避,当前无优势,50.33,0,未知,50.33,C,量能较健康；当日未明显追高,弱于行业,0.0,普通观察：当前不买，保留跟踪,3
002409,雅克科技,自动发现,今日自动发现,149.07,-0.53,151.98,154.36,144.31,149.86,496058.0,10.46,0.87,20260723150600,0.47363184079601844,-3.4270536408396057,3.298454715542931,-1.9147256217923347,,C,50.0,-0.53,55.39,50.19,0.0,0.0,,False,0.0,0,,0.0,False,False,回避,当前无优势,50.19,0,未知,50.19,C,量能较健康；当日未明显追高,无明显额外扣分,0.0,普通观察：当前不买，保留跟踪,3
603083,剑桥科技,自动发现,今日自动发现,169.03,1.18,172.0,180.0,165.01,167.06,419727.0,8.82,0.93,20260723150612,0.2681787858572387,-6.094444444444447,2.4362159869098843,-1.7267441860465138,,C,50.0,1.18,47.25,49.95,0.0,16.0,事件风险+8；距日内高点较远,False,0.0,0,近期业绩公告：剑桥科技:2026年半年度业绩预增公告,8.0,False,False,回避,当前无优势,49.95,0,未知,49.95,C,量能较健康；当日未明显追高,冲高回落,0.0,普通观察：当前不买，保留跟踪,3
002491,通鼎互联,自动发现,今日自动发现,16.57,0.67,16.65,17.62,16.22,16.46,278208.0,14.0,1.02,20260723150600,0.2500000000000006,-5.959137343927356,2.157829839704073,-0.48048048048047187,,C,50.0,0.67,46.89,49.87,0.0,16.0,事件风险+8；距日内高点较远,False,0.0,0,近期业绩公告：通鼎互联:2026年半年度业绩预告,8.0,False,False,回避,当前无优势,49.87,0,未知,49.87,C,量能较健康；当日未明显追高,冲高回落,0.0,普通观察：当前不买，保留跟踪,3
001309,德明利,自动发现,今日自动发现,435.0,-4.86,444.0,468.68,431.47,457.2,1169934.0,15.87,1.51,20260723150600,0.09486697124428849,-7.1861397968763345,0.8181333580550065,-2.0270270270270285,,C,50.0,-4.86,21.14,24.61,49.83,45.0,事件风险+35；换手率偏高,False,0.0,0,业绩窗口显著下跌，存在预期差：德明利:德明利2026年半年度业绩预告,35.0,False,False,回避,当前无优势,49.83,0,未知,49.83,C,量能较健康；当日未明显追高,爆雷指数偏高；弱于行业,0.0,普通观察：当前不买，保留跟踪,3
688008,澜起科技,自动发现,今日自动发现,225.5,1.12,228.45,230.98,220.3,223.0,1103070.0,4.28,0.52,20260723150612,0.4868913857677902,-2.3724997835310346,2.360417612346799,-1.291311008973517,,C,50.0,1.12,48.09,49.78,0.0,8.0,事件风险+8,False,0.0,0,近期业绩公告：澜起科技:澜起科技2026年半年度业绩预增的自愿性公告,8.0,False,False,回避,当前无优势,49.78,0,未知,49.78,C,当日未明显追高,无明显额外扣分,0.0,普通观察：当前不买，保留跟踪,3
603296,华勤技术,自动发现,今日自动发现,88.88,1.38,90.0,91.88,86.0,87.67,550438.0,7.73,1.83,20260723150612,0.48979591836734654,-3.2651284283848447,3.3488372093023244,-1.244444444444448,,C,50.0,1.38,20.48,49.69,0.0,35.0,事件风险+35,False,0.0,0,减持风险：华勤技术:华勤技术股东减持股份结果公告；近期业绩公告：华勤技术:华勤技术2026年半年度业绩预增公告,35.0,False,False,回避,当前无优势,49.69,0,未知,49.69,C,明显强于行业；量能较健康；当日未明显追高,无明显额外扣分,0.0,普通观察：当前不买，保留跟踪,3
002008,大族激光,自动发现,今日自动发现,105.3,0.35,106.5,109.38,103.3,104.93,441341.0,4.35,0.76,20260723150600,0.3289473684210527,-3.7301151947339517,1.9361084220716362,-1.1267605633802802,,C,50.0,0.35,47.29,49.56,0.0,8.0,事件风险+8,False,0.0,0,近期业绩公告：大族激光:2026年半年度业绩快报,8.0,False,False,回避,当前无优势,49.56,0,未知,49.56,C,当日未明显追高,冲高回落,0.0,普通观察：当前不买，保留跟踪,3
000811,冰轮环境,自动发现,今日自动发现,42.85,-0.26,43.19,47.26,41.3,42.96,285502.0,6.62,1.3,20260723150600,0.2600671140939604,-9.331358442657633,3.7530266343825724,-0.7872192637184416,,C,50.0,-0.26,54.91,48.66,0.0,0.0,,False,0.0,0,,0.0,False,False,回避,当前无优势,48.66,0,未知,48.66,C,量能较健康；当日未明显追高,无明显额外扣分,0.0,普通观察：当前不买，保留跟踪,3
300285,国瓷材料,自动发现,今日自动发现,60.85,1.03,62.0,65.5,60.23,60.23,907848.0,16.95,1.43,20260723150600,0.1176470588235302,-7.099236641221374,1.0293873484974236,-1.85483870967742,,C,50.0,1.03,55.92,48.46,0.0,18.0,换手率偏高；距日内高点较远,False,0.0,0,,0.0,False,False,回避,当前无优势,48.46,0,未知,48.46,C,量能较健康；当日未明显追高,冲高回落,0.0,普通观察：当前不买，保留跟踪,3
605376,博迁新材,自动发现,今日自动发现,146.41,0.96,149.83,159.52,144.0,145.02,254024.0,6.46,1.12,20260723150610,0.15528350515463885,-8.218405215646952,1.6736111111111063,-2.282586931856112,,C,50.0,0.96,54.81,48.12,0.0,18.0,开盘后显著走弱；距日内高点较远,False,0.0,0,,0.0,False,False,回避,当前无优势,48.12,0,未知,48.12,C,量能较健康；当日未明显追高,冲高回落,0.0,普通观察：当前不买，保留跟踪,3
600519,贵州茅台,自动发现,今日自动发现,1292.01,-1.0,1299.8,1303.0,1285.43,1305.0,439251.0,0.27,0.48,20260723150612,0.37450199203186973,-0.8434382194934753,0.5118909625572599,-0.5993229727650373,,C,50.0,-1.0,55.29,48.04,0.0,0.0,,False,0.0,0,,0.0,False,False,回避,当前无优势,48.04,0,未知,48.04,C,当日未明显追高,无明显额外扣分,0.0,普通观察：当前不买，保留跟踪,3
600536,中国软件,软件,核心池,33.95,-2.72,34.2,34.77,33.68,34.9,108803.0,3.78,0.65,20260723150612,0.24770642201835072,-2.358354903652571,0.8016627078384797,-0.7309941520467822,云计算ETF,E,21.3,-0.34,58.07,34.58,0.0,43.0,事件风险+8；所属ETF为E级,True,0.0,0,近期业绩公告：中国软件:中国软件2026年半年度业绩预告,8.0,False,False,持仓减法,行业弱且个股更弱；反弹优先减1手,34.58,3,退潮,20.58,持仓,当日未明显追高,所属行业偏弱；板块处于退潮阶段,0.0,行业弱且个股更弱；反弹优先减1手,2
002463,沪电股份,自动发现,今日自动发现,115.74,1.32,116.88,120.2,113.52,114.23,656257.0,2.92,0.64,20260723150600,0.3323353293413169,-3.710482529118142,1.9556025369978913,-0.9753593429158158,,C,50.0,1.32,47.63,47.97,0.0,8.0,事件风险+8,False,0.0,0,近期业绩公告：沪电股份:2026年半年度业绩预告,8.0,False,False,回避,当前无优势,47.97,0,未知,47.97,D,明显强于行业；当日未明显追高,冲高回落,0.0,禁止追入/暂时回避,1
601208,东材科技,自动发现,今日自动发现,41.48,0.22,41.93,43.96,41.03,41.39,238101.0,5.58,0.8,20260723150610,0.15358361774743884,-5.64149226569609,1.0967584694126176,-1.073217266873372,,C,50.0,0.22,54.75,47.7,0.0,8.0,距日内高点较远,False,0.0,0,,0.0,False,False,回避,当前无优势,47.7,0,未知,47.7,D,量能较健康；当日未明显追高,冲高回落,0.0,禁止追入/暂时回避,1
002837,英维克,自动发现,今日自动发现,61.11,0.99,61.65,63.77,60.15,60.51,222945.0,3.2,0.63,20260723150600,0.26519337016574573,-4.17124039517015,1.5960099750623513,-0.8759124087591275,,C,50.0,0.99,54.7,47.44,0.0,8.0,距日内高点较远,False,0.0,0,,0.0,False,False,回避,当前无优势,47.44,0,未知,47.44,D,当日未明显追高,冲高回落,0.0,禁止追入/暂时回避,1
603127,昭衍新药,自动发现,今日自动发现,48.49,0.89,47.82,51.35,47.82,48.06,293843.0,9.49,0.73,20260723150610,0.1898016997167143,-5.569620253164553,1.401087411125057,1.401087411125057,,C,50.0,0.89,46.94,47.43,0.0,16.0,事件风险+8；距日内高点较远,False,0.0,0,近期业绩公告：昭衍新药:北京昭衍新药研究中心股份有限公司2026年半年度业绩公告,8.0,False,False,回避,当前无优势,47.43,0,未知,47.43,D,开盘后仍有承接；当日未明显追高,冲高回落,0.0,禁止追入/暂时回避,1
002436,兴森科技,自动发现,今日自动发现,34.69,-0.91,35.01,36.28,33.82,35.01,578409.0,10.87,1.15,20260723150600,0.35365853658536467,-4.382579933847863,2.5724423418095776,-0.9140245644101652,,C,50.0,-0.91,47.52,46.85,0.0,8.0,事件风险+8,False,0.0,0,近期业绩公告：兴森科技:2026年半年度业绩预告,8.0,False,False,回避,当前无优势,46.85,0,未知,46.85,D,量能较健康；当日未明显追高,无明显额外扣分,0.0,禁止追入/暂时回避,1
600487,亨通光电,自动发现,今日自动发现,55.67,1.0,56.11,58.18,55.0,55.12,1035838.0,7.49,0.74,20260723150612,0.21069182389937163,-4.314197318666202,1.2181818181818294,-0.7841739440384909,,C,50.0,1.0,48.03,45.31,0.0,16.0,事件风险+8；距日内高点较远,False,0.0,0,近期业绩公告：亨通光电:亨通光电2026年半年度业绩预增公告,8.0,False,False,回避,当前无优势,45.31,0,未知,45.31,D,当日未明显追高,冲高回落,0.0,禁止追入/暂时回避,1
301165,锐捷网络,自动发现,今日自动发现,126.8,0.63,132.3,139.47,124.08,126.0,587818.0,4.04,1.25,20260723150600,0.17673814165042226,-9.084390908439088,2.192134107027721,-4.1572184429327415,,C,50.0,0.63,55.54,45.14,0.0,18.0,开盘后显著走弱；距日内高点较远,False,0.0,0,,0.0,False,False,回避,当前无优势,45.14,0,未知,45.14,D,量能较健康；当日未明显追高,冲高回落,0.0,禁止追入/暂时回避,1
688519,南亚新材,自动发现,今日自动发现,229.41,1.22,231.0,247.75,224.33,226.65,197299.0,3.57,0.83,20260723150610,0.2169086251067458,-7.402623612512615,2.2645210181429176,-0.6883116883116935,,C,50.0,1.22,19.59,45.07,0.0,43.0,事件风险+35；距日内高点较远,False,0.0,0,减持风险：南亚新材:关于回购股份集中竞价减持股份进展公告；近期业绩公告：南亚新材:2026年半年度业绩预告的自愿性披露公告,35.0,False,False,回避,当前无优势,45.07,0,未知,45.07,D,明显强于行业；量能较健康；当日未明显追高,冲高回落,0.0,禁止追入/暂时回避,1
600105,永鼎股份,自动发现,今日自动发现,35.36,-0.62,36.1,37.37,34.87,35.58,373579.0,7.1,0.82,20260723150611,0.19600000000000078,-5.378645972705376,1.4052193862919449,-2.0498614958448846,,C,50.0,-0.62,55.14,44.86,0.0,0.0,,False,0.0,0,,0.0,False,False,回避,当前无优势,44.86,0,未知,44.86,D,量能较健康；当日未明显追高,无明显额外扣分,0.0,禁止追入/暂时回避,1
600176,中国巨石,自动发现,今日自动发现,38.36,-0.88,38.7,40.75,37.92,38.7,762241.0,4.9,0.86,20260723150612,0.15547703180211944,-5.865030674846627,1.1603375527426074,-0.8785529715762408,,C,50.0,-0.88,47.76,43.57,0.0,8.0,事件风险+8,False,0.0,0,近期业绩公告：中国巨石:中国巨石2026年半年度业绩预增公告,8.0,False,False,回避,当前无优势,43.57,0,未知,43.57,D,量能较健康；当日未明显追高,无明显额外扣分,0.0,禁止追入/暂时回避,1
688525,佰维存储,自动发现,今日自动发现,250.41,0.86,255.0,262.5,248.0,248.28,782087.0,6.53,0.65,20260723150612,0.1662068965517239,-4.60571428571429,0.9717741935483915,-1.8000000000000016,,C,50.0,0.86,47.79,42.69,0.0,16.0,事件风险+8；距日内高点较远,False,0.0,0,近期业绩公告：佰维存储:2026年半年度业绩预告的自愿性披露公告,8.0,False,False,回避,当前无优势,42.69,0,未知,42.69,D,当日未明显追高,冲高回落,0.0,禁止追入/暂时回避,1
603629,利通电子,自动发现,今日自动发现,120.68,1.98,125.34,130.17,119.33,118.34,813154.0,17.97,2.0,20260723150612,0.12453874538745478,-7.290466313282618,1.1313165172211592,-3.7178873464177364,,C,50.0,1.98,23.82,42.22,0.0,60.0,事件风险+32；换手率偏高；开盘后显著走弱；距日内高点较远,False,0.0,0,风险公告：利通电子:利通电子控股股东、实际控制人关于公司股票交易异常波动问询函的回复；近期业绩公告：利通电子:利通电子2026年半年度业绩预增公告,32.0,False,False,回避,当前无优势,42.22,0,未知,42.22,D,明显强于行业；量能较健康；当日未明显追高,爆雷指数偏高；冲高回落,0.0,禁止追入/暂时回避,1
300759,康龙化成,自动发现,今日自动发现,39.0,-1.91,39.27,40.05,38.07,39.76,321308.0,5.81,0.67,20260723150600,0.4696969696969703,-2.621722846441943,2.4428684003152012,-0.6875477463712865,,C,50.0,-1.91,47.01,41.73,0.0,8.0,事件风险+8,False,0.0,0,近期业绩公告：康龙化成:2026年半年度业绩预告,8.0,False,False,回避,当前无优势,41.73,0,未知,41.73,D,当日未明显追高,弱于行业,0.0,禁止追入/暂时回避,1
000657,中钨高新,自动发现,今日自动发现,57.75,-0.62,58.8,59.4,56.9,58.11,282328.0,3.35,0.68,20260723150600,0.3400000000000006,-2.777777777777779,1.493848857644986,-1.7857142857142794,,C,50.0,-0.62,46.9,41.49,0.0,8.0,事件风险+8,False,0.0,0,近期业绩公告：中钨高新:2026年半年度业绩预告,8.0,False,False,回避,当前无优势,41.49,0,未知,41.49,D,当日未明显追高,无明显额外扣分,0.0,禁止追入/暂时回避,1
002396,星网锐捷,自动发现,今日自动发现,33.93,-1.91,35.26,36.98,32.5,34.59,599226.0,22.93,0.85,20260723150600,0.3191964285714287,-8.24770146024878,4.400000000000004,-3.771979580260909,,C,50.0,-1.91,55.56,41.15,0.0,10.0,换手率偏高,False,0.0,0,,0.0,False,False,回避,当前无优势,41.15,0,未知,41.15,D,量能较健康；当日未明显追高,弱于行业,0.0,禁止追入/暂时回避,1
300433,蓝思科技,自动发现,今日自动发现,36.58,-0.6,37.27,38.48,36.03,36.8,330705.0,1.8,0.65,20260723150600,0.22448979591836657,-4.937629937629939,1.5265056897030282,-1.8513549771934645,,C,50.0,-0.6,55.04,41.06,0.0,0.0,,False,0.0,0,,0.0,False,False,回避,当前无优势,41.06,0,未知,41.06,D,当日未明显追高,无明显额外扣分,0.0,禁止追入/暂时回避,1
300458,全志科技,自动发现,今日自动发现,40.23,-3.55,41.52,41.85,39.3,41.71,439714.0,13.38,0.96,20260723150600,0.36470588235294044,-3.8709677419354938,2.366412213740454,-3.106936416184991,,C,50.0,-3.55,55.29,38.29,0.0,0.0,,False,0.0,0,,0.0,False,False,回避,当前无优势,38.29,0,未知,38.29,D,量能较健康；当日未明显追高,弱于行业,0.0,禁止追入/暂时回避,1
300476,胜宏科技,自动发现,今日自动发现,238.93,-0.61,247.0,249.8,236.99,240.4,654499.0,3.11,0.67,20260723150600,0.15144418423106928,-4.351481184947959,0.8185999409257683,-3.267206477732787,,C,50.0,-0.61,55.63,37.92,0.0,0.0,,False,0.0,0,,0.0,False,False,回避,当前无优势,37.92,0,未知,37.92,D,当日未明显追高,无明显额外扣分,0.0,禁止追入/暂时回避,1
000988,华工科技,自动发现,今日自动发现,111.91,-1.41,113.9,117.0,111.19,113.51,535417.0,4.69,0.62,20260723150600,0.12392426850258151,-4.3504273504273545,0.6475402464250379,-1.7471466198419772,,C,50.0,-1.41,55.46,37.3,0.0,0.0,,False,0.0,0,,0.0,False,False,回避,当前无优势,37.3,0,未知,37.3,D,当日未明显追高,弱于行业,0.0,禁止追入/暂时回避,1
688048,长光华芯,自动发现,今日自动发现,293.04,-2.33,307.5,329.6,284.57,300.03,435473.0,8.1,0.85,20260723150610,0.1880968243393298,-11.09223300970874,2.9764205643602715,-4.702439024390237,,C,50.0,-2.33,55.28,36.36,0.0,0.0,,False,0.0,0,,0.0,False,False,回避,当前无优势,36.36,0,未知,36.36,D,量能较健康；当日未明显追高,弱于行业,0.0,禁止追入/暂时回避,1
002281,光迅科技,自动发现,今日自动发现,190.47,-0.75,196.12,202.0,188.0,191.9,787243.0,5.21,0.77,20260723150600,0.17642857142857135,-5.7079207920792125,1.3138297872340443,-2.880889251478691,,C,50.0,-0.75,20.79,36.14,0.0,35.0,事件风险+35,False,0.0,0,解禁风险：光迅科技:武汉光迅科技股份有限公司关于2022年限制性股票激励计划首次授予的限制性股票第二个解除限售期解除限售条件成就的公告；解禁风险：光迅科技:北京市嘉源律师事务所关于武汉光迅科技股份有限公司2022年限制性股票激励计划首次授予的限制性股票第二个解除限售期解除限售条件成就相关事项的法律意见书；近期业绩公告：光迅科技:武汉光迅科技股份有限公司2026年半年度业绩预告,35.0,False,False,回避,当前无优势,36.14,0,未知,36.14,D,当日未明显追高,无明显额外扣分,0.0,禁止追入/暂时回避,1
301217,铜冠铜箔,自动发现,今日自动发现,93.18,-2.29,96.16,99.98,92.35,95.36,375323.0,4.73,0.79,20260723150600,0.10878112712975248,-6.8013602720544135,0.898754737412033,-3.099001663893497,,C,50.0,-2.29,47.15,35.67,0.0,8.0,事件风险+8,False,0.0,0,近期业绩公告：铜冠铜箔:2026年半年度业绩预告,8.0,False,False,回避,当前无优势,35.67,0,未知,35.67,D,当日未明显追高,弱于行业,0.0,禁止追入/暂时回避,1
688981,中芯国际,晶圆制造,核心池,145.09,-6.75,157.0,157.49,143.56,155.59,1109456.0,3.74,0.79,20260723150612,0.10983488872936112,-7.8735157787796055,1.0657564781276108,-7.5859872611464985,半导体ETF,E,14.8,-2.76,68.09,20.42,56.68,65.0,当日大跌，进入风险观察；所属ETF为E级,False,0.0,0,,0.0,False,False,爆雷禁买,爆雷指数超过阈值，禁止追入,56.68,0,退潮,35.0,D,当日未明显追高；基础质量得分较好,爆雷指数偏高；弱于行业；所属行业偏弱；板块处于退潮阶段,0.0,禁止追入/暂时回避,1
600276,恒瑞医药,创新药,核心池,54.91,-0.87,55.39,55.75,53.9,55.39,437785.0,1.25,0.75,20260723150612,0.5459459459459445,-1.5067264573991102,1.873840445269015,-0.8665824155984936,医疗ETF,D,33.21,-0.26,67.28,54.0,0.0,20.0,所属ETF为D级,False,0.0,0,,0.0,False,False,行业禁买,医疗ETF为D级，停止新增,54.0,1,退潮,35.0,D,当日未明显追高；基础质量得分较好,所属行业偏弱；板块处于退潮阶段,0.0,禁止追入/暂时回避,1
601088,中国神华,煤炭,核心池,45.32,-0.26,45.4,45.7,44.67,45.44,142140.0,0.19,0.64,20260723150612,0.6310679611650465,-0.8315098468271387,1.4551152899037412,-0.17621145374449032,煤炭ETF,D,43.94,-1.4,58.31,50.54,0.0,28.0,事件风险+8；所属ETF为D级,False,0.0,0,近期业绩公告：中国神华:中国神华2026年上半年业绩预告,8.0,False,False,行业禁买,煤炭ETF为D级，停止新增,50.54,1,震荡,35.0,D,当日未明显追高,弱于行业；所属行业偏弱,0.0,禁止追入/暂时回避,1
688256,寒武纪,国产AI芯片,核心池,1249.0,-4.66,1336.0,1336.0,1233.0,1310.0,1375846.0,1.73,0.71,20260723150612,0.1553398058252427,-6.511976047904189,1.2976480129764711,-6.511976047904189,科创芯片ETF,E,14.15,-0.67,68.28,23.69,50.32,35.0,所属ETF为E级,False,0.0,0,,0.0,False,False,行业禁买,科创芯片ETF为E级，停止新增,50.32,1,退潮,35.0,D,当日未明显追高；基础质量得分较好,所属行业偏弱；板块处于退潮阶段,0.0,禁止追入/暂时回避,1
002636,金安国纪,自动发现,今日自动发现,63.1,-5.04,67.78,70.15,62.48,66.45,408129.0,8.54,1.13,20260723150545,0.08083441981747116,-10.049893086243767,0.9923175416133301,-6.90469164945412,,C,50.0,-5.04,20.22,16.96,50.23,100.0,重大明确利空；事件风险+35；当日大跌，进入风险观察,False,0.0,0,业绩窗口大跌，疑似明显不及预期：金安国纪:2026年半年度业绩预告,35.0,True,False,消息面禁买,重大事件或消息面无法确认；禁止新增，若持有则优先控制风险,50.23,-1,未知,35.0,D,量能较健康；当日未明显追高,爆雷指数偏高；弱于行业,0.0,禁止追入/暂时回避,1
688012,中微公司,半导体设备,核心池,375.2,-4.53,398.97,399.0,367.0,392.99,996117.0,2.79,0.71,20260723150612,0.25624999999999964,-5.964912280701762,2.2343324250681196,-5.95784144171242,半导体ETF,E,14.8,-0.54,68.0,26.74,50.01,35.0,所属ETF为E级,False,0.0,0,,0.0,False,False,行业禁买,半导体ETF为E级，停止新增,50.01,1,退潮,35.0,D,当日未明显追高；基础质量得分较好,所属行业偏弱；板块处于退潮阶段,0.0,禁止追入/暂时回避,1
301526,国际复材,自动发现,今日自动发现,26.71,-2.13,27.78,29.2,26.51,27.29,368821.0,9.54,0.75,20260723150600,0.07434944237918195,-8.527397260273972,0.7544322897020006,-3.8516918646508302,,C,50.0,-2.13,47.13,34.47,0.0,8.0,事件风险+8,False,0.0,0,近期业绩公告：国际复材:2026年半年度业绩预告,8.0,False,False,回避,当前无优势,34.47,0,未知,34.47,D,当日未明显追高,弱于行业,0.0,禁止追入/暂时回避,1
688041,海光信息,国产AI芯片,核心池,312.0,-5.91,334.82,335.35,310.18,331.6,818711.0,1.1,0.73,20260723150612,0.07230830353595519,-6.962874608617864,0.5867560771165126,-6.815602413236965,科创芯片ETF,E,14.15,-1.92,32.83,11.28,48.4,100.0,重大明确利空；事件风险+35；当日大跌，进入风险观察；所属ETF为E级,False,0.0,0,业绩窗口大跌，疑似明显不及预期：海光信息:海光信息技术股份有限公司关于2026年半年度业绩预告的自愿性披露公告,35.0,True,False,消息面禁买,重大事件或消息面无法确认；禁止新增，若持有则优先控制风险,48.4,-1,退潮,34.4,D,当日未明显追高,爆雷指数偏高；弱于行业；所属行业偏弱；板块处于退潮阶段,0.0,禁止追入/暂时回避,1
300209,行云科技,自动发现,今日自动发现,28.05,-2.26,29.61,31.88,27.69,28.7,382974.0,17.55,1.23,20260723150600,0.08591885441527437,-12.013801756587196,1.300108342361872,-5.2684903748733465,,C,50.0,-2.26,55.17,33.97,0.0,10.0,换手率偏高,False,0.0,0,,0.0,False,False,回避,当前无优势,33.97,0,未知,33.97,D,量能较健康；当日未明显追高,弱于行业,0.0,禁止追入/暂时回避,1
000021,深科技,自动发现,今日自动发现,39.09,-2.81,40.26,40.86,38.58,40.22,526104.0,8.46,0.74,20260723150600,0.22368421052631793,-4.331864904552118,1.3219284603421588,-2.9061102831594465,,C,50.0,-2.81,55.44,33.57,0.0,0.0,,False,0.0,0,,0.0,False,False,回避,当前无优势,33.57,0,未知,33.57,D,当日未明显追高,弱于行业,0.0,禁止追入/暂时回避,1
603228,景旺电子,自动发现,今日自动发现,73.79,-3.14,76.0,79.0,72.01,76.18,335612.0,4.54,0.65,20260723150610,0.25464949928469277,-6.594936708860755,2.4718789057075474,-2.907894736842098,,C,50.0,-3.14,55.05,33.12,0.0,0.0,,False,0.0,0,,0.0,False,False,回避,当前无优势,33.12,0,未知,33.12,D,当日未明显追高,弱于行业,0.0,禁止追入/暂时回避,1
601869,长飞光纤,自动发现,今日自动发现,356.12,-2.71,366.8,377.05,350.0,366.05,458450.0,3.11,0.66,20260723150610,0.2262476894639557,-5.550987932634932,1.7485714285714327,-2.9116684841875684,,C,50.0,-2.71,47.32,32.26,0.0,8.0,事件风险+8,False,0.0,0,近期业绩公告：长飞光纤:长飞光纤光缆股份有限公司2026年半年度业绩预增公告,8.0,False,False,回避,当前无优势,32.26,0,未知,32.26,D,当日未明显追高,弱于行业,0.0,禁止追入/暂时回避,1
000977,浪潮信息,自动发现,今日自动发现,87.96,-2.77,93.0,96.37,87.36,90.47,1456700.0,10.86,0.94,20260723150600,0.06659267480577069,-8.726782193628734,0.6868131868131844,-5.419354838709689,,C,50.0,-2.77,56.33,32.25,0.0,0.0,,False,0.0,0,,0.0,False,False,回避,当前无优势,32.25,0,未知,32.25,D,量能较健康；当日未明显追高,弱于行业,0.0,禁止追入/暂时回避,1
000063,中兴通讯,自动发现,今日自动发现,35.92,-4.21,37.01,37.55,35.81,37.5,1034489.0,7.04,0.82,20260723150600,0.06321839080459755,-4.340878828229011,0.3071767662664149,-2.9451499594704056,,C,50.0,-4.21,56.03,31.57,0.0,0.0,,False,0.0,0,,0.0,False,False,回避,当前无优势,31.57,0,未知,31.57,D,量能较健康；当日未明显追高,弱于行业,0.0,禁止追入/暂时回避,1
300308,中际旭创,光模块/CPO,核心池,1072.52,1.1,1089.54,1115.0,1060.0,1060.8,2955823.0,2.46,0.63,20260723150600,0.2276363636363633,-3.809865470852014,1.1811320754717025,-1.5621271362226241,通信ETF,D,38.59,1.1,68.94,45.11,0.0,20.0,所属ETF为D级,False,0.0,0,,0.0,False,False,行业禁买,通信ETF为D级，停止新增,45.11,1,退潮,31.11,D,当日未明显追高；基础质量得分较好,冲高回落；所属行业偏弱；板块处于退潮阶段,0.0,禁止追入/暂时回避,1
600183,生益科技,自动发现,今日自动发现,125.1,-0.71,129.0,134.21,123.8,126.0,782331.0,2.53,0.74,20260723150612,0.12487992315081611,-6.787869756351994,1.050080775444262,-3.023255813953496,,C,50.0,-0.71,20.79,30.55,0.0,35.0,事件风险+35,False,0.0,0,解禁风险：生益科技:生益科技关于2024年度限制性股票激励计划第二个解除限售期解除限售暨上市的公告；解禁风险：生益科技:北京市康达(广州)律师事务所关于生益科技2024年度限制性股票激励计划第二个解除限售期解除限售条件成就的法律意见书；近期业绩公告：生益科技:生益科技2026年半年度业绩预增公告,35.0,False,False,回避,当前无优势,30.55,0,未知,30.55,D,当日未明显追高,无明显额外扣分,0.0,禁止追入/暂时回避,1
300475,香农芯创,自动发现,今日自动发现,163.02,-2.15,172.04,172.8,161.83,166.6,426440.0,5.72,0.57,20260723150600,0.10847766636280746,-5.659722222222219,0.7353395538528096,-5.242966751918143,,C,50.0,-2.15,55.26,30.12,0.0,0.0,,False,0.0,0,,0.0,False,False,回避,当前无优势,30.12,0,未知,30.12,D,当日未明显追高,弱于行业,0.0,禁止追入/暂时回避,1
301308,江波龙,自动发现,今日自动发现,375.85,-3.24,394.01,397.8,372.43,388.45,634521.0,5.88,0.74,20260723150600,0.1348048876625942,-5.5178481649069795,0.918293370566281,-4.609020075632586,,C,50.0,-3.24,55.6,28.51,0.0,0.0,,False,0.0,0,,0.0,False,False,回避,当前无优势,28.51,0,未知,28.51,D,当日未明显追高,弱于行业,0.0,禁止追入/暂时回避,1
603019,中科曙光,自动发现,今日自动发现,97.82,-4.24,103.6,104.14,97.16,102.15,882965.0,6.03,0.85,20260723150610,0.0945558739255009,-6.0687536009218395,0.6792918896665334,-5.579150579150582,,C,50.0,-4.24,55.89,28.37,0.0,0.0,,False,0.0,0,,0.0,False,False,回避,当前无优势,28.37,0,未知,28.37,D,量能较健康；当日未明显追高,弱于行业,0.0,禁止追入/暂时回避,1
600667,太极实业,自动发现,今日自动发现,16.23,-2.76,16.98,17.27,16.13,16.69,373985.0,10.75,0.79,20260723150611,0.08771929824561524,-6.022003474232774,0.619962802231866,-4.416961130742047,,C,50.0,-2.76,23.15,27.39,0.0,32.0,事件风险+32,False,0.0,0,风险公告：太极实业:关于累计诉讼、仲裁事项的公告,32.0,False,False,回避,当前无优势,27.39,0,未知,27.39,D,当日未明显追高,弱于行业,0.0,禁止追入/暂时回避,1
002371,北方华创,半导体设备,核心池,740.0,-3.14,764.77,769.0,723.0,764.0,1013941.0,1.88,0.8,20260723150600,0.3695652173913043,-3.771131339401823,2.3513139695712226,-3.238882278332045,半导体ETF,E,14.8,0.85,68.01,40.91,0.0,35.0,所属ETF为E级,False,0.0,0,,0.0,False,False,行业禁买,半导体ETF为E级，停止新增,40.91,1,退潮,26.91,D,量能较健康；当日未明显追高；基础质量得分较好,所属行业偏弱；板块处于退潮阶段,0.0,禁止追入/暂时回避,1
603986,兆易创新,自动发现,今日自动发现,451.96,-3.84,480.0,483.16,444.22,470.0,2166988.0,7.05,0.69,20260723150612,0.1987673343605535,-6.457488202665795,1.7423799018504216,-5.841666666666667,,C,50.0,-3.84,56.67,26.49,0.0,0.0,,False,0.0,0,,0.0,False,False,回避,当前无优势,26.49,0,未知,26.49,D,当日未明显追高,弱于行业,0.0,禁止追入/暂时回避,1
002916,深南电路,PCB,核心池,337.47,-0.15,344.06,351.5,334.0,337.98,311775.0,1.37,0.64,20260723150600,0.19828571428571584,-3.991465149359874,1.0389221556886374,-1.9153635993721996,通信ETF,D,38.59,-0.15,58.99,38.67,0.0,28.0,事件风险+8；所属ETF为D级,False,0.0,0,近期业绩公告：深南电路:2026年半年度业绩预告,8.0,False,False,行业禁买,通信ETF为D级，停止新增,38.67,1,退潮,24.67,D,当日未明显追高,所属行业偏弱；板块处于退潮阶段,0.0,禁止追入/暂时回避,1
300666,江丰电子,自动发现,今日自动发现,227.79,-3.1,239.79,240.99,223.39,235.08,371155.0,7.29,0.58,20260723150530,0.25,-5.477405701481397,1.9696494919199559,-5.00437883147754,,C,50.0,-3.1,20.14,23.28,0.0,35.0,事件风险+35,False,0.0,0,业绩窗口显著下跌，存在预期差：江丰电子:2026年半年度业绩预告,35.0,False,False,回避,当前无优势,23.28,0,未知,23.28,D,当日未明显追高,弱于行业,0.0,禁止追入/暂时回避,1
300223,北京君正,自动发现,今日自动发现,151.76,-3.84,161.03,163.77,150.0,157.82,555172.0,8.48,0.76,20260723150600,0.12781408859840157,-7.333455455822202,1.1733333333333373,-5.75669129975781,,C,50.0,-3.84,20.49,22.73,0.0,35.0,事件风险+35,False,0.0,0,业绩窗口显著下跌，存在预期差：北京君正:2026年半年度业绩预告,35.0,False,False,回避,当前无优势,22.73,0,未知,22.73,D,当日未明显追高,弱于行业,0.0,禁止追入/暂时回避,1
300857,协创数据,自动发现,今日自动发现,240.88,-4.01,255.01,261.67,238.24,250.94,713231.0,5.88,0.96,20260723150545,0.11267605633802755,-7.945121718194681,1.1081262592343766,-5.540959178071447,,C,50.0,-4.01,20.71,22.34,0.0,35.0,事件风险+35,False,0.0,0,业绩窗口显著下跌，存在预期差：协创数据:2026年半年度业绩预告,35.0,False,False,回避,当前无优势,22.34,0,未知,22.34,D,量能较健康；当日未明显追高,弱于行业,0.0,禁止追入/暂时回避,1
002185,华天科技,自动发现,今日自动发现,17.69,-3.96,18.55,18.72,17.42,18.42,746461.0,12.54,0.73,20260723150600,0.20769230769230781,-5.502136752136744,1.5499425947187007,-4.636118598382744,,C,50.0,-3.96,20.75,20.79,0.0,35.0,事件风险+35,False,0.0,0,业绩窗口显著下跌，存在预期差：华天科技:2026年半年度业绩预告,35.0,False,False,回避,当前无优势,20.79,0,未知,20.79,D,当日未明显追高,弱于行业,0.0,禁止追入/暂时回避,1
300502,新易盛,光模块/CPO,核心池,497.3,-2.26,517.72,523.83,493.36,508.8,2242922.0,3.53,0.68,20260723150600,0.12930751558910383,-5.064620201210324,0.7986054807848308,-3.944216951247781,通信ETF,D,38.59,-2.26,60.7,29.18,0.0,28.0,事件风险+8；所属ETF为D级,False,0.0,0,近期业绩公告：新易盛:2026年半年度业绩预告,8.0,False,False,行业禁买,通信ETF为D级，停止新增,29.18,1,退潮,15.18,D,当日未明显追高,弱于行业；所属行业偏弱；板块处于退潮阶段,0.0,禁止追入/暂时回避,1
300394,天孚通信,光模块/CPO,核心池,212.09,-2.55,222.01,224.0,210.53,217.63,619327.0,2.64,0.58,20260723150600,0.11581291759465497,-5.316964285714287,0.7409870327269363,-4.468267195171382,通信ETF,D,38.59,-2.55,59.58,27.2,0.0,28.0,事件风险+8；所属ETF为D级,False,0.0,0,近期业绩公告：天孚通信:2026年半年度业绩预告,8.0,False,False,行业禁买,通信ETF为D级，停止新增,27.2,1,退潮,13.2,D,当日未明显追高,弱于行业；所属行业偏弱；板块处于退潮阶段,0.0,禁止追入/暂时回避,1
