code,name,sector,source,price,pct,open,high,low,pre_close,amount,turnover,volume_ratio,quote_time,close_location,high_dist,low_rebound,price_vs_open,etf_name,etf_grade,etf_score,relative_strength,quality_score,quick_profit_score,oversold_score,explosion_index,explosion_reason,held,cost,position_pnl,event_note,event_risk_value,event_hard_veto,event_unknown,signal,action,final_score,priority,life_stage,coach_score,candidate_grade,recommend_reasons,deduct_reasons,human_adjust,coach_action,coach_priority
002008,大族激光,自动发现,今日自动发现,99.0,4.49,95.07,99.49,93.7,94.75,414255.0,4.46,0.96,20260814151930,0.9153713298791026,-0.4925118102321768,5.6563500533617805,4.133796150205127,,C,50.0,4.49,55.23,85.76,0.0,0.0,,False,0.0,0,,0.0,False,False,回避,当前无优势,85.76,0,未知,88.76,A,明显强于行业；价格接近日内强势区；量能较健康；开盘后仍有承接；当日未明显追高；市场总体风险较低,无明显额外扣分,0.0,一级候选：消息面已确认无硬雷；尾盘不急拉时仅1手,5
300394,天孚通信,光模块/CPO,核心池,267.71,4.1,262.01,267.71,252.0,257.16,1373499.0,4.82,1.02,20260814151915,1.0,0.0,6.234126984126975,2.175489485134152,通信ETF,S,93.75,0.5,68.28,91.01,0.0,0.0,,False,0.0,0,,0.0,False,False,快吃肉候选,仅小仓1手；尾盘确认且不得急拉追入,91.01,10,高潮,88.01,A,所属ETF强；价格接近日内强势区；量能较健康；开盘后仍有承接；当日未明显追高；基础质量得分较好,板块可能处于高潮,0.0,一级候选：消息面已确认无硬雷；尾盘不急拉时仅1手,5
600498,烽火通信,自动发现,今日自动发现,40.9,4.68,39.41,41.28,39.02,39.07,428353.0,8.37,1.22,20260814151930,0.8318584070796448,-0.9205426356589164,4.818042029728331,3.7807663029687966,,C,50.0,4.68,55.26,84.35,0.0,0.0,,False,0.0,0,,0.0,False,False,回避,当前无优势,84.35,0,未知,87.35,A,明显强于行业；价格接近日内强势区；量能较健康；开盘后仍有承接；市场总体风险较低,无明显额外扣分,0.0,一级候选：消息面已确认无硬雷；尾盘不急拉时仅1手,5
300390,天华新能,自动发现,今日自动发现,67.27,4.77,64.83,68.0,64.83,64.21,285384.0,6.38,1.07,20260814151930,0.7697160883280746,-1.0735294117647065,3.7636896498534522,3.7636896498534522,,C,50.0,4.77,54.91,83.42,0.0,0.0,,False,0.0,0,,0.0,False,False,回避,当前无优势,83.42,0,未知,86.42,A,明显强于行业；价格接近日内强势区；量能较健康；开盘后仍有承接；市场总体风险较低,无明显额外扣分,0.0,一级候选：消息面已确认无硬雷；尾盘不急拉时仅1手,5
601088,中国神华,煤炭,核心池,44.72,0.86,44.22,44.93,43.82,44.34,98190.0,0.13,0.83,20260814151930,0.81081081081081,-0.46739372356999764,2.053856686444533,1.1307100859339725,煤炭ETF,S,84.67,-0.75,65.98,79.27,0.0,0.0,,False,0.0,0,,0.0,False,False,快吃肉候选,仅小仓1手；尾盘确认且不得急拉追入,79.27,10,发酵,86.27,A,所属ETF强；价格接近日内强势区；量能较健康；开盘后仍有承接；当日未明显追高；基础质量得分较好,无明显额外扣分,0.0,一级候选：消息面已确认无硬雷；尾盘不急拉时仅1手,5
600111,北方稀土,自动发现,今日自动发现,42.66,4.0,41.02,42.98,41.02,41.02,448033.0,2.93,1.24,20260814151930,0.8367346938775504,-0.7445323406235493,3.9980497318381047,3.9980497318381047,,C,50.0,4.0,55.3,82.86,0.0,0.0,,False,0.0,0,,0.0,False,False,回避,当前无优势,82.86,0,未知,85.86,A,明显强于行业；价格接近日内强势区；量能较健康；开盘后仍有承接；当日未明显追高；市场总体风险较低,无明显额外扣分,0.0,一级候选：消息面已确认无硬雷；尾盘不急拉时仅1手,5
002491,通鼎互联,自动发现,今日自动发现,19.65,3.75,18.82,19.95,18.06,18.94,553924.0,24.89,1.71,20260814151930,0.841269841269841,-1.5037593984962405,8.803986710963452,4.410201912858658,,C,50.0,3.75,55.49,82.86,0.0,10.0,换手率偏高,False,0.0,0,,0.0,False,False,回避,当前无优势,82.86,0,未知,85.86,A,明显强于行业；价格接近日内强势区；量能较健康；开盘后仍有承接；当日未明显追高；市场总体风险较低,无明显额外扣分,0.0,一级候选：消息面已确认无硬雷；尾盘不急拉时仅1手,5
300661,圣邦股份,自动发现,今日自动发现,123.0,3.62,119.0,123.8,117.0,118.7,240994.0,3.3,1.33,20260814151900,0.882352941176471,-0.6462035541195399,5.128205128205132,3.3613445378151363,,C,50.0,3.62,54.76,81.63,0.0,0.0,,False,0.0,0,,0.0,False,False,回避,当前无优势,81.63,0,未知,84.63,A,明显强于行业；价格接近日内强势区；量能较健康；开盘后仍有承接；当日未明显追高；市场总体风险较低,无明显额外扣分,0.0,一级候选：消息面已确认无硬雷；尾盘不急拉时仅1手,5
300418,昆仑万维,自动发现,今日自动发现,43.62,3.44,42.49,43.83,41.61,42.17,274541.0,5.48,0.96,20260814151915,0.9054054054054049,-0.479123887748123,4.8305695746214905,2.659449282184023,,C,50.0,3.44,54.88,80.59,0.0,0.0,,False,0.0,0,,0.0,False,False,回避,当前无优势,80.59,0,未知,83.59,A,明显强于行业；价格接近日内强势区；量能较健康；开盘后仍有承接；当日未明显追高；市场总体风险较低,无明显额外扣分,0.0,一级候选：消息面已确认无硬雷；尾盘不急拉时仅1手,5
300502,新易盛,光模块/CPO,核心池,448.08,4.23,435.51,449.97,426.5,429.9,1715153.0,3.09,0.74,20260814151915,0.9194716659565385,-0.4200280018668012,5.059788980070334,2.886271268168361,通信ETF,S,93.75,0.63,68.47,86.38,0.0,0.0,,False,0.0,0,,0.0,False,False,快吃肉候选,仅小仓1手；尾盘确认且不得急拉追入,86.38,10,高潮,83.38,A,所属ETF强；价格接近日内强势区；开盘后仍有承接；当日未明显追高；基础质量得分较好；市场总体风险较低,板块可能处于高潮,0.0,一级候选：消息面已确认无硬雷；尾盘不急拉时仅1手,5
688825,长鑫科技,自动发现,今日自动发现,55.18,4.35,54.49,55.38,54.2,52.88,1986192.0,8.04,0.79,20260814151930,0.8305084745762688,-0.3611412062116348,1.8081180811807984,1.2662873921820417,,C,50.0,4.35,56.6,80.21,0.0,0.0,,False,0.0,0,,0.0,False,False,回避,当前无优势,80.21,0,未知,83.21,A,明显强于行业；价格接近日内强势区；开盘后仍有承接；当日未明显追高；市场总体风险较低,无明显额外扣分,0.0,一级候选：消息面已确认无硬雷；尾盘不急拉时仅1手,5
688048,长光华芯,自动发现,今日自动发现,312.0,3.69,303.57,315.62,295.0,300.91,305324.0,5.64,0.75,20260814151930,0.824442289039767,-1.1469488625562407,5.762711864406778,2.7769542444905593,,C,50.0,3.69,54.97,80.04,0.0,0.0,,False,0.0,0,,0.0,False,False,回避,当前无优势,80.04,0,未知,83.04,A,明显强于行业；价格接近日内强势区；开盘后仍有承接；当日未明显追高；市场总体风险较低,无明显额外扣分,0.0,一级候选：消息面已确认无硬雷；尾盘不急拉时仅1手,5
300442,润泽科技,自动发现,今日自动发现,70.9,3.43,69.0,71.5,67.7,68.55,352606.0,3.09,1.4,20260814151915,0.8421052631578961,-0.8391608391608352,4.726735598227472,2.753623188405796,,C,50.0,3.43,55.09,79.63,0.0,0.0,,False,0.0,0,,0.0,False,False,回避,当前无优势,79.63,0,未知,82.63,A,明显强于行业；价格接近日内强势区；量能较健康；开盘后仍有承接；当日未明显追高；市场总体风险较低,无明显额外扣分,0.0,一级候选：消息面已确认无硬雷；尾盘不急拉时仅1手,5
601138,工业富联,AI服务器,核心池,66.19,1.47,65.6,66.48,64.8,65.23,703474.0,0.54,0.73,20260814151930,0.8273809523809493,-0.4362214199759462,2.145061728395059,0.8993902439024426,人工智能ETF,S,83.23,0.16,59.69,75.4,0.0,8.0,事件风险+8,False,0.0,0,近期业绩公告：工业富联:富士康工业互联网股份有限公司2026年半年度报告摘要；近期业绩公告：工业富联:富士康工业互联网股份有限公司2026年半年度报告,8.0,False,False,快吃肉候选,仅小仓1手；尾盘确认且不得急拉追入,75.4,10,发酵,82.4,A,所属ETF强；价格接近日内强势区；开盘后仍有承接；当日未明显追高；板块处于发酵阶段；市场总体风险较低,无明显额外扣分,0.0,一级候选：消息面已确认无硬雷；尾盘不急拉时仅1手,5
600176,中国巨石,自动发现,今日自动发现,44.39,5.94,42.4,44.62,41.9,41.9,1217301.0,7.01,1.02,20260814151930,0.9154411764705893,-0.5154639175257714,5.942720763723153,4.693396226415092,,C,50.0,5.94,48.17,89.13,0.0,8.0,事件风险+8,False,0.0,0,近期业绩公告：中国巨石:中国巨石关于召开2026年半年度业绩说明会的公告,8.0,False,False,回避,当前无优势,89.13,0,未知,82.13,A,明显强于行业；价格接近日内强势区；量能较健康；开盘后仍有承接；市场总体风险较低,接近追高区；人工设置禁止追高,0.0,一级候选：消息面已确认无硬雷；尾盘不急拉时仅1手,5
600988,赤峰黄金,自动发现,今日自动发现,39.78,2.9,37.67,39.99,37.5,38.66,217671.0,3.35,0.65,20260814151930,0.9156626506024094,-0.5251312828207122,6.0799999999999965,5.601274223520036,,C,50.0,2.9,54.68,78.69,0.0,0.0,,False,0.0,0,,0.0,False,False,回避,当前无优势,78.69,0,未知,81.69,A,明显强于行业；价格接近日内强势区；开盘后仍有承接；当日未明显追高；市场总体风险较低,无明显额外扣分,0.0,一级候选：消息面已确认无硬雷；尾盘不急拉时仅1手,5
300223,君正股份,自动发现,今日自动发现,143.62,4.47,141.51,144.95,140.21,137.48,496027.0,8.21,0.92,20260814151915,0.7194092827004241,-0.9175577785443201,2.432066186434634,1.4910607024238631,,C,50.0,4.47,55.39,78.67,0.0,0.0,,False,0.0,0,,0.0,False,False,回避,当前无优势,78.67,0,未知,81.67,A,明显强于行业；量能较健康；开盘后仍有承接；当日未明显追高；市场总体风险较低,无明显额外扣分,0.0,一级候选：消息面已确认无硬雷；尾盘不急拉时仅1手,5
300433,蓝思科技,自动发现,今日自动发现,35.74,3.15,35.16,35.85,34.72,34.65,332510.0,1.89,0.97,20260814151915,0.9026548672566379,-0.30683403068340054,2.937788018433185,1.6496018202502905,,C,50.0,3.15,55.04,78.38,0.0,0.0,,False,0.0,0,,0.0,False,False,回避,当前无优势,78.38,0,未知,81.38,A,明显强于行业；价格接近日内强势区；量能较健康；开盘后仍有承接；当日未明显追高；市场总体风险较低,无明显额外扣分,0.0,一级候选：消息面已确认无硬雷；尾盘不急拉时仅1手,5
000988,华工科技,自动发现,今日自动发现,109.79,2.57,107.51,109.98,106.84,107.04,563378.0,5.16,0.82,20260814151915,0.9394904458598733,-0.17275868339697853,2.7611381505054267,2.120732955073956,,C,50.0,2.57,55.5,78.16,0.0,0.0,,False,0.0,0,,0.0,False,False,回避,当前无优势,78.16,0,未知,81.16,A,明显强于行业；价格接近日内强势区；量能较健康；开盘后仍有承接；当日未明显追高；市场总体风险较低,无明显额外扣分,0.0,一级候选：消息面已确认无硬雷；尾盘不急拉时仅1手,5
688981,中芯国际,晶圆制造,核心池,132.87,2.65,133.99,135.36,129.67,129.44,1028593.0,3.87,1.55,20260814151930,0.5623901581722324,-1.8395390070922057,2.467802884244641,-0.835883274871263,半导体ETF,A,78.18,1.81,68.02,73.8,0.0,0.0,,False,0.0,0,,0.0,False,False,快吃肉候选,仅小仓1手；尾盘确认且不得急拉追入,73.8,10,发酵,80.8,A,所属ETF强；明显强于行业；量能较健康；当日未明显追高；基础质量得分较好；板块处于发酵阶段,无明显额外扣分,0.0,一级候选：消息面已确认无硬雷；尾盘不急拉时仅1手,5
600549,厦门钨业,自动发现,今日自动发现,56.44,3.16,54.72,56.5,54.39,54.71,298560.0,3.44,0.61,20260814151930,0.971563981042653,-0.10619469026549311,3.769075197646621,3.14327485380117,,C,50.0,3.16,54.95,77.05,0.0,0.0,,False,0.0,0,,0.0,False,False,回避,当前无优势,77.05,0,未知,80.05,A,明显强于行业；价格接近日内强势区；开盘后仍有承接；当日未明显追高；市场总体风险较低,无明显额外扣分,0.0,一级候选：消息面已确认无硬雷；尾盘不急拉时仅1手,5
300489,光智科技,自动发现,今日自动发现,252.0,3.86,244.99,254.8,236.0,242.63,255032.0,7.41,0.66,20260814151915,0.8510638297872335,-1.098901098901106,6.779661016949157,2.861341279235874,,C,50.0,3.86,54.81,76.46,0.0,0.0,,False,0.0,0,,0.0,False,False,回避,当前无优势,76.46,0,未知,79.46,A,明显强于行业；价格接近日内强势区；开盘后仍有承接；当日未明显追高；市场总体风险较低,无明显额外扣分,0.0,一级候选：消息面已确认无硬雷；尾盘不急拉时仅1手,5
300857,协创数据,自动发现,今日自动发现,265.99,3.9,260.0,269.96,256.51,256.0,778634.0,6.09,1.34,20260814151845,0.7048327137546488,-1.4705882352941013,3.695762348446463,2.3038461538461563,,C,50.0,3.9,47.78,76.44,0.0,8.0,事件风险+8,False,0.0,0,近期业绩公告：协创数据:2026年半年度报告业绩快报,8.0,False,False,回避,当前无优势,76.44,0,未知,79.44,A,明显强于行业；量能较健康；开盘后仍有承接；当日未明显追高；市场总体风险较低,无明显额外扣分,0.0,一级候选：消息面已确认无硬雷；尾盘不急拉时仅1手,5
002281,光迅科技,自动发现,今日自动发现,191.52,3.61,186.51,193.0,184.0,184.85,745162.0,5.0,0.65,20260814151930,0.8355555555555567,-0.7668393782383376,4.086956521739138,2.6861830464854464,,C,50.0,3.61,55.74,75.44,0.0,0.0,,False,0.0,0,,0.0,False,False,回避,当前无优势,75.44,0,未知,78.44,A,明显强于行业；价格接近日内强势区；开盘后仍有承接；当日未明显追高；市场总体风险较低,无明显额外扣分,0.0,一级候选：消息面已确认无硬雷；尾盘不急拉时仅1手,5
301217,铜冠铜箔,自动发现,今日自动发现,123.05,3.2,119.47,124.09,117.0,119.23,526914.0,5.25,0.69,20260814151915,0.8533145275035253,-0.8381013780320745,5.170940170940175,2.9965681761111584,,C,50.0,3.2,55.44,74.99,0.0,0.0,,False,0.0,0,,0.0,False,False,回避,当前无优势,74.99,0,未知,77.99,A,明显强于行业；价格接近日内强势区；开盘后仍有承接；当日未明显追高；市场总体风险较低,无明显额外扣分,0.0,一级候选：消息面已确认无硬雷；尾盘不急拉时仅1手,5
002371,北方华创,半导体设备,核心池,738.66,0.01,743.84,746.6,728.0,738.6,495156.0,0.93,0.87,20260814151915,0.57311827956989,-1.0634878114117452,1.464285714285718,-0.6963863196386422,半导体ETF,A,78.18,-0.83,67.39,70.45,0.0,0.0,,False,0.0,0,,0.0,False,False,趋势候选,强ETF中的强股；等待回踩后小仓,70.45,9,发酵,77.45,A,所属ETF强；量能较健康；当日未明显追高；基础质量得分较好；板块处于发酵阶段；市场总体风险较低,无明显额外扣分,0.0,一级候选：消息面已确认无硬雷；尾盘不急拉时仅1手,5
601899,紫金矿业,有色金属,核心池,32.53,0.99,31.8,32.66,31.75,32.21,627686.0,0.94,0.63,20260814151930,0.8571428571428616,-0.3980404164114937,2.4566929133858384,2.2955974842767235,有色金属ETF,B,63.75,-0.13,67.6,72.01,0.0,0.0,,False,0.0,0,,0.0,False,False,趋势候选,强ETF中的强股；等待回踩后小仓,72.01,9,启动,77.01,A,价格接近日内强势区；开盘后仍有承接；当日未明显追高；基础质量得分较好；板块处于启动阶段；市场总体风险较低,无明显额外扣分,0.0,一级候选：消息面已确认无硬雷；尾盘不急拉时仅1手,5
688525,佰维存储,自动发现,今日自动发现,242.0,2.97,241.0,243.5,237.18,235.01,602828.0,5.31,0.75,20260814151930,0.762658227848101,-0.6160164271047264,2.0322118222447116,0.4149377593360981,,C,50.0,2.97,55.56,73.83,0.0,0.0,,False,0.0,0,,0.0,False,False,回避,当前无优势,73.83,0,未知,76.83,A,明显强于行业；价格接近日内强势区；开盘后仍有承接；当日未明显追高；市场总体风险较低,无明显额外扣分,0.0,一级候选：消息面已确认无硬雷；尾盘不急拉时仅1手,5
688012,中微公司,半导体设备,核心池,374.85,1.2,377.95,378.0,367.5,370.42,555176.0,1.58,0.56,20260814151930,0.7000000000000022,-0.8333333333333304,2.0000000000000018,-0.820214314062695,半导体ETF,A,78.18,0.36,59.49,69.6,0.0,8.0,事件风险+8,False,0.0,0,近期业绩公告：中微公司:2026年半年度业绩预告的自愿性披露公告,8.0,False,False,趋势候选,强ETF中的强股；等待回踩后小仓,69.6,9,发酵,76.6,A,所属ETF强；当日未明显追高；板块处于发酵阶段；市场总体风险较低,无明显额外扣分,0.0,一级候选：消息面已确认无硬雷；尾盘不急拉时仅1手,5
600330,天通股份,自动发现,今日自动发现,24.98,3.18,24.21,25.6,23.5,24.21,322434.0,10.58,0.9,20260814151930,0.7047619047619045,-2.4218750000000067,6.297872340425537,3.180503923998357,,C,50.0,3.18,55.02,73.43,0.0,0.0,,False,0.0,0,,0.0,False,False,回避,当前无优势,73.43,0,未知,76.43,A,明显强于行业；量能较健康；开盘后仍有承接；当日未明显追高；市场总体风险较低,无明显额外扣分,0.0,一级候选：消息面已确认无硬雷；尾盘不急拉时仅1手,5
603986,兆易创新,自动发现,今日自动发现,417.48,3.21,419.0,421.18,406.55,404.5,1969893.0,7.11,0.84,20260814151930,0.7470950102529057,-0.8784842585118025,2.6884762021891495,-0.3627684964200406,,C,50.0,3.21,56.59,73.36,0.0,0.0,,False,0.0,0,,0.0,False,False,回避,当前无优势,73.36,0,未知,76.36,A,明显强于行业；价格接近日内强势区；量能较健康；当日未明显追高；市场总体风险较低,无明显额外扣分,0.0,一级候选：消息面已确认无硬雷；尾盘不急拉时仅1手,5
002484,江海股份,自动发现,今日自动发现,69.79,4.77,69.01,71.7,66.94,66.61,448757.0,7.84,1.29,20260814151930,0.5987394957983204,-2.6638772663877264,4.257544069315822,1.1302709752209816,,C,50.0,4.77,55.3,73.19,0.0,0.0,,False,0.0,0,,0.0,False,False,回避,当前无优势,73.19,0,未知,76.19,A,明显强于行业；量能较健康；开盘后仍有承接；市场总体风险较低,无明显额外扣分,0.0,一级候选：消息面已确认无硬雷；尾盘不急拉时仅1手,5
002636,金安国纪,自动发现,今日自动发现,67.79,3.37,66.02,68.72,65.11,65.58,355810.0,7.33,0.7,20260814151915,0.7423822714681461,-1.3533178114086053,4.1161111964368,2.681005755831589,,C,50.0,3.37,55.1,73.02,0.0,0.0,,False,0.0,0,,0.0,False,False,回避,当前无优势,73.02,0,未知,76.02,A,明显强于行业；价格接近日内强势区；开盘后仍有承接；当日未明显追高；市场总体风险较低,无明显额外扣分,0.0,一级候选：消息面已确认无硬雷；尾盘不急拉时仅1手,5
002558,巨人网络,自动发现,今日自动发现,28.84,0.95,28.4,28.99,27.32,28.57,241948.0,4.51,1.2,20260814151930,0.9101796407185636,-0.5174197999310071,5.563689604685207,1.5492957746478853,,C,50.0,0.95,54.77,72.24,0.0,0.0,,False,0.0,0,,0.0,False,False,回避,当前无优势,72.24,0,未知,75.24,A,价格接近日内强势区；量能较健康；开盘后仍有承接；当日未明显追高；市场总体风险较低,无明显额外扣分,0.0,一级候选：消息面已确认无硬雷；尾盘不急拉时仅1手,5
601168,西部矿业,自动发现,今日自动发现,37.14,2.31,36.0,37.27,35.78,36.3,252851.0,2.91,0.65,20260814151930,0.9127516778523473,-0.348806010195879,3.8010061486864144,3.166666666666673,,C,50.0,2.31,46.81,72.08,0.0,8.0,事件风险+8,False,0.0,0,近期业绩公告：西部矿业:西部矿业关于召开2026年半年度业绩说明会的公告,8.0,False,False,回避,当前无优势,72.08,0,未知,75.08,A,明显强于行业；价格接近日内强势区；开盘后仍有承接；当日未明显追高；市场总体风险较低,无明显额外扣分,0.0,一级候选：消息面已确认无硬雷；尾盘不急拉时仅1手,5
300308,中际旭创,光模块/CPO,核心池,943.0,2.38,930.0,948.77,916.0,921.04,1869099.0,1.8,0.49,20260814151845,0.8239243210253285,-0.6081558228021477,2.9475982532751077,1.3978494623655857,通信ETF,S,93.75,-1.22,68.54,77.57,0.0,0.0,,False,0.0,0,,0.0,False,False,快吃肉候选,仅小仓1手；尾盘确认且不得急拉追入,77.57,10,高潮,74.57,A,所属ETF强；价格接近日内强势区；开盘后仍有承接；当日未明显追高；基础质量得分较好；市场总体风险较低,弱于行业；板块可能处于高潮,0.0,一级候选：消息面已确认无硬雷；尾盘不急拉时仅1手,5
300209,行云科技,自动发现,历史动态池,38.93,10.13,36.23,39.19,34.8,35.35,669861.0,24.37,1.08,20260814151900,0.9407744874715267,-0.6634345496300043,11.867816091954042,7.452387524151272,,C,50.0,10.13,55.65,98.16,0.0,45.0,接近涨停，追高风险；换手率偏高,False,0.0,0,,0.0,False,False,回避,当前无优势,98.16,0,未知,91.16,B,明显强于行业；价格接近日内强势区；量能较健康；开盘后仍有承接；市场总体风险较低,当日涨幅过大；爆雷指数偏高；人工设置禁止追高,0.0,二级候选：等待回踩或尾盘确认,4
002466,天齐锂业,自动发现,今日自动发现,48.73,2.03,48.11,49.11,47.92,47.76,239266.0,3.34,0.98,20260814151900,0.6806722689075603,-0.7737731622887489,1.6903171953255303,1.28871336520473,,C,50.0,2.03,54.76,70.85,0.0,0.0,,False,0.0,0,,0.0,False,False,回避,当前无优势,70.85,0,未知,73.85,B,明显强于行业；量能较健康；开盘后仍有承接；当日未明显追高；市场总体风险较低,无明显额外扣分,0.0,二级候选：等待回踩或尾盘确认,4
600664,哈药股份,自动发现,今日自动发现,8.91,0.56,8.73,8.97,8.6,8.86,328902.0,14.89,0.86,20260814151930,0.8378378378378369,-0.6688963210702448,3.604651162790695,2.0618556701030855,,C,50.0,0.56,55.03,70.66,0.0,0.0,,False,0.0,0,,0.0,False,False,回避,当前无优势,70.66,0,未知,73.66,B,价格接近日内强势区；量能较健康；开盘后仍有承接；当日未明显追高；市场总体风险较低,无明显额外扣分,0.0,二级候选：等待回踩或尾盘确认,4
688300,联瑞新材,自动发现,今日自动发现,164.65,1.5,162.78,166.92,158.0,162.22,206659.0,5.25,0.78,20260814151930,0.7455156950672662,-1.3599329019889694,4.208860759493671,1.1487897776139677,,C,50.0,1.5,54.63,70.3,0.0,0.0,,False,0.0,0,,0.0,False,False,回避,当前无优势,70.3,0,未知,73.3,B,明显强于行业；价格接近日内强势区；开盘后仍有承接；当日未明显追高；市场总体风险较低,无明显额外扣分,0.0,二级候选：等待回踩或尾盘确认,4
600460,士兰微,自动发现,今日自动发现,32.75,1.46,32.71,32.93,31.98,32.28,213396.0,3.95,0.78,20260814151930,0.8105263157894739,-0.5466140297600952,2.407754846779242,0.12228676245795711,,C,50.0,1.46,54.66,69.92,0.0,0.0,,False,0.0,0,,0.0,False,False,回避,当前无优势,69.92,0,未知,72.92,B,明显强于行业；价格接近日内强势区；开盘后仍有承接；当日未明显追高；市场总体风险较低,无明显额外扣分,0.0,二级候选：等待回踩或尾盘确认,4
000657,中钨高新,自动发现,今日自动发现,68.29,2.38,66.89,68.98,66.25,66.7,536864.0,5.46,0.59,20260814151930,0.7472527472527485,-1.0002899391127862,3.0792452830188832,2.0929884885633188,,C,50.0,2.38,55.46,69.63,0.0,0.0,,False,0.0,0,,0.0,False,False,回避,当前无优势,69.63,0,未知,72.63,B,明显强于行业；价格接近日内强势区；开盘后仍有承接；当日未明显追高；市场总体风险较低,无明显额外扣分,0.0,二级候选：等待回踩或尾盘确认,4
002138,顺络电子,自动发现,历史动态池,52.21,6.77,49.59,52.39,48.74,48.9,209336.0,5.35,1.12,20260814151915,0.9506849315068494,-0.34357701851498446,7.119409109560926,5.28332325065537,,C,50.0,6.77,22.64,79.46,0.0,50.0,事件风险+32；超过追高阈值,False,0.0,0,风险公告：顺络电子:关于公司涉及诉讼的进展公告,32.0,False,False,回避,当前无优势,79.46,0,未知,72.46,B,明显强于行业；价格接近日内强势区；量能较健康；开盘后仍有承接；市场总体风险较低,接近追高区；爆雷指数偏高；人工设置禁止追高,0.0,二级候选：等待回踩或尾盘确认,4
601869,长飞光纤,自动发现,今日自动发现,355.18,5.24,343.0,363.0,338.6,337.51,512125.0,3.6,1.16,20260814151930,0.6795081967213115,-2.1542699724517833,4.896633195510924,3.5510204081632635,,C,50.0,5.24,55.42,79.26,0.0,0.0,,False,0.0,0,,0.0,False,False,回避,当前无优势,79.26,0,未知,72.26,B,明显强于行业；量能较健康；开盘后仍有承接；市场总体风险较低,接近追高区；人工设置禁止追高,0.0,二级候选：等待回踩或尾盘确认,4
300475,香农芯创,自动发现,今日自动发现,161.03,2.29,161.5,163.18,157.6,157.43,415448.0,5.75,0.77,20260814151900,0.614695340501792,-1.3175634268905556,2.1763959390862953,-0.2910216718266301,,C,50.0,2.29,55.24,68.33,0.0,0.0,,False,0.0,0,,0.0,False,False,回避,当前无优势,68.33,0,未知,71.33,B,明显强于行业；当日未明显追高；市场总体风险较低,无明显额外扣分,0.0,二级候选：等待回踩或尾盘确认,4
688627,精智达,自动发现,今日自动发现,498.99,3.4,497.0,512.88,479.0,482.56,300371.0,6.43,1.15,20260814151930,0.5900236127508858,-2.708235844642015,4.173277661795405,0.40040241448693337,,C,50.0,3.4,54.96,68.18,0.0,0.0,,False,0.0,0,,0.0,False,False,回避,当前无优势,68.18,0,未知,71.18,B,明显强于行业；量能较健康；开盘后仍有承接；当日未明显追高；市场总体风险较低,无明显额外扣分,0.0,二级候选：等待回踩或尾盘确认,4
000603,盛达资源,自动发现,历史动态池,32.09,-0.37,30.95,32.12,30.68,32.21,164880.0,7.82,0.51,20260814151930,0.9791666666666707,-0.09339975093397568,4.5958279009126635,3.6833602584814384,,C,50.0,-0.37,54.43,68.08,0.0,0.0,,False,0.0,0,,0.0,False,False,回避,当前无优势,68.08,0,未知,71.08,B,价格接近日内强势区；开盘后仍有承接；当日未明显追高；市场总体风险较低,无明显额外扣分,0.0,二级候选：等待回踩或尾盘确认,4
301526,国际复材,自动发现,今日自动发现,37.19,2.06,36.53,37.68,36.03,36.44,540141.0,10.41,0.63,20260814151915,0.7030303030303016,-1.3004246284501142,3.219539272828187,1.8067341910758206,,C,50.0,2.06,55.47,67.58,0.0,0.0,,False,0.0,0,,0.0,False,False,回避,当前无优势,67.58,0,未知,70.58,B,明显强于行业；开盘后仍有承接；当日未明显追高；市场总体风险较低,无明显额外扣分,0.0,二级候选：等待回踩或尾盘确认,4
000021,深科技,自动发现,今日自动发现,40.23,1.72,40.31,40.9,39.02,39.55,389275.0,6.18,0.81,20260814151930,0.6436170212765939,-1.6381418092909605,3.1009738595591863,-0.19846192011908625,,C,50.0,1.72,55.18,67.38,0.0,0.0,,False,0.0,0,,0.0,False,False,回避,当前无优势,67.38,0,未知,70.38,B,明显强于行业；量能较健康；当日未明显追高；市场总体风险较低,无明显额外扣分,0.0,二级候选：等待回踩或尾盘确认,4
600584,长电科技,自动发现,今日自动发现,78.71,1.14,78.99,79.28,76.4,77.82,890181.0,6.4,0.76,20260814151930,0.8020833333333305,-0.718970736629676,3.02356020942407,-0.3544752500316495,,C,50.0,1.14,47.9,66.88,0.0,8.0,事件风险+8,False,0.0,0,近期业绩公告：长电科技:江苏长电科技股份有限公司关于召开2026年半年度业绩说明会的公告,8.0,False,False,回避,当前无优势,66.88,0,未知,69.88,B,价格接近日内强势区；当日未明显追高；市场总体风险较低,无明显额外扣分,0.0,二级候选：等待回踩或尾盘确认,4
300666,江丰电子,自动发现,今日自动发现,255.9,1.94,256.07,257.5,248.8,251.02,304009.0,5.42,0.64,20260814151915,0.816091954022989,-0.6213592233009657,2.853697749196149,-0.06638809700472148,,C,50.0,1.94,54.97,66.54,0.0,0.0,,False,0.0,0,,0.0,False,False,回避,当前无优势,66.54,0,未知,69.54,B,明显强于行业；价格接近日内强势区；当日未明显追高；市场总体风险较低,无明显额外扣分,0.0,二级候选：等待回踩或尾盘确认,4
603256,宏和科技,自动发现,今日自动发现,154.18,1.65,151.0,156.5,145.5,151.68,356684.0,2.66,0.88,20260814151930,0.7890909090909097,-1.4824281150159657,5.965635738831621,2.1059602649006637,,C,50.0,1.65,23.1,66.49,0.0,32.0,事件风险+32,False,0.0,0,近期业绩公告：宏和科技:宏和科技2026年半年度报告；近期业绩公告：宏和科技:宏和科技2026年半年度报告摘要；近期业绩公告：宏和科技:宏和科技关于召开2026年半年度业绩说明会的公告；风险公告：宏和科技:控股股东及实际控制人关于《宏和电子材料科技股份有限公司股票交易异常波动问询函》的回复,32.0,False,False,回避,当前无优势,66.49,0,未知,69.49,B,明显强于行业；价格接近日内强势区；量能较健康；开盘后仍有承接；当日未明显追高；市场总体风险较低,无明显额外扣分,0.0,二级候选：等待回踩或尾盘确认,4
600105,永鼎股份,自动发现,今日自动发现,41.33,1.4,41.55,41.97,40.14,40.76,730378.0,12.18,1.02,20260814151930,0.6502732240437152,-1.5248987371932365,2.964623816641754,-0.5294825511432011,,C,50.0,1.4,55.73,66.27,0.0,0.0,,False,0.0,0,,0.0,False,False,回避,当前无优势,66.27,0,未知,69.27,B,明显强于行业；量能较健康；当日未明显追高；市场总体风险较低,无明显额外扣分,0.0,二级候选：等待回踩或尾盘确认,4
688313,仕佳光子,自动发现,今日自动发现,140.76,1.55,139.44,141.5,136.22,138.61,254526.0,4.03,0.62,20260814151930,0.8598484848484832,-0.5229681978798695,3.332843928938467,0.9466437177280573,,C,50.0,1.55,46.81,66.0,0.0,8.0,事件风险+8,False,0.0,0,近期业绩公告：仕佳光子:关于召开2026年半年度业绩说明会的公告,8.0,False,False,回避,当前无优势,66.0,0,未知,69.0,B,明显强于行业；价格接近日内强势区；开盘后仍有承接；当日未明显追高；市场总体风险较低,无明显额外扣分,0.0,二级候选：等待回踩或尾盘确认,4
300136,信维通信,自动发现,今日自动发现,68.3,1.5,67.69,68.99,66.34,67.29,279762.0,5.01,0.63,20260814151830,0.739622641509434,-1.000144948543269,2.954476936991246,0.9011670852415499,,C,50.0,1.5,54.89,65.31,0.0,0.0,,False,0.0,0,,0.0,False,False,回避,当前无优势,65.31,0,未知,68.31,B,明显强于行业；价格接近日内强势区；开盘后仍有承接；当日未明显追高；市场总体风险较低,无明显额外扣分,0.0,二级候选：等待回踩或尾盘确认,4
688432,有研硅,自动发现,今日自动发现,41.0,4.14,40.5,41.87,39.68,39.37,258916.0,5.08,0.87,20260814151930,0.602739726027398,-2.0778600429901983,3.3266129032258007,1.2345679012345734,,C,50.0,4.14,22.83,65.17,0.0,32.0,事件风险+32,False,0.0,0,近期业绩公告：有研硅:有研硅2026年半年度报告；近期业绩公告：有研硅:有研硅2026年半年度报告摘要；风险公告：有研硅:有研硅股票交易异常波动暨风险提示公告,32.0,False,False,回避,当前无优势,65.17,0,未知,68.17,B,明显强于行业；量能较健康；开盘后仍有承接；当日未明显追高；市场总体风险较低,无明显额外扣分,0.0,二级候选：等待回踩或尾盘确认,4
300346,南大光电,自动发现,今日自动发现,58.71,1.93,58.63,59.18,57.53,57.6,198510.0,5.18,0.61,20260814151900,0.7151515151515156,-0.7941872254139892,2.051103771945062,0.13644891693671557,,C,50.0,1.93,54.6,64.96,0.0,0.0,,False,0.0,0,,0.0,False,False,回避,当前无优势,64.96,0,未知,67.96,B,明显强于行业；开盘后仍有承接；当日未明显追高；市场总体风险较低,无明显额外扣分,0.0,二级候选：等待回踩或尾盘确认,4
300620,光库科技,自动发现,今日自动发现,321.91,2.47,318.01,331.99,312.76,314.15,384419.0,4.81,0.84,20260814151900,0.47581903276131177,-3.0362360312057524,2.925565929146967,1.2263765290399853,,C,50.0,2.47,55.17,64.8,0.0,0.0,,False,0.0,0,,0.0,False,False,回避,当前无优势,64.8,0,未知,67.8,B,明显强于行业；量能较健康；开盘后仍有承接；当日未明显追高；市场总体风险较低,无明显额外扣分,0.0,二级候选：等待回踩或尾盘确认,4
002384,东山精密,自动发现,今日自动发现,205.19,1.52,203.24,207.92,200.0,202.11,1141957.0,4.04,0.61,20260814151930,0.655303030303031,-1.313005001923817,2.5949999999999918,0.9594567998425507,,C,50.0,1.52,56.12,64.22,0.0,0.0,,False,0.0,0,,0.0,False,False,回避,当前无优势,64.22,0,未知,67.22,B,明显强于行业；开盘后仍有承接；当日未明显追高；市场总体风险较低,无明显额外扣分,0.0,二级候选：等待回踩或尾盘确认,4
002156,通富微电,自动发现,今日自动发现,62.96,1.19,63.02,63.43,61.21,62.22,441253.0,4.66,0.68,20260814151930,0.7882882882882887,-0.7409743023805704,2.8590099656918833,-0.09520787051729984,,C,50.0,1.19,55.29,64.01,0.0,0.0,,False,0.0,0,,0.0,False,False,回避,当前无优势,64.01,0,未知,67.01,B,价格接近日内强势区；当日未明显追高；市场总体风险较低,无明显额外扣分,0.0,二级候选：等待回踩或尾盘确认,4
688017,绿的谐波,自动发现,今日自动发现,349.93,1.14,349.0,352.99,340.91,346.0,253855.0,3.99,0.64,20260814151930,0.7466887417218537,-0.8668800815887168,2.6458596110410237,0.266475644699149,,C,50.0,1.14,54.81,63.55,0.0,0.0,,False,0.0,0,,0.0,False,False,回避,当前无优势,63.55,0,未知,66.55,B,价格接近日内强势区；开盘后仍有承接；当日未明显追高；市场总体风险较低,无明显额外扣分,0.0,二级候选：等待回踩或尾盘确认,4
002149,西部材料,自动发现,今日自动发现,43.61,1.84,43.84,44.5,41.6,42.82,338387.0,16.05,1.66,20260814151930,0.6931034482758617,-2.0000000000000018,4.831730769230758,-0.524635036496357,,C,50.0,1.84,47.06,62.82,0.0,18.0,事件风险+8；换手率偏高,False,0.0,0,近期业绩公告：西部材料:西部金属材料股份有限公司关于控股子公司披露2026年半年度报告的提示性公告,8.0,False,False,回避,当前无优势,62.82,0,未知,65.82,B,明显强于行业；量能较健康；当日未明显追高；市场总体风险较低,无明显额外扣分,0.0,二级候选：等待回踩或尾盘确认,4
000636,风华高科,自动发现,今日自动发现,62.73,1.14,62.49,63.7,60.65,62.02,916252.0,12.69,0.69,20260814151930,0.6819672131147526,-1.5227629513343888,3.429513602638079,0.3840614498319628,,C,50.0,1.14,55.92,62.8,0.0,0.0,,False,0.0,0,,0.0,False,False,回避,当前无优势,62.8,0,未知,65.8,B,开盘后仍有承接；当日未明显追高；市场总体风险较低,无明显额外扣分,0.0,二级候选：等待回踩或尾盘确认,4
002709,天赐材料,自动发现,今日自动发现,39.47,1.7,38.81,40.39,38.81,38.81,252916.0,4.23,1.02,20260814151930,0.41772151898734006,-2.2777915325575715,1.700592630765252,1.700592630765252,,C,50.0,1.7,54.81,62.24,0.0,0.0,,False,0.0,0,,0.0,False,False,回避,当前无优势,62.24,0,未知,65.24,B,明显强于行业；量能较健康；开盘后仍有承接；当日未明显追高；市场总体风险较低,无明显额外扣分,0.0,二级候选：等待回踩或尾盘确认,4
002475,立讯精密,自动发现,今日自动发现,56.58,0.93,56.6,56.88,55.8,56.06,403940.0,0.98,0.61,20260814151930,0.7222222222222197,-0.527426160337563,1.3978494623655857,-0.03533568904594553,,C,50.0,0.93,55.21,62.21,0.0,0.0,,False,0.0,0,,0.0,False,False,回避,当前无优势,62.21,0,未知,65.21,B,价格接近日内强势区；当日未明显追高；市场总体风险较低,无明显额外扣分,0.0,二级候选：等待回踩或尾盘确认,4
300757,罗博特科,自动发现,今日自动发现,516.0,1.67,515.01,522.02,508.46,507.54,247686.0,2.96,0.62,20260814151915,0.5560471976401195,-1.153212520593072,1.4829091767297298,0.1922292771014078,,C,50.0,1.67,54.79,61.57,0.0,0.0,,False,0.0,0,,0.0,False,False,回避,当前无优势,61.57,0,未知,64.57,B,明显强于行业；开盘后仍有承接；当日未明显追高；市场总体风险较低,无明显额外扣分,0.0,二级候选：等待回踩或尾盘确认,4
688146,中船特气,自动发现,今日自动发现,300.96,1.85,300.0,305.92,295.81,295.49,437246.0,10.05,0.68,20260814151930,0.5093966369930732,-1.6213389121339072,1.740982387343215,0.31999999999998696,,C,50.0,1.85,55.28,61.53,0.0,0.0,,False,0.0,0,,0.0,False,False,回避,当前无优势,61.53,0,未知,64.53,B,明显强于行业；开盘后仍有承接；当日未明显追高；市场总体风险较低,无明显额外扣分,0.0,二级候选：等待回踩或尾盘确认,4
002407,多氟多,自动发现,今日自动发现,39.16,0.49,38.26,40.19,38.11,38.97,771610.0,18.32,0.87,20260814151930,0.5048076923076914,-2.5628265737745792,2.7551823668328534,2.3523261892315794,,C,50.0,0.49,55.77,61.52,0.0,10.0,换手率偏高,False,0.0,0,,0.0,False,False,回避,当前无优势,61.52,0,未知,64.52,B,量能较健康；开盘后仍有承接；当日未明显追高；市场总体风险较低,无明显额外扣分,0.0,二级候选：等待回踩或尾盘确认,4
603228,景旺电子,自动发现,今日自动发现,98.01,0.83,98.17,99.6,94.5,97.2,495279.0,5.19,0.73,20260814151930,0.6882352941176488,-1.5963855421686657,3.7142857142857144,-0.1629825812366259,,C,50.0,0.83,55.39,61.19,0.0,0.0,,False,0.0,0,,0.0,False,False,回避,当前无优势,61.19,0,未知,64.19,B,当日未明显追高；市场总体风险较低,无明显额外扣分,0.0,二级候选：等待回踩或尾盘确认,4
002409,雅克科技,自动发现,今日自动发现,151.22,1.15,152.01,153.5,147.17,149.5,340001.0,7.11,0.72,20260814151930,0.6398104265402849,-1.4853420195439782,2.7519195488211023,-0.5197026511413627,,C,50.0,1.15,55.06,60.67,0.0,0.0,,False,0.0,0,,0.0,False,False,回避,当前无优势,60.67,0,未知,63.67,B,当日未明显追高；市场总体风险较低,无明显额外扣分,0.0,二级候选：等待回踩或尾盘确认,4
603993,洛阳钼业,自动发现,今日自动发现,18.44,0.16,18.21,18.54,18.16,18.41,292499.0,0.91,0.54,20260814151930,0.7368421052631628,-0.5393743257820827,1.541850220264318,1.2630422844590816,,C,50.0,0.16,46.93,60.47,0.0,8.0,事件风险+8,False,0.0,0,近期业绩公告：洛阳钼业:洛阳钼业关于召开2026年半年度业绩说明会的公告,8.0,False,False,回避,当前无优势,60.47,0,未知,63.47,B,价格接近日内强势区；开盘后仍有承接；当日未明显追高；市场总体风险较低,无明显额外扣分,0.0,二级候选：等待回踩或尾盘确认,4
002463,沪电股份,自动发现,今日自动发现,121.27,0.51,120.95,122.5,119.01,120.66,426121.0,1.83,0.65,20260814151930,0.6475644699140385,-1.0040816326530644,1.8990000840265475,0.26457213724679907,,C,50.0,0.51,55.26,60.16,0.0,0.0,,False,0.0,0,,0.0,False,False,回避,当前无优势,60.16,0,未知,63.16,B,开盘后仍有承接；当日未明显追高；市场总体风险较低,无明显额外扣分,0.0,二级候选：等待回踩或尾盘确认,4
688629,华丰科技,自动发现,今日自动发现,148.36,0.79,149.5,151.5,143.54,147.2,210762.0,3.11,0.98,20260814151930,0.6055276381909569,-2.072607260726067,3.3579490037620285,-0.7625418060200562,,C,50.0,0.79,54.65,59.58,0.0,0.0,,False,0.0,0,,0.0,False,False,回避,当前无优势,59.58,0,未知,62.58,B,量能较健康；当日未明显追高；市场总体风险较低,无明显额外扣分,0.0,二级候选：等待回踩或尾盘确认,4
688111,金山办公,自动发现,今日自动发现,256.45,0.77,254.51,263.2,251.08,254.5,269508.0,2.27,0.97,20260814151930,0.44306930693069196,-2.564589665653494,2.1387605544049615,0.762249027543116,,C,50.0,0.77,54.86,58.83,0.0,0.0,,False,0.0,0,,0.0,False,False,回避,当前无优势,58.83,0,未知,61.83,B,量能较健康；开盘后仍有承接；当日未明显追高；市场总体风险较低,无明显额外扣分,0.0,二级候选：等待回踩或尾盘确认,4
301165,锐捷网络,自动发现,今日自动发现,143.9,0.42,143.08,148.7,139.29,143.3,458825.0,2.87,1.03,20260814151915,0.4899043570669517,-3.2279757901815587,3.30964175461268,0.573105954710651,,C,50.0,0.42,55.32,58.52,0.0,0.0,,False,0.0,0,,0.0,False,False,回避,当前无优势,58.52,0,未知,61.52,B,量能较健康；开盘后仍有承接；当日未明显追高；市场总体风险较低,无明显额外扣分,0.0,二级候选：等待回踩或尾盘确认,4
002436,兴森科技,自动发现,今日自动发现,34.82,0.66,34.81,35.59,34.08,34.59,332549.0,6.28,0.76,20260814151930,0.4900662251655626,-2.1635290812025976,2.171361502347424,0.02872737719046281,,C,50.0,0.66,55.04,58.38,0.0,0.0,,False,0.0,0,,0.0,False,False,回避,当前无优势,58.38,0,未知,61.38,B,开盘后仍有承接；当日未明显追高；市场总体风险较低,无明显额外扣分,0.0,二级候选：等待回踩或尾盘确认,4
002916,深南电路,PCB,核心池,378.0,0.01,380.0,382.57,371.0,377.98,251365.0,1.0,0.6,20260814151930,0.6050129645635267,-1.194552630891077,1.8867924528301883,-0.5263157894736858,通信ETF,S,93.75,-3.59,66.8,64.2,0.0,0.0,,False,0.0,0,,0.0,False,False,回避,当前无优势,64.2,0,高潮,61.2,B,所属ETF强；当日未明显追高；基础质量得分较好；市场总体风险较低,弱于行业；板块可能处于高潮,0.0,二级候选：等待回踩或尾盘确认,4
300738,奥飞数据,自动发现,历史动态池,23.75,7.08,21.96,24.18,21.71,22.18,277230.0,12.21,1.92,20260814151915,0.8259109311740891,-1.7783291976840365,9.396591432519564,8.151183970856103,,C,50.0,7.08,19.89,81.54,0.0,60.0,事件风险+35；当日涨幅超过7%,False,0.0,0,减持风险：奥飞数据:关于控股股东权益变动触及1%整数倍暨减持计划实施完成的公告,35.0,False,False,回避,当前无优势,81.54,0,未知,74.54,C,明显强于行业；价格接近日内强势区；量能较健康；开盘后仍有承接；市场总体风险较低,当日涨幅过大；爆雷指数偏高；人工设置禁止追高,0.0,普通观察：当前不买，保留跟踪,3
603019,中科曙光,自动发现,今日自动发现,89.36,-0.3,89.65,90.76,88.08,89.63,446376.0,3.43,1.04,20260814151930,0.4776119402985067,-1.542529748788013,1.4532243415077195,-0.3234802007808235,,C,50.0,-0.3,47.3,57.15,0.0,8.0,事件风险+8,False,0.0,0,近期业绩公告：中科曙光:中科曙光2026年半年度业绩快报,8.0,False,False,回避,当前无优势,57.15,0,未知,60.15,C,量能较健康；当日未明显追高；市场总体风险较低,无明显额外扣分,0.0,普通观察：当前不买，保留跟踪,3
001309,德明利,自动发现,今日自动发现,406.19,2.44,410.02,415.09,399.0,396.53,571446.0,8.53,0.71,20260814151930,0.44686140459913043,-2.1441133248211175,1.802005012531338,-0.9341007755719222,,C,50.0,2.44,55.51,56.7,0.0,0.0,,False,0.0,0,,0.0,False,False,回避,当前无优势,56.7,0,未知,59.7,C,明显强于行业；当日未明显追高；市场总体风险较低,无明显额外扣分,0.0,普通观察：当前不买，保留跟踪,3
000063,中兴通讯,自动发现,今日自动发现,35.05,-0.09,35.1,35.33,34.67,35.08,391161.0,2.78,0.7,20260814151915,0.5757575757575718,-0.7925275969431156,1.0960484568791395,-0.14245014245015675,,C,50.0,-0.09,55.18,56.68,0.0,0.0,,False,0.0,0,,0.0,False,False,回避,当前无优势,56.68,0,未知,59.68,C,当日未明显追高；市场总体风险较低,无明显额外扣分,0.0,普通观察：当前不买，保留跟踪,3
603296,华勤技术,自动发现,今日自动发现,85.96,-0.01,85.97,88.1,84.2,85.97,309714.0,4.52,1.32,20260814151930,0.45128205128204996,-2.4290578887627756,2.0902612826603217,-0.011631964638836312,,C,50.0,-0.01,54.98,55.78,0.0,0.0,,False,0.0,0,,0.0,False,False,回避,当前无优势,55.78,0,未知,58.78,C,量能较健康；当日未明显追高；市场总体风险较低,无明显额外扣分,0.0,普通观察：当前不买，保留跟踪,3
605376,博迁新材,自动发现,今日自动发现,168.55,0.64,168.25,171.78,164.0,167.48,231542.0,5.27,0.71,20260814151930,0.5848329048843202,-1.8803120270112883,2.774390243902447,0.17830609212481363,,C,50.0,0.64,54.73,55.52,0.0,0.0,,False,0.0,0,,0.0,False,False,回避,当前无优势,55.52,0,未知,58.52,C,开盘后仍有承接；当日未明显追高；市场总体风险较低,无明显额外扣分,0.0,普通观察：当前不买，保留跟踪,3
002428,云南锗业,自动发现,今日自动发现,101.59,1.38,100.83,105.5,99.0,100.21,795780.0,11.96,0.7,20260814151930,0.398461538461539,-3.7061611374407555,2.6161616161616275,0.7537439254190259,,C,50.0,1.38,55.8,55.31,0.0,0.0,,False,0.0,0,,0.0,False,False,回避,当前无优势,55.31,0,未知,58.31,C,明显强于行业；开盘后仍有承接；当日未明显追高；市场总体风险较低,无明显额外扣分,0.0,普通观察：当前不买，保留跟踪,3
300014,亿纬锂能,自动发现,今日自动发现,56.44,1.0,56.28,57.88,56.0,55.88,262858.0,2.19,1.05,20260814151915,0.23404255319148784,-2.4879060124395336,0.7857142857142785,0.2842928216062468,,C,50.0,1.0,54.84,55.15,0.0,0.0,,False,0.0,0,,0.0,False,False,回避,当前无优势,55.15,0,未知,58.15,C,量能较健康；开盘后仍有承接；当日未明显追高；市场总体风险较低,冲高回落,0.0,普通观察：当前不买，保留跟踪,3
688702,盛科通信,自动发现,今日自动发现,398.6,-0.6,401.28,408.5,386.01,401.0,293635.0,3.66,0.75,20260814151930,0.5598043574922199,-2.4235006119950997,3.2615735343644037,-0.6678628389154562,,C,50.0,-0.6,54.94,55.13,0.0,0.0,,False,0.0,0,,0.0,False,False,回避,当前无优势,55.13,0,未知,58.13,C,当日未明显追高；市场总体风险较低,无明显额外扣分,0.0,普通观察：当前不买，保留跟踪,3
603799,华友钴业,自动发现,今日自动发现,42.35,0.43,42.18,43.09,41.75,42.17,228690.0,2.86,0.47,20260814151930,0.44776119402985065,-1.7173358087723467,1.4371257485029876,0.4030346135609264,,C,50.0,0.43,46.72,54.93,0.0,8.0,事件风险+8,False,0.0,0,近期业绩公告：华友钴业:华友钴业关于召开2026年半年度业绩说明会的公告,8.0,False,False,回避,当前无优势,54.93,0,未知,57.93,C,开盘后仍有承接；当日未明显追高；市场总体风险较低,无明显额外扣分,0.0,普通观察：当前不买，保留跟踪,3
002851,麦格米特,自动发现,今日自动发现,131.4,-0.35,132.1,134.5,128.62,131.86,406727.0,6.31,1.02,20260814151900,0.4727891156462591,-2.3048327137546454,2.161405691183327,-0.5299015897047621,,C,50.0,-0.35,55.22,54.55,0.0,0.0,,False,0.0,0,,0.0,False,False,回避,当前无优势,54.55,0,未知,57.55,C,量能较健康；当日未明显追高；市场总体风险较低,无明显额外扣分,0.0,普通观察：当前不买，保留跟踪,3
000938,紫光股份,自动发现,今日自动发现,39.95,0.88,40.35,41.68,39.25,39.6,1304212.0,11.35,1.21,20260814151930,0.28806584362140036,-4.150671785028781,1.7834394904458595,-0.9913258983890949,,C,50.0,0.88,56.23,54.28,0.0,8.0,距日内高点较远,False,0.0,0,,0.0,False,False,回避,当前无优势,54.28,0,未知,57.28,C,量能较健康；当日未明显追高；市场总体风险较低,冲高回落,0.0,普通观察：当前不买，保留跟踪,3
300604,长川科技,自动发现,今日自动发现,283.05,0.48,287.01,290.99,278.0,281.69,430551.0,3.1,0.77,20260814151900,0.38876058506543554,-2.7286161036461754,1.8165467625899323,-1.3797428661022182,,C,50.0,0.48,55.27,54.21,0.0,0.0,,False,0.0,0,,0.0,False,False,回避,当前无优势,54.21,0,未知,57.21,C,当日未明显追高；市场总体风险较低,无明显额外扣分,0.0,普通观察：当前不买，保留跟踪,3
600183,生益科技,自动发现,今日自动发现,143.21,1.04,144.0,146.3,139.7,141.74,964541.0,2.79,0.86,20260814151930,0.531818181818183,-2.1120984278878985,2.5125268432355297,-0.548611111111108,,C,50.0,1.04,23.97,53.14,0.0,32.0,事件风险+32,False,0.0,0,风险公告：生益科技:生益科技股票交易风险提示公告,32.0,False,False,回避,当前无优势,53.14,0,未知,56.14,C,量能较健康；当日未明显追高；市场总体风险较低,无明显额外扣分,0.0,普通观察：当前不买，保留跟踪,3
002396,星网锐捷,自动发现,今日自动发现,32.67,0.9,33.15,34.7,31.94,32.38,429268.0,17.12,1.59,20260814151930,0.2644927536231884,-5.850144092219023,2.2855353788353128,-1.4479638009049722,,C,50.0,0.9,55.27,53.1,0.0,18.0,换手率偏高；距日内高点较远,False,0.0,0,,0.0,False,False,回避,当前无优势,53.1,0,未知,56.1,C,量能较健康；当日未明显追高；市场总体风险较低,冲高回落,0.0,普通观察：当前不买，保留跟踪,3
601208,东材科技,自动发现,今日自动发现,47.71,1.68,46.91,48.65,46.69,46.92,296049.0,6.17,0.64,20260814151930,0.5204081632653075,-1.9321685508735809,2.18462197472693,1.705393306331282,,C,50.0,1.68,22.94,53.02,0.0,32.0,事件风险+32,False,0.0,0,风险公告：东材科技:四川东材科技集团股份有限公司股票交易风险提示公告,32.0,False,False,回避,当前无优势,53.02,0,未知,56.02,C,明显强于行业；开盘后仍有承接；当日未明显追高；市场总体风险较低,无明显额外扣分,0.0,普通观察：当前不买，保留跟踪,3
300759,康龙化成,自动发现,今日自动发现,49.12,-1.37,49.2,50.0,48.2,49.8,382675.0,5.5,0.73,20260814151915,0.511111111111109,-1.760000000000006,1.9087136929460513,-0.1626016260162677,,C,50.0,-1.37,55.17,51.98,0.0,0.0,,False,0.0,0,,0.0,False,False,回避,当前无优势,51.98,0,未知,54.98,C,当日未明显追高；市场总体风险较低,弱于行业,0.0,普通观察：当前不买，保留跟踪,3
000977,浪潮信息,自动发现,今日自动发现,78.8,-0.83,79.6,81.16,77.29,79.46,739252.0,6.39,1.14,20260814151930,0.3901808785529702,-2.907836372597339,1.9536809419070877,-1.005025125628134,,C,50.0,-0.83,55.74,51.23,0.0,0.0,,False,0.0,0,,0.0,False,False,回避,当前无优势,51.23,0,未知,54.23,C,量能较健康；当日未明显追高；市场总体风险较低,无明显额外扣分,0.0,普通观察：当前不买，保留跟踪,3
600519,贵州茅台,自动发现,今日自动发现,1341.99,-0.98,1355.0,1359.0,1338.14,1355.29,402407.0,0.24,0.82,20260814151930,0.18456375838925826,-1.2516556291390701,0.28771279537267436,-0.9601476014760135,,C,50.0,-0.98,55.21,50.86,0.0,0.0,,False,0.0,0,,0.0,False,False,回避,当前无优势,50.86,0,未知,53.86,C,量能较健康；当日未明显追高；市场总体风险较低,无明显额外扣分,0.0,普通观察：当前不买，保留跟踪,3
000725,京东方Ａ,自动发现,今日自动发现,5.81,-0.85,5.93,5.94,5.71,5.86,731694.0,3.56,0.8,20260814151930,0.43478260869564983,-2.1885521885522063,1.7513134851138368,-2.02360876897133,,C,50.0,-0.85,55.73,50.55,0.0,0.0,,False,0.0,0,,0.0,False,False,回避,当前无优势,50.55,0,未知,53.55,C,量能较健康；当日未明显追高；市场总体风险较低,无明显额外扣分,0.0,普通观察：当前不买，保留跟踪,3
002185,华天科技,自动发现,今日自动发现,17.98,0.56,18.13,18.39,17.6,17.88,439489.0,7.38,0.76,20260814151930,0.48101265822784733,-2.229472539423605,2.1590909090908994,-0.8273579702151035,,C,50.0,0.56,23.29,50.41,0.0,32.0,事件风险+32,False,0.0,0,风险公告：5中联资产评估咨询(上海)有限公司关于深圳证券交易所《天水华天科技股份有限公司发行股份及支付现金购买资产并募集配套资金申请的审核问询函》回复之专项核查意见；风险公告：2华泰联合证券有限责任公司关于深圳证券交易所《天水华天科技股份有限公司发行股份及支付现金购买资产并募集配套资金申请的审核问询函》回复之专项核查意见(修订稿)；风险公告：3大信会计师事务所(特殊普通合伙)关于深圳证券交易所《天水华天科技股份有限公司发行股份及支付现金购买资产并募集配套资金申请的审核问询函》,32.0,False,False,回避,当前无优势,50.41,0,未知,53.41,C,当日未明显追高；市场总体风险较低,无明显额外扣分,0.0,普通观察：当前不买，保留跟踪,3
688120,华海清科,自动发现,今日自动发现,263.42,0.16,266.9,268.33,258.8,262.99,228159.0,1.74,0.66,20260814151930,0.4847848898216178,-1.8298363954831642,1.7851622874806905,-1.303859123267126,,C,50.0,0.16,54.72,50.4,0.0,0.0,,False,0.0,0,,0.0,False,False,回避,当前无优势,50.4,0,未知,53.4,C,当日未明显追高；市场总体风险较低,无明显额外扣分,0.0,普通观察：当前不买，保留跟踪,3
688521,芯原股份,自动发现,今日自动发现,207.28,0.59,210.9,211.98,203.52,206.07,258384.0,2.37,0.72,20260814151930,0.4444444444444444,-2.217190300971783,1.8474842767295607,-1.7164532954006662,,C,50.0,0.59,54.82,50.33,0.0,0.0,,False,0.0,0,,0.0,False,False,回避,当前无优势,50.33,0,未知,53.33,C,当日未明显追高；市场总体风险较低,无明显额外扣分,0.0,普通观察：当前不买，保留跟踪,3
688072,拓荆科技,自动发现,今日自动发现,688.2,0.45,695.0,706.8,676.06,685.11,336453.0,1.72,0.72,20260814151930,0.39492517891997714,-2.631578947368407,1.7956986066325564,-0.9784172661870483,,C,50.0,0.45,55.05,50.15,0.0,0.0,,False,0.0,0,,0.0,False,False,回避,当前无优势,50.15,0,未知,53.15,C,当日未明显追高；市场总体风险较低,无明显额外扣分,0.0,普通观察：当前不买，保留跟踪,3
300408,三环集团,自动发现,今日自动发现,129.09,0.54,132.52,133.18,125.91,128.4,676032.0,2.81,0.68,20260814151900,0.43741403026134834,-3.071031686439407,2.5256135334762897,-2.5882885602173333,,C,50.0,0.54,55.66,49.04,0.0,10.0,开盘后显著走弱,False,0.0,0,,0.0,False,False,回避,当前无优势,49.04,0,未知,52.04,C,当日未明显追高；市场总体风险较低,无明显额外扣分,0.0,普通观察：当前不买，保留跟踪,3
688008,澜起科技,自动发现,今日自动发现,211.91,0.8,215.0,216.68,209.88,210.22,667301.0,2.74,0.7,20260814151930,0.29852941176470554,-2.2014029905851995,0.9672193634457704,-1.4372093023255816,,C,50.0,0.8,55.65,48.91,0.0,0.0,,False,0.0,0,,0.0,False,False,回避,当前无优势,48.91,0,未知,51.91,C,当日未明显追高；市场总体风险较低,冲高回落,0.0,普通观察：当前不买，保留跟踪,3
600378,昊华科技,自动发现,今日自动发现,48.7,-0.29,49.0,50.08,47.8,48.84,260567.0,4.97,0.74,20260814151930,0.39473684210526544,-2.755591054313089,1.882845188284521,-0.6122448979591799,,C,50.0,-0.29,54.83,48.56,0.0,0.0,,False,0.0,0,,0.0,False,False,回避,当前无优势,48.56,0,未知,51.56,C,当日未明显追高；市场总体风险较低,无明显额外扣分,0.0,普通观察：当前不买，保留跟踪,3
300058,蓝色光标,自动发现,今日自动发现,15.1,-0.98,15.37,15.94,14.72,15.25,745998.0,14.12,0.87,20260814151915,0.31147540983606503,-5.269761606022582,2.5815217391304213,-1.7566688353936266,,C,50.0,-0.98,55.75,48.4,0.0,0.0,,False,0.0,0,,0.0,False,False,回避,当前无优势,48.4,0,未知,51.4,C,量能较健康；当日未明显追高；市场总体风险较低,无明显额外扣分,0.0,普通观察：当前不买，保留跟踪,3
600641,先导基电,自动发现,今日自动发现,34.2,0.53,34.89,35.2,33.47,34.02,268062.0,8.4,0.86,20260814151930,0.4219653179190765,-2.840909090909094,2.1810576635793444,-1.9776440240756643,,C,50.0,0.53,22.86,47.62,0.0,32.0,事件风险+32,False,0.0,0,近期业绩公告：先导基电:上海先导基电科技股份有限公司关于召开2026年半年度业绩说明会的公告；风险公告：先导基电:上海先导基电科技股份有限公司股票交易风险提示公告,32.0,False,False,回避,当前无优势,47.62,0,未知,50.62,C,量能较健康；当日未明显追高；市场总体风险较低,无明显额外扣分,0.0,普通观察：当前不买，保留跟踪,3
600206,有研新材,自动发现,今日自动发现,50.78,1.14,51.44,52.2,49.42,50.21,440688.0,10.28,0.71,20260814151930,0.4892086330935248,-2.7203065134099647,2.7519222986644998,-1.2830482115085418,,C,50.0,1.14,23.29,46.92,0.0,32.0,事件风险+32,False,0.0,0,近期业绩公告：有研新材:有研新材料股份有限公司关于召开2026半年度业绩说明会的公告；近期业绩公告：有研新材:有研新材料股份有限公司2026年半年度报告；风险公告：有研新材:有研新材料股份有限公司关于计提资产减值准备的公告；近期业绩公告：有研新材:有研新材料股份有限公司2026年半年度报告摘要,32.0,False,False,回避,当前无优势,46.92,0,未知,49.92,C,当日未明显追高；市场总体风险较低,无明显额外扣分,0.0,普通观察：当前不买，保留跟踪,3
300476,胜宏科技,自动发现,今日自动发现,269.33,-0.73,273.61,275.0,265.19,271.3,923318.0,3.97,0.64,20260814151915,0.42201834862385174,-2.061818181818187,1.561144839548989,-1.5642703117576207,,C,50.0,-0.73,55.93,46.73,0.0,0.0,,False,0.0,0,,0.0,False,False,回避,当前无优势,46.73,0,未知,49.73,C,当日未明显追高；市场总体风险较低,无明显额外扣分,0.0,普通观察：当前不买，保留跟踪,3
300059,东方财富,自动发现,今日自动发现,19.47,-1.57,19.73,19.81,19.45,19.78,481359.0,1.84,1.13,20260814151915,0.055555555555554456,-1.716304896516907,0.10282776349614942,-1.3177901672579928,,C,50.0,-1.57,55.36,46.51,0.0,0.0,,False,0.0,0,,0.0,False,False,回避,当前无优势,46.51,0,未知,49.51,C,量能较健康；当日未明显追高；市场总体风险较低,弱于行业,0.0,普通观察：当前不买，保留跟踪,3
300750,宁德时代,自动发现,历史动态池,393.93,-0.6,395.0,400.99,393.68,396.3,630579.0,0.37,0.73,20260814151915,0.034199726402188775,-1.7606424100351625,0.06350335297704568,-0.2708860759493614,,C,50.0,-0.6,55.6,45.71,0.0,0.0,,False,0.0,0,,0.0,False,False,回避,当前无优势,45.71,0,未知,48.71,C,当日未明显追高；市场总体风险较低,无明显额外扣分,0.0,普通观察：当前不买，保留跟踪,3
600536,中国软件,软件,核心池,31.29,-1.04,31.62,32.3,30.95,31.62,43117.0,1.63,0.83,20260814151930,0.25185185185185216,-3.1269349845201133,1.0985460420032345,-1.0436432637571214,云计算ETF,C,55.26,-2.76,65.27,47.13,0.0,0.0,,True,0.0,0,,0.0,False,False,持仓观察,暂不补仓；观察反弹质量,47.13,5,分歧,50.13,持仓,量能较健康；当日未明显追高；基础质量得分较好；市场总体风险较低,弱于行业,0.0,暂不补仓；观察反弹质量,2
002415,海康威视,自动发现,历史动态池,34.88,-2.19,35.62,35.81,34.54,35.66,345231.0,1.09,1.08,20260814151930,0.2677165354330729,-2.5970399329796168,0.9843659525188286,-2.0774845592363644,,C,50.0,-2.19,55.08,43.72,0.0,0.0,,False,0.0,0,,0.0,False,False,回避,当前无优势,43.72,0,未知,46.72,D,量能较健康；当日未明显追高；市场总体风险较低,弱于行业,0.0,禁止追入/暂时回避,1
603893,XD瑞芯微,自动发现,今日自动发现,203.99,-1.52,209.5,213.59,201.92,207.14,255894.0,2.94,0.9,20260814151930,0.17737789203084994,-4.49459244346645,1.0251584786054035,-2.630071599045347,,C,50.0,-1.52,54.82,43.18,0.0,0.0,,False,0.0,0,,0.0,False,False,回避,当前无优势,43.18,0,未知,46.18,D,量能较健康；当日未明显追高；市场总体风险较低,弱于行业,0.0,禁止追入/暂时回避,1
688041,海光信息,国产AI芯片,核心池,280.99,-1.75,289.97,289.97,276.6,286.0,535693.0,0.82,1.18,20260814151930,0.32834704562453143,-3.0968720902162405,1.5871294287780113,-3.0968720902162405,科创芯片ETF,C,47.0,-2.41,59.46,42.63,0.0,8.0,事件风险+8,False,0.0,0,近期业绩公告：海光信息:海光信息技术股份有限公司2026年半年度报告摘要；近期业绩公告：海光信息:海光信息技术股份有限公司2026年半年度报告；近期业绩公告：海光信息:海光信息技术股份有限公司关于召开2026年半年度业绩说明会的公告,8.0,False,False,回避,当前无优势,42.63,0,震荡,45.63,D,量能较健康；当日未明显追高；市场总体风险较低,弱于行业,0.0,禁止追入/暂时回避,1
688256,寒武纪,国产AI芯片,核心池,1093.0,-1.13,1119.99,1123.3,1072.5,1105.5,1107739.0,1.61,0.69,20260814151930,0.4035433070866145,-2.6974094186771103,1.9114219114219066,-2.409842945026297,科创芯片ETF,C,47.0,-1.79,60.09,42.13,0.0,8.0,事件风险+8,False,0.0,0,近期业绩公告：寒武纪:2026年半年度报告摘要；近期业绩公告：寒武纪:2026年半年度报告；近期业绩公告：寒武纪:关于召开2026年半年度业绩说明会的公告,8.0,False,False,回避,当前无优势,42.13,0,震荡,45.13,D,当日未明显追高；市场总体风险较低,弱于行业,0.0,禁止追入/暂时回避,1
603259,药明康德,自动发现,今日自动发现,159.24,-1.9,160.5,163.0,157.5,162.33,872322.0,2.21,0.6,20260814151930,0.316363636363638,-2.3067484662576576,1.1047619047619195,-0.7850467289719609,,C,50.0,-1.9,47.88,41.12,0.0,8.0,事件风险+8,False,0.0,0,近期业绩公告：药明康德:2026年半年度报告摘要；近期业绩公告：药明康德:2026年半年度报告,8.0,False,False,回避,当前无优势,41.12,0,未知,44.12,D,当日未明显追高；市场总体风险较低,弱于行业,0.0,禁止追入/暂时回避,1
300274,阳光电源,自动发现,今日自动发现,116.72,-1.19,118.47,120.77,116.33,118.13,504553.0,2.69,0.57,20260814151915,0.08783783783783801,-3.353481824956528,0.33525315911631104,-1.4771672153287785,,C,50.0,-1.19,55.41,39.63,0.0,0.0,,False,0.0,0,,0.0,False,False,回避,当前无优势,39.63,0,未知,42.63,D,当日未明显追高；市场总体风险较低,弱于行业,0.0,禁止追入/暂时回避,1
600030,中信证券,自动发现,今日自动发现,27.31,-1.9,27.82,27.93,27.28,27.84,353987.0,1.06,1.31,20260814151930,0.04615384615384254,-2.2198353025420725,0.10997067448679232,-1.833213515456511,,C,50.0,-1.9,47.1,39.39,0.0,8.0,事件风险+8,False,0.0,0,近期业绩公告：中信证券:中信证券股份有限公司关于召开2026年半年度业绩说明会的公告,8.0,False,False,回避,当前无优势,39.39,0,未知,42.39,D,量能较健康；当日未明显追高；市场总体风险较低,弱于行业,0.0,禁止追入/暂时回避,1
688361,中科飞测,自动发现,今日自动发现,324.33,-3.53,339.0,342.0,315.55,336.21,402010.0,3.52,1.32,20260814151930,0.3319470699432883,-5.166666666666675,2.7824433528759185,-4.327433628318589,,C,50.0,-3.53,55.21,38.07,0.0,0.0,,False,0.0,0,,0.0,False,False,回避,当前无优势,38.07,0,未知,41.07,D,量能较健康；当日未明显追高；市场总体风险较低,弱于行业,0.0,禁止追入/暂时回避,1
600667,太极实业,自动发现,今日自动发现,22.95,-3.49,23.5,24.15,22.61,23.78,860008.0,17.8,0.92,20260814151930,0.2207792207792208,-4.968944099378881,1.5037593984962294,-2.3404255319148914,,C,50.0,-3.49,20.87,32.11,0.0,45.0,事件风险+35；换手率偏高,False,0.0,0,减持风险：太极实业:董事、高级管理人员提前终止减持计划暨减持股份结果公告,35.0,False,False,回避,当前无优势,32.11,0,未知,35.11,D,量能较健康；当日未明显追高；市场总体风险较低,爆雷指数偏高；弱于行业,0.0,禁止追入/暂时回避,1
000831,中国稀土,自动发现,历史动态池,60.95,10.0,55.8,60.95,55.73,55.41,541657.0,8.54,1.67,20260814151915,1.0,0.0,9.366588910820028,9.22939068100359,,C,50.0,10.0,20.47,94.25,0.0,100.0,重大明确利空；事件风险+35；接近涨停，追高风险,False,0.0,0,近期业绩公告：中国稀土:关于召开2026年半年度业绩说明会的公告；近期业绩公告：中国稀土:2026年半年度报告摘要；重大公告：中国稀土:2026年半年度非经营性资金占用及其他关联资金往来情况汇总表；近期业绩公告：中国稀土:2026年半年度报告；风险公告：中国稀土:关于2026年半年度计提资产减值准备的公告,35.0,True,False,消息面禁买,重大事件或消息面无法确认；禁止新增，若持有则优先控制风险,94.25,-1,未知,35.0,D,明显强于行业；价格接近日内强势区；量能较健康；开盘后仍有承接；市场总体风险较低,当日涨幅过大；爆雷指数偏高；人工设置禁止追高,0.0,禁止追入/暂时回避,1
002353,杰瑞股份,自动发现,今日自动发现,150.99,4.43,146.55,154.45,143.5,144.58,419774.0,4.03,2.04,20260814151930,0.6840182648401842,-2.2402071867918316,5.219512195121956,3.0296827021494277,,C,50.0,4.43,20.25,69.35,0.0,100.0,重大明确利空；事件风险+35,False,0.0,0,近期业绩公告：杰瑞股份:2026年半年度报告；近期业绩公告：杰瑞股份:2026年半年度报告摘要；重大公告：杰瑞股份:非经营性资金占用及其他关联资金往来情况汇总表(2026年1-6月),35.0,True,False,消息面禁买,重大事件或消息面无法确认；禁止新增，若持有则优先控制风险,69.35,-1,未知,35.0,D,明显强于行业；量能较健康；开盘后仍有承接；当日未明显追高；市场总体风险较低,爆雷指数偏高,0.0,禁止追入/暂时回避,1
301308,江波龙,自动发现,历史动态池,406.45,2.38,408.11,414.0,400.0,397.0,625818.0,5.47,0.61,20260814151900,0.4607142857142849,-1.8236714975845447,1.6124999999999945,-0.4067530812771114,,C,50.0,2.38,20.59,50.52,0.0,100.0,重大明确利空；事件风险+35,False,0.0,0,近期业绩公告：江波龙:2026年半年度报告；重大公告：江波龙:2026年半年度非经营性资金占用及其他关联资金往来情况汇总表；近期业绩公告：江波龙:2026年半年度报告摘要,35.0,True,False,消息面禁买,重大事件或消息面无法确认；禁止新增，若持有则优先控制风险,50.52,-1,未知,35.0,D,明显强于行业；当日未明显追高；市场总体风险较低,爆雷指数偏高,0.0,禁止追入/暂时回避,1
603236,移远通信,自动发现,今日自动发现,60.69,2.12,61.02,63.49,59.9,59.43,288702.0,11.69,3.59,20260814151930,0.22005571030640625,-4.410143329658222,1.3188647746243731,-0.5408062930186919,,C,50.0,2.12,22.92,45.88,0.0,65.0,事件风险+32；量比偏高；冲高回落明显；距日内高点较远,False,0.0,0,风险公告：移远通信:关于计提资产减值准备的公告；近期业绩公告：移远通信:2026年半年度报告摘要；近期业绩公告：移远通信:2026年半年度报告；近期业绩公告：移远通信:关于召开2026年半年度业绩说明会的公告,32.0,False,False,爆雷禁买,爆雷指数超过阈值，禁止追入,45.88,0,未知,35.0,D,明显强于行业；当日未明显追高；市场总体风险较低,爆雷指数偏高；冲高回落,0.0,禁止追入/暂时回避,1
300285,国瓷材料,自动发现,历史动态池,70.96,0.42,73.04,73.2,69.61,70.66,697052.0,11.5,0.6,20260814151915,0.3760445682451234,-3.0601092896174964,1.9393765263611362,-2.847754654983592,,C,50.0,0.42,20.69,40.28,0.0,100.0,重大明确利空；事件风险+35；开盘后显著走弱,False,0.0,0,近期业绩公告：国瓷材料:2026年半年度报告；重大公告：国瓷材料:2026年半年度非经营性资金占用及其他关联资金往来情况汇总表；近期业绩公告：国瓷材料:2026年半年度报告摘要,35.0,True,False,消息面禁买,重大事件或消息面无法确认；禁止新增，若持有则优先控制风险,40.28,-1,未知,35.0,D,当日未明显追高；市场总体风险较低,爆雷指数偏高,0.0,禁止追入/暂时回避,1
600363,联创光电,自动发现,历史动态池,20.36,-1.78,20.51,20.95,20.08,20.73,78547.0,8.55,0.47,20260814151930,0.32183908045977105,-2.8162291169451015,1.3944223107569709,-0.7313505607021042,,C,50.0,-1.78,18.79,35.8,0.0,100.0,重大明确利空；事件风险+35,False,0.0,0,重大公告：联创光电:关于收到中国证券监督管理委员会立案告知书的公告；风险公告：联创光电:关于公司累计诉讼、仲裁情况的公告,35.0,True,False,消息面禁买,重大事件或消息面无法确认；禁止新增，若持有则优先控制风险,35.8,-1,未知,35.0,D,当日未明显追高；市场总体风险较低,爆雷指数偏高；弱于行业,0.0,禁止追入/暂时回避,1
600036,招商银行,银行,核心池,38.46,-0.8,38.65,38.75,38.46,38.77,187796.0,0.24,0.81,20260814151930,0.0,-0.7483870967741946,0.0,-0.4915912031047798,沪深300ETF,E,26.06,-0.74,66.55,43.07,0.0,35.0,所属ETF为E级,False,0.0,0,,0.0,False,False,行业禁买,沪深300ETF为E级，停止新增,43.07,1,退潮,32.07,D,量能较健康；当日未明显追高；基础质量得分较好；市场总体风险较低,所属行业偏弱；板块处于退潮阶段,0.0,禁止追入/暂时回避,1
600276,恒瑞医药,创新药,核心池,52.62,-2.12,53.68,53.75,52.2,53.76,461512.0,1.37,0.79,20260814151930,0.2709677419354809,-2.102325581395359,0.8045977011494232,-1.974664679582716,医疗ETF,E,27.93,-0.99,67.33,42.18,0.0,35.0,所属ETF为E级,False,0.0,0,,0.0,False,False,行业禁买,医疗ETF为E级，停止新增,42.18,1,退潮,31.18,D,当日未明显追高；基础质量得分较好；市场总体风险较低,所属行业偏弱；板块处于退潮阶段,0.0,禁止追入/暂时回避,1
601318,中国平安,保险,核心池,51.75,-1.99,52.67,52.77,51.75,52.8,334585.0,0.6,1.15,20260814151930,0.0,-1.932916429789655,0.0,-1.7467248908296984,沪深300ETF,E,26.06,-1.93,67.05,34.47,0.0,35.0,所属ETF为E级,False,0.0,0,,0.0,False,False,行业禁买,沪深300ETF为E级，停止新增,34.47,1,退潮,23.47,D,量能较健康；当日未明显追高；基础质量得分较好；市场总体风险较低,弱于行业；所属行业偏弱；板块处于退潮阶段,0.0,禁止追入/暂时回避,1
