code,name,sector,source,price,pct,open,high,low,pre_close,amount,turnover,volume_ratio,quote_time,close_location,high_dist,low_rebound,price_vs_open,etf_name,etf_grade,etf_score,relative_strength,quality_score,quick_profit_score,oversold_score,held,cost,position_pnl,event_note,signal,action,final_score,priority
688052,纳芯微,当前持仓,持仓,199.53,-8.36,217.98,222.72,196.59,217.73,92830.0,3.14,1.15,20260717161430,0.1125143513203214,-10.412176724137934,1.495498245078597,-8.464079273327819,,C,50.0,-8.36,65.94,0.0,62.63,True,260.8,-23.49,,持仓观察,暂不补仓；等待反弹质量再决定,62.63,4
002916,深南电路,PCB,核心池,334.0,-8.24,358.0,359.99,327.6,364.0,482658.0,2.14,0.86,20260717161433,0.19759184933621426,-7.219644990138619,1.9536019536019467,-6.703910614525144,通信ETF,E,0.0,1.73,67.37,10.39,53.5,True,403.8,-17.29,,持仓观察,暂不补仓；等待反弹质量再决定,53.5,4
688120,华海清科,半导体设备,核心池,241.67,-6.49,258.43,265.5,240.88,258.43,501571.0,4.0,0.98,20260717161443,0.03208773354995905,-8.975517890772133,0.32796413151776616,-6.485315172387118,半导体ETF,E,7.53,1.19,67.4,8.88,49.61,True,327.26,-26.15,,持仓观察,暂不补仓；等待反弹质量再决定,49.61,4
688347,华虹公司,晶圆制造,核心池,309.0,-5.75,321.9,346.66,307.89,327.85,1145002.0,8.57,1.33,20260717161444,0.028630384317771797,-10.863670455201069,0.3605183669492362,-4.007455731593657,半导体ETF,E,7.53,1.93,68.12,14.42,47.5,True,360.5,-14.29,,持仓观察,暂不补仓；等待反弹质量再决定,47.5,4
688525,佰维存储,存储芯片,核心池,252.86,-15.78,287.0,292.76,252.1,300.25,1357281.0,10.65,1.27,20260717161440,0.018691588785047206,-13.628911053422588,0.3014676715589193,-11.895470383275253,芯片ETF,E,7.32,-8.78,68.27,0.0,77.58,True,353.7,-28.51,,持仓减法,行业弱且个股更弱；反弹优先减1手,77.58,3
300394,天孚通信,光模块/CPO,核心池,211.37,-13.42,238.68,241.0,207.0,244.13,1196238.0,5.02,1.24,20260717161421,0.128529411764706,-12.294605809128633,2.111111111111108,-11.442098206804086,通信ETF,E,0.0,-3.45,68.16,0.0,69.16,True,271.0,-22.0,,持仓减法,行业弱且个股更弱；反弹优先减1手,69.16,3
688498,源杰科技,光通信,核心池,1656.0,-9.31,1750.0,1752.94,1525.0,1825.98,1021011.0,5.07,1.27,20260717161455,0.5747126436781608,-5.530137939689894,8.59016393442622,-5.371428571428572,通信ETF,E,0.0,0.66,68.02,16.0,86.81,False,0.0,0.0,,行业禁买,通信ETF为E级，停止新增,86.81,1
301308,江波龙,存储芯片,核心池,396.0,-14.58,454.5,459.89,395.37,463.59,954196.0,8.09,1.21,20260717161406,0.009764414135151823,-13.892452542999411,0.15934441156384427,-12.871287128712872,芯片ETF,E,7.32,-7.58,67.96,0.0,73.93,False,0.0,0.0,,行业禁买,芯片ETF为E级，停止新增,73.93,1
688017,绿的谐波,机器人,核心池,326.1,-13.87,382.85,388.0,322.0,378.61,552204.0,8.7,1.28,20260717161450,0.062121212121212466,-15.953608247422679,1.273291925465836,-14.823037743241475,机器人ETF,E,15.19,-9.03,67.48,0.0,73.14,False,0.0,0.0,,行业禁买,机器人ETF为E级，停止新增,73.14,1
301205,联特科技,光模块/CPO,核心池,201.5,-14.26,235.0,236.0,199.63,235.0,159607.0,8.98,1.11,20260717161415,0.05141600219961519,-14.618644067796616,0.9367329559685444,-14.255319148936174,通信ETF,E,0.0,-4.29,66.41,0.0,71.4,False,0.0,0.0,,行业禁买,通信ETF为E级，停止新增,71.4,1
688008,澜起科技,存储/接口芯片,核心池,183.6,-13.04,205.01,207.88,182.36,211.13,1888048.0,8.53,1.31,20260717161456,0.048589341692789244,-11.679815278045025,0.6799736784382393,-10.44339300521926,芯片ETF,E,7.32,-6.04,76.55,0.0,70.69,False,0.0,0.0,2026-07-17公告：澜起科技:澜起科技2026年半年度业绩预增的自愿性公告；2026-07-17公告：澜起科技:澜起科技关于董事长兼首席执行官提议公司回购A股股份的公告,行业禁买,芯片ETF为E级，停止新增,70.69,1
300548,博创科技,光通信,核心池,166.21,-13.99,189.0,192.78,164.01,193.25,307292.0,6.49,1.21,20260717161406,0.07646854362182885,-13.782550057059861,1.34138162307178,-12.058201058201057,通信ETF,E,0.0,-4.02,66.98,0.0,70.69,False,0.0,0.0,,行业禁买,通信ETF为E级，停止新增,70.69,1
300418,昆仑万维,AI应用,核心池,41.99,-12.96,47.84,48.89,41.85,48.24,550944.0,10.37,1.05,20260717161451,0.01988636363636372,-14.113315606463484,0.3345280764635694,-12.228260869565222,人工智能ETF,E,0.42,-3.98,67.48,0.0,67.75,False,0.0,0.0,,行业禁买,人工智能ETF为E级，停止新增,67.75,1
300620,光库科技,光通信,核心池,238.9,-12.49,269.29,271.0,237.8,273.0,286570.0,4.63,0.95,20260717161418,0.03313253012048177,-11.845018450184497,0.4625735912531459,-11.28523153477664,通信ETF,E,0.0,-2.52,66.91,0.0,66.18,False,0.0,0.0,,行业禁买,通信ETF为E级，停止新增,66.18,1
300223,北京君正,芯片设计,核心池,153.82,-11.9,175.78,176.56,152.0,174.6,669803.0,9.82,1.04,20260717161430,0.07410423452768701,-12.879474399637525,1.1973684210526248,-12.492888838320637,芯片ETF,E,7.32,-4.9,67.65,0.0,65.84,False,0.0,0.0,,行业禁买,芯片ETF为E级，停止新增,65.84,1
600536,中国软件,软件,核心池,32.65,2.51,31.32,33.14,31.16,31.85,165781.0,6.06,1.27,20260717161459,0.7525252525252516,-1.4785757392878796,4.781771501925536,4.2464878671775175,云计算ETF,E,20.66,9.0,66.44,65.79,0.0,False,0.0,0.0,,行业禁买,云计算ETF为E级，停止新增,65.79,1
300308,中际旭创,光模块/CPO,核心池,979.46,-12.0,1057.36,1072.0,950.55,1113.0,5648563.0,5.06,1.63,20260717161445,0.23804034582132624,-8.632462686567166,3.041397085897657,-7.3674056139819815,通信ETF,E,0.0,-2.03,69.5,0.23,65.12,False,0.0,0.0,,行业禁买,通信ETF为E级，停止新增,65.12,1
688200,华峰测控,半导体设备,核心池,372.91,-11.63,420.0,422.0,370.0,422.0,310334.0,3.94,1.14,20260717161434,0.055961538461538944,-11.63270142180094,0.7864864864864929,-11.211904761904757,半导体ETF,E,7.53,-3.95,66.98,0.0,64.96,False,0.0,0.0,,行业禁买,半导体ETF为E级，停止新增,64.96,1
300900,广联航空,低空经济,核心池,24.62,-10.83,27.35,27.5,24.35,27.61,53437.0,8.11,0.64,20260717161418,0.08571428571428562,-10.472727272727267,1.1088295687885052,-9.981718464351008,军工ETF,E,20.17,-5.65,65.46,0.0,64.59,False,0.0,0.0,,行业禁买,军工ETF为E级，停止新增,64.59,1
688361,中科飞测,半导体设备,核心池,311.19,-11.26,348.8,351.0,308.0,350.69,478162.0,4.13,1.22,20260717161441,0.07418604651162786,-11.341880341880339,1.0357142857142954,-10.78268348623853,半导体ETF,E,7.53,-3.58,67.36,0.0,63.91,False,0.0,0.0,,行业禁买,半导体ETF为E级，停止新增,63.91,1
688037,芯源微,半导体设备,核心池,310.59,-11.01,354.55,354.98,305.0,349.0,263014.0,3.98,1.05,20260717161447,0.11184473789515752,-12.504929855203118,1.832786885245885,-12.398815399802576,半导体ETF,E,7.53,-3.33,66.84,0.0,63.08,False,0.0,0.0,,行业禁买,半导体ETF为E级，停止新增,63.08,1
002025,航天电器,商业航天,核心池,64.76,-9.99,71.63,72.0,64.76,71.95,148648.0,4.9,0.74,20260717161433,0.0,-10.05555555555555,0.0,-9.590953511098688,军工ETF,E,20.17,-4.81,66.34,0.0,62.22,False,0.0,0.0,,行业禁买,军工ETF为E级，停止新增,62.22,1
300502,新易盛,光模块/CPO,核心池,482.88,-11.01,518.0,520.9,452.96,542.6,3748557.0,6.06,1.57,20260717161445,0.4403885781571978,-7.298905740065265,6.605439773931487,-6.779922779922776,通信ETF,E,0.0,-1.04,69.15,7.24,62.09,False,0.0,0.0,,行业禁买,通信ETF为E级，停止新增,62.09,1
688183,生益电子,PCB,核心池,113.49,-11.09,126.36,126.6,112.93,127.65,266638.0,2.67,0.98,20260717161452,0.04096561814191577,-10.355450236966824,0.4958824050296462,-10.185185185185187,通信ETF,E,0.0,-1.12,66.85,0.0,61.97,False,0.0,0.0,,行业禁买,通信ETF为E级，停止新增,61.97,1
600118,中国卫星,商业航天,核心池,62.35,-9.85,68.0,68.85,62.24,69.16,436881.0,5.71,0.86,20260717161458,0.016641452344931855,-9.440813362381984,0.17673521850900542,-8.308823529411757,军工ETF,E,20.17,-4.67,67.28,0.0,61.95,False,0.0,0.0,,行业禁买,军工ETF为E级，停止新增,61.95,1
300476,胜宏科技,PCB,核心池,241.5,-10.86,266.55,268.1,236.96,270.93,1115349.0,5.15,1.24,20260717161424,0.14579319203596627,-9.921671018276768,1.9159351789331591,-9.39786156443444,通信ETF,E,0.0,-0.89,68.09,0.0,61.48,False,0.0,0.0,,行业禁买,通信ETF为E级，停止新增,61.48,1
002747,埃斯顿,机器人,核心池,38.19,-9.99,42.01,42.45,38.19,42.43,254690.0,8.36,0.58,20260717161427,0.0,-10.035335689045944,0.0,-9.093073077838609,机器人ETF,E,15.19,-5.15,66.81,0.0,61.39,False,0.0,0.0,,行业禁买,机器人ETF为E级，停止新增,61.39,1
688409,富创精密,半导体设备,核心池,193.99,-10.46,220.97,221.23,193.99,216.64,198351.0,3.1,0.95,20260717161454,0.0,-12.312977444288741,0.0,-12.20980223559759,半导体ETF,E,7.53,-2.78,66.59,0.0,61.39,False,0.0,0.0,,行业禁买,半导体ETF为E级，停止新增,61.39,1
603728,鸣志电器,机器人,核心池,49.54,-9.93,55.08,55.88,49.54,55.0,56012.0,2.58,1.13,20260717161431,0.0,-11.345740873299937,0.0,-10.05809731299927,机器人ETF,E,15.19,-5.09,65.5,0.0,61.0,False,0.0,0.0,,行业禁买,机器人ETF为E级，停止新增,61.0,1
600584,长电科技,封测,核心池,85.49,2.74,82.0,90.15,77.71,83.21,2078160.0,14.11,1.01,20260717161455,0.6254019292604497,-5.169162506932901,10.011581521039759,4.256097560975602,半导体ETF,E,7.53,10.42,72.64,60.59,0.0,False,0.0,0.0,2026-07-15公告：长电科技:江苏长电科技股份有限公司2026年半年度业绩预增公告,行业禁买,半导体ETF为E级，停止新增,60.59,1
603986,兆易创新,存储芯片,核心池,463.15,-10.0,500.0,509.88,463.15,514.61,3212231.0,10.05,1.01,20260717161454,0.0,-9.164901545461678,0.0,-7.37000000000001,芯片ETF,E,7.32,-3.0,69.01,0.0,60.36,False,0.0,0.0,,行业禁买,芯片ETF为E级，停止新增,60.36,1
002156,通富微电,封测,核心池,68.36,-9.99,74.97,75.94,68.36,75.95,1404001.0,13.05,0.83,20260717161403,0.0,-9.981564392941799,0.0,-8.816860077364275,半导体ETF,E,7.53,-2.31,68.29,0.0,60.25,False,0.0,0.0,,行业禁买,半导体ETF为E级，停止新增,60.25,1
603228,景旺电子,PCB,核心池,71.7,1.29,67.96,75.3,66.8,70.79,608321.0,8.57,2.19,20260717161500,0.5764705882352947,-4.7808764940239,7.335329341317376,5.503237198351996,通信ETF,E,0.0,11.26,67.57,60.2,0.0,False,0.0,0.0,,行业禁买,通信ETF为E级，停止新增,60.2,1
600183,生益科技,PCB,核心池,132.29,-10.0,144.84,146.0,132.29,146.99,1021733.0,3.16,0.97,20260717161453,0.0,-9.390410958904116,0.0,-8.664733499033428,通信ETF,E,0.0,-0.03,72.02,0.3,59.52,False,0.0,0.0,2026-07-14公告：生益科技:生益科技2026年半年度业绩预增公告,行业禁买,通信ETF为E级，停止新增,59.52,1
300347,泰格医药,CXO,核心池,49.02,-9.21,52.51,53.35,47.85,53.99,164109.0,5.76,1.01,20260717161442,0.21272727272727304,-8.116213683223993,2.445141065830714,-6.6463530756046385,医疗ETF,E,17.63,-4.71,66.43,0.0,59.43,False,0.0,0.0,,行业禁买,医疗ETF为E级，停止新增,59.43,1
002384,东山精密,PCB/消费电子,核心池,241.92,-10.0,258.01,260.0,241.92,268.8,2677433.0,7.87,0.97,20260717161415,0.0,-6.953846153846155,0.0,-6.236192395643581,通信ETF,E,0.0,-0.03,68.86,3.02,59.02,False,0.0,0.0,,行业禁买,通信ETF为E级，停止新增,59.02,1
603019,中科曙光,国产算力,核心池,87.89,-10.0,96.67,98.64,87.89,97.66,899910.0,6.67,0.86,20260717161445,0.0,-10.898215733982152,0.0,-9.082445432916108,人工智能ETF,E,0.42,-1.02,67.91,0.0,58.94,False,0.0,0.0,,行业禁买,人工智能ETF为E级，停止新增,58.94,1
688536,思瑞浦,模拟芯片,核心池,242.08,-9.33,267.0,267.0,239.01,267.0,130187.0,3.8,1.03,20260717161500,0.10968202929617794,-9.333333333333327,1.284465085142883,-9.333333333333327,芯片ETF,E,7.32,-2.33,66.23,0.0,57.9,False,0.0,0.0,,行业禁买,芯片ETF为E级，停止新增,57.9,1
603893,瑞芯微,芯片设计,核心池,202.0,-9.11,227.0,230.98,200.4,222.24,780734.0,8.6,1.44,20260717161431,0.052321778940483815,-12.546540826045538,0.7984031936127733,-11.013215859030833,芯片ETF,E,7.32,-2.11,67.79,0.0,57.49,False,0.0,0.0,,行业禁买,芯片ETF为E级，停止新增,57.49,1
300857,协创数据,AI服务器,核心池,212.76,-9.33,234.67,236.66,210.01,234.65,466557.0,4.32,1.15,20260717161406,0.10318949343339585,-10.09887602467675,1.309461454216465,-9.33651510631951,人工智能ETF,E,0.42,-0.35,67.34,0.0,56.84,False,0.0,0.0,,行业禁买,人工智能ETF为E级，停止新增,56.84,1
300607,拓斯达,机器人,核心池,32.06,-8.32,35.0,35.45,31.98,34.97,118724.0,10.56,0.96,20260717161436,0.02305475504322818,-9.562764456981665,0.250156347717323,-8.399999999999997,机器人ETF,E,15.19,-3.48,66.15,0.0,56.28,False,0.0,0.0,,行业禁买,机器人ETF为E级，停止新增,56.28,1
000938,紫光股份,AI服务器,核心池,35.13,-8.97,37.49,38.97,34.74,38.59,1470242.0,14.06,0.91,20260717161433,0.09219858156028389,-9.853733641262497,1.1226252158894612,-6.295012003200851,人工智能ETF,E,0.42,0.01,68.33,4.7,55.92,False,0.0,0.0,,行业禁买,人工智能ETF为E级，停止新增,55.92,1
000977,浪潮信息,AI服务器,核心池,77.4,-8.94,85.01,85.88,76.5,85.0,1221756.0,10.38,0.82,20260717161409,0.09594882729211153,-9.874243129948756,1.1764705882353121,-8.951888013174925,人工智能ETF,E,0.42,0.04,68.17,1.15,55.8,False,0.0,0.0,,行业禁买,人工智能ETF为E级，停止新增,55.8,1
002938,鹏鼎控股,PCB,核心池,93.89,-8.92,101.09,101.24,92.78,103.09,390006.0,1.76,0.83,20260717161427,0.13120567375886527,-7.259976293954951,1.1963785298555685,-7.122366208329211,通信ETF,E,0.0,1.05,67.18,6.74,55.51,False,0.0,0.0,,行业禁买,通信ETF为E级，停止新增,55.51,1
601138,工业富联,AI服务器,核心池,57.59,-8.62,62.02,62.44,56.82,63.02,920084.0,0.78,1.16,20260717161459,0.13701067615658424,-7.767456758488144,1.3551566349876865,-7.14285714285714,人工智能ETF,E,0.42,0.36,67.93,5.2,54.8,False,0.0,0.0,,行业禁买,人工智能ETF为E级，停止新增,54.8,1
300624,万兴科技,AI应用,核心池,45.71,-8.6,49.6,51.0,45.68,50.01,57391.0,6.99,1.18,20260717161448,0.005639097744361115,-10.372549019607845,0.06567425569177221,-7.842741935483877,人工智能ETF,E,0.42,0.38,65.52,1.51,54.36,False,0.0,0.0,,行业禁买,人工智能ETF为E级，停止新增,54.36,1
688981,中芯国际,晶圆制造,核心池,139.88,-7.85,150.01,155.51,139.02,151.8,1517166.0,5.15,1.02,20260717161452,0.0521528198908421,-10.050800591601828,0.6186160264709972,-6.752883141123922,半导体ETF,E,7.53,-0.17,68.36,5.3,53.84,False,0.0,0.0,,行业禁买,半导体ETF为E级，停止新增,53.84,1
300058,蓝色光标,AI应用,核心池,12.14,-8.24,13.0,13.73,12.1,13.23,492798.0,10.96,1.1,20260717161424,0.024539877300614053,-11.580480699198837,0.33057851239670644,-6.615384615384611,人工智能ETF,E,0.42,0.74,67.39,4.9,53.58,False,0.0,0.0,,行业禁买,人工智能ETF为E级，停止新增,53.58,1
603259,药明康德,CXO,核心池,117.89,-7.17,126.79,127.99,117.7,127.0,1041495.0,3.48,1.08,20260717161436,0.018464528668610095,-7.891241503242441,0.16142735768904792,-7.019481031627106,医疗ETF,E,17.63,-2.67,68.04,0.81,53.57,False,0.0,0.0,,行业禁买,医疗ETF为E级，停止新增,53.57,1
688126,沪硅产业,半导体材料,核心池,26.66,-7.75,28.88,29.4,26.35,28.9,418118.0,5.28,0.9,20260717161452,0.10163934426229476,-9.31972789115646,1.17647058823529,-7.686980609418281,半导体ETF,E,7.53,-0.07,67.24,4.92,53.36,False,0.0,0.0,,行业禁买,半导体ETF为E级，停止新增,53.36,1
601088,中国神华,煤炭,核心池,43.95,1.57,43.18,44.44,43.02,43.27,210560.0,0.29,1.27,20260717161455,0.654929577464791,-1.1026102610260935,2.1617852161785134,1.7832329782306644,煤炭ETF,D,44.15,3.38,66.65,53.2,0.0,False,0.0,0.0,,行业禁买,煤炭ETF为D级，停止新增,53.2,1
601689,拓普集团,机器人,核心池,50.67,-6.98,54.9,54.93,50.25,54.47,201523.0,2.23,1.1,20260717161445,0.08974358974359012,-7.755324959038779,0.8358208955223878,-7.704918032786878,机器人ETF,E,15.19,-2.14,66.61,1.46,52.33,False,0.0,0.0,,行业禁买,机器人ETF为E级，停止新增,52.33,1
300913,兆龙互连,高速铜缆,核心池,33.22,-7.7,35.8,36.09,33.18,35.99,26216.0,2.66,1.0,20260717161418,0.013745704467353641,-7.952341368800231,0.12055455093429313,-7.20670391061452,通信ETF,E,0.0,2.27,64.84,7.47,51.47,False,0.0,0.0,,行业禁买,通信ETF为E级，停止新增,51.47,1
688111,金山办公,软件,核心池,223.5,-6.14,234.0,240.0,223.5,238.12,275716.0,2.58,1.03,20260717161445,0.0,-6.874999999999998,0.0,-4.487179487179482,云计算ETF,E,20.66,0.35,66.88,13.11,50.84,False,0.0,0.0,,行业禁买,云计算ETF为E级，停止新增,50.84,1
600489,中金黄金,黄金,核心池,19.06,-4.65,19.5,19.63,18.69,19.99,200238.0,2.16,1.32,20260717161454,0.393617021276594,-2.9037187977585366,1.9796682718030922,-2.2564102564102684,黄金ETF,D,41.25,-4.03,70.6,18.73,50.67,False,0.0,0.0,2026-07-14公告：中金黄金:中金黄金股份有限公司2026年半年度业绩预增公告,行业禁买,黄金ETF为D级，停止新增,50.67,1
688256,寒武纪,国产AI芯片,核心池,1190.58,-6.93,1268.0,1278.0,1156.0,1279.22,2020771.0,2.65,1.26,20260717161448,0.28344262295081907,-6.840375586854464,2.9913494809688412,-6.1056782334384945,科创芯片ETF,E,4.28,1.11,68.61,12.71,50.54,False,0.0,0.0,,行业禁买,科创芯片ETF为E级，停止新增,50.54,1
688082,盛美上海,半导体设备,核心池,300.5,-6.81,328.23,330.0,300.0,322.47,282625.0,1.89,1.03,20260717161431,0.016666666666666666,-8.939393939393936,0.16666666666667052,-8.448344148919972,半导体ETF,E,7.53,0.87,66.9,4.91,50.49,False,0.0,0.0,,行业禁买,半导体ETF为E级，停止新增,50.49,1
300763,锦浪科技,光伏,核心池,57.8,-5.39,60.96,61.23,57.5,61.09,63475.0,3.34,0.97,20260717161448,0.0804289544235918,-5.60182916870815,0.521739130434784,-5.183727034120745,光伏ETF,D,32.19,-1.88,65.61,11.07,50.46,False,0.0,0.0,,行业禁买,光伏ETF为D级，停止新增,50.46,1
688019,安集科技,半导体材料,核心池,239.06,-6.81,250.1,259.49,239.06,256.53,275001.0,4.85,0.9,20260717161453,0.0,-7.873135766310845,0.0,-4.414234306277487,半导体ETF,E,7.53,0.87,62.88,9.39,49.85,False,0.0,0.0,2026-07-16公告：安集科技:部分董事及高级管理人员减持股份结果公告,行业禁买,半导体ETF为E级，停止新增,49.85,1
600588,用友网络,软件,核心池,8.82,-5.77,9.32,9.42,8.8,9.36,61242.0,1.99,1.16,20260717161443,0.032258064516128386,-6.369426751592355,0.2272727272727204,-5.364806866952787,云计算ETF,E,20.66,0.72,65.57,13.23,49.52,False,0.0,0.0,,行业禁买,云计算ETF为E级，停止新增,49.52,1
000963,华东医药,医药,核心池,30.1,-5.82,31.64,31.9,29.93,31.96,114056.0,2.13,1.2,20260717161403,0.08629441624365573,-5.642633228840122,0.5679919812896728,-4.867256637168138,医疗ETF,E,17.63,-1.32,66.11,8.31,49.21,False,0.0,0.0,,行业禁买,医疗ETF为E级，停止新增,49.21,1
002896,中大力德,机器人,核心池,67.28,-6.03,72.01,73.27,67.07,71.6,64008.0,4.71,1.0,20260717161430,0.03387096774193675,-8.175242254674487,0.3131057104517776,-6.568532148312745,机器人ETF,E,15.19,-1.19,61.61,3.67,48.68,False,0.0,0.0,2026-07-16公告：中大力德:关于控股股东及其一致行动人股份减持计划提前结束暨减持结果的公告,行业禁买,机器人ETF为E级，停止新增,48.68,1
603009,北特科技,机器人,核心池,42.02,-5.81,44.97,47.84,42.02,44.61,69202.0,4.52,2.05,20260717161432,0.0,-12.165551839464882,0.0,-6.559928841449847,机器人ETF,E,15.19,-0.97,65.68,4.51,48.67,False,0.0,0.0,,行业禁买,机器人ETF为E级，停止新增,48.67,1
002463,沪电股份,PCB,核心池,127.8,-6.52,134.09,136.45,123.05,136.72,1216124.0,4.98,1.24,20260717161421,0.35447761194029875,-6.339318431659946,3.8602194229987896,-4.690879260198377,通信ETF,E,0.0,3.45,68.17,20.82,48.47,False,0.0,0.0,,行业禁买,通信ETF为E级，停止新增,48.47,1
002050,三花智控,机器人,核心池,39.75,-4.97,41.7,41.99,38.48,41.83,391842.0,2.64,1.32,20260717161457,0.36182336182336217,-5.334603477018341,3.3004158004158013,-4.67625899280576,机器人ETF,E,15.19,-0.13,79.19,18.45,48.31,False,0.0,0.0,2026-07-18公告：三花智控:北京市中伦律师事务所关于浙江三花智能控制股份有限公司2024年限制性股票激励计划调整回购价格及回购注销部分限制性股票的法律意见书；2026-07-18公告：三花智控:关于2024年限制性股票激励计划调整回购价格的公告；2026-07-18公告：三花智控:关于回购注销部分限制性股票的公告,行业禁买,机器人ETF为E级，停止新增,48.31,1
600760,中航沈飞,军工,核心池,40.21,0.65,39.8,40.73,39.66,39.95,82050.0,0.72,1.2,20260717161500,0.5140186915887889,-1.2767002209673417,1.386787695411007,1.0301507537688437,军工ETF,E,20.17,5.83,61.83,47.34,0.0,False,0.0,0.0,2026-07-15公告：中航沈飞:中航沈飞股份有限公司2026年半年度业绩预减公告,行业禁买,军工ETF为E级，停止新增,47.34,1
688122,西部超导,军工,核心池,48.5,-4.98,50.53,51.29,48.5,51.04,61138.0,1.89,0.81,20260717161459,0.0,-5.439656853187758,0.0,-4.0174153967939885,军工ETF,E,20.17,0.2,65.57,12.92,47.06,False,0.0,0.0,,行业禁买,军工ETF为E级，停止新增,47.06,1
600276,恒瑞医药,创新药,核心池,53.19,-5.0,56.0,56.17,53.02,55.99,628326.0,1.82,0.91,20260717161445,0.05396825396825228,-5.305323126223971,0.3206337231233425,-5.017857142857151,医疗ETF,E,17.63,-0.5,67.6,10.09,46.99,False,0.0,0.0,,行业禁买,医疗ETF为E级，停止新增,46.99,1
603501,豪威集团,芯片设计,核心池,104.12,-5.22,109.03,112.48,103.33,109.85,519628.0,3.98,1.04,20260717161458,0.08633879781420828,-7.432432432432434,0.764540791638435,-4.503347702467209,芯片ETF,E,7.32,1.78,59.43,12.52,44.49,False,0.0,0.0,2026-07-17公告：豪威集团:关于控股股东部分股权质押及解除质押的公告；2026-07-15公告：豪威集团:关于控股股东部分股权质押的公告,行业禁买,芯片ETF为E级，停止新增,44.49,1
688041,海光信息,国产算力,核心池,304.88,-4.84,317.0,323.62,298.0,320.4,1105458.0,1.54,0.98,20260717161441,0.2685402029664323,-5.7907422285396475,2.308724832214759,-3.8233438485804405,人工智能ETF,E,0.42,4.14,68.09,22.54,43.49,False,0.0,0.0,,行业禁买,人工智能ETF为E级，停止新增,43.49,1
688599,天合光能,光伏,核心池,12.33,1.23,12.5,12.74,12.15,12.18,50094.0,1.73,1.31,20260717161454,0.30508474576271144,-3.2182103610675084,1.4814814814814836,-1.3599999999999945,光伏ETF,D,32.19,4.74,65.4,38.5,0.0,False,0.0,0.0,,行业禁买,光伏ETF为D级，停止新增,38.5,1
300024,机器人,机器人,核心池,15.17,-0.85,15.15,15.55,14.6,15.3,88116.0,3.75,0.9,20260717161442,0.5999999999999996,-2.443729903536984,3.904109589041105,0.13201320132012473,机器人ETF,E,15.19,3.99,65.89,37.97,0.0,False,0.0,0.0,,行业禁买,机器人ETF为E级，停止新增,37.97,1
600406,国电南瑞,电力设备,核心池,22.19,0.41,22.05,22.61,22.02,22.1,196533.0,1.1,1.85,20260717161442,0.28813559322034193,-1.8575851393188736,0.7720254314259822,0.6349206349206327,新能源车ETF,D,32.95,3.41,66.59,37.78,0.0,False,0.0,0.0,,行业禁买,新能源车ETF为D级，停止新增,37.78,1
002230,科大讯飞,AI应用,核心池,41.12,-2.07,41.63,42.3,40.03,41.99,218550.0,2.43,1.04,20260717161442,0.48017621145374373,-2.789598108747049,2.7229577816637374,-1.2250780687004692,人工智能ETF,E,0.42,6.91,66.68,37.19,0.0,False,0.0,0.0,,行业禁买,人工智能ETF为E级，停止新增,37.19,1
600519,贵州茅台,白酒消费,核心池,1253.0,-0.48,1269.01,1269.33,1238.98,1258.99,732273.0,0.47,1.14,20260717161459,0.46194398682042914,-1.2865054792685848,1.1315759737848818,-1.2616133836612753,酒ETF,D,31.27,1.19,67.73,35.42,0.0,False,0.0,0.0,,行业禁买,酒ETF为D级，停止新增,35.42,1
002594,比亚迪,新能源车,核心池,93.47,-0.71,94.14,95.95,91.9,94.14,644215.0,1.97,1.23,20260717161442,0.3876543209876529,-2.5846795205836437,1.7083786724700678,-0.7117059698321659,新能源车ETF,D,32.95,2.29,67.62,34.78,0.0,False,0.0,0.0,,行业禁买,新能源车ETF为D级，停止新增,34.78,1
601899,紫金矿业,有色金属,核心池,28.36,-3.04,28.65,28.82,27.92,29.25,824106.0,1.41,1.04,20260717161454,0.48888888888888715,-1.5961138098542715,1.5759312320916763,-1.0122164048865567,有色金属ETF,E,17.32,2.12,67.83,34.08,0.0,False,0.0,0.0,,行业禁买,有色金属ETF为E级，停止新增,34.08,1
300760,迈瑞医疗,医疗器械,核心池,149.43,-0.59,150.31,152.93,147.55,150.31,236738.0,1.31,1.15,20260717161445,0.3494423791821556,-2.288628784411173,1.2741443578447864,-0.5854567227729368,医疗ETF,E,17.63,3.91,66.75,33.38,0.0,False,0.0,0.0,,行业禁买,医疗ETF为E级，停止新增,33.38,1
601012,隆基绿能,光伏,核心池,11.75,-0.93,11.81,11.98,11.7,11.86,122504.0,1.37,0.92,20260717161441,0.17857142857143038,-1.9198664440734592,0.42735042735042583,-0.5080440304826461,光伏ETF,D,32.19,2.58,66.18,31.66,0.0,False,0.0,0.0,,行业禁买,光伏ETF为D级，停止新增,31.66,1
300496,中科创达,软件/智能驾驶,核心池,56.15,-2.06,56.55,59.3,55.74,57.33,138287.0,6.48,1.46,20260717161442,0.1151685393258419,-5.311973018549743,0.7355579476139074,-0.7073386383731228,人工智能ETF,E,0.42,6.92,66.28,31.48,0.0,False,0.0,0.0,,行业禁买,人工智能ETF为E级，停止新增,31.48,1
002371,北方华创,半导体设备,核心池,677.0,-3.67,693.3,707.78,660.01,702.76,1137935.0,2.29,1.06,20260717161427,0.3556625497173962,-4.348808951934213,2.5742034211602816,-2.3510745708928305,半导体ETF,E,7.53,4.01,68.11,28.16,0.0,False,0.0,0.0,,行业禁买,半导体ETF为E级，停止新增,28.16,1
601633,长城汽车,新能源车,核心池,15.66,-1.45,15.85,16.14,15.56,15.89,31783.0,0.32,1.14,20260717161432,0.17241379310344765,-2.9739776951672847,0.6426735218509005,-1.1987381703470024,新能源车ETF,D,32.95,1.55,65.0,27.78,0.0,False,0.0,0.0,,行业禁买,新能源车ETF为D级，停止新增,27.78,1
688012,中微公司,半导体设备,核心池,350.69,-2.97,364.62,368.04,341.86,361.42,1319184.0,3.94,1.1,20260717161439,0.3372803666921307,-4.714161504184333,2.5829286842567134,-3.8204157753277457,半导体ETF,E,7.53,4.71,68.24,27.77,0.0,False,0.0,0.0,,行业禁买,半导体ETF为E级，停止新增,27.77,1
688271,联影医疗,医疗器械,核心池,110.37,-1.21,112.3,113.43,109.86,111.72,97913.0,1.07,1.09,20260717161442,0.142857142857144,-2.6976990214229057,0.4642271982523205,-1.7186108637577857,医疗ETF,E,17.63,3.29,69.98,27.14,0.0,False,0.0,0.0,2026-07-14公告：联影医疗:联影医疗关于2025年年度权益分派实施后调整回购价格上限的公告,行业禁买,医疗ETF为E级，停止新增,27.14,1
688072,拓荆科技,半导体设备,核心池,699.08,-3.17,718.42,752.0,683.34,722.0,745379.0,3.67,0.75,20260717161444,0.22924555782114792,-7.0372340425531865,2.3033921620276843,-2.692018596364232,半导体ETF,E,7.53,4.51,67.74,26.79,0.0,False,0.0,0.0,,行业禁买,半导体ETF为E级，停止新增,26.79,1
300033,同花顺,金融科技,核心池,215.56,-2.2,220.8,226.8,214.33,220.4,464213.0,4.79,1.34,20260717161448,0.09863672814755332,-4.955908289241629,0.5738813978444446,-2.373188405797111,大数据ETF,E,12.59,4.5,67.33,26.56,0.0,False,0.0,0.0,,行业禁买,大数据ETF为E级，停止新增,26.56,1
300124,汇川技术,机器人,核心池,59.12,-1.97,60.18,60.8,58.57,60.31,191350.0,1.33,1.01,20260717161451,0.2466367713004475,-2.763157894736845,0.9390472938364258,-1.7613825191093446,机器人ETF,E,15.19,2.87,66.56,26.22,0.0,False,0.0,0.0,,行业禁买,机器人ETF为E级，停止新增,26.22,1
688160,步科股份,机器人,核心池,107.01,-2.23,109.99,114.51,103.8,109.45,41267.0,4.14,1.09,20260717161431,0.2997198879551826,-6.549646319098768,3.0924855491329506,-2.70933721247385,机器人ETF,E,15.19,2.61,65.23,24.85,0.0,False,0.0,0.0,,行业禁买,机器人ETF为E级，停止新增,24.85,1
300059,东方财富,券商,核心池,19.7,-0.61,19.79,20.44,19.67,19.82,903949.0,3.38,1.39,20260717161457,0.038961038961035845,-3.620352250489245,0.15251652262326942,-0.45477513895907373,证券ETF,D,31.59,0.83,67.91,24.61,0.0,False,0.0,0.0,,行业禁买,证券ETF为D级，停止新增,24.61,1
300002,神州泰岳,AI应用,核心池,7.87,-3.32,8.08,8.25,7.85,8.14,48739.0,3.28,0.77,20260717161451,0.05000000000000111,-4.606060606060602,0.2547770700636942,-2.5990099009901013,人工智能ETF,E,0.42,5.66,65.38,24.07,0.0,False,0.0,0.0,,行业禁买,人工智能ETF为E级，停止新增,24.07,1
000858,五粮液,白酒消费,核心池,72.76,-1.54,74.6,75.06,72.35,73.9,313097.0,1.1,0.94,20260717161433,0.15129151291513268,-3.0642152944311163,0.5666897028334672,-2.466487935656825,酒ETF,D,31.27,0.13,70.99,22.37,0.0,False,0.0,0.0,2026-07-16公告：五粮液:关于2025年度分红派息实施后调整回购股份价格上限的公告,行业禁买,酒ETF为D级，停止新增,22.37,1
300750,宁德时代,新能源车,核心池,360.0,-1.69,372.3,375.24,360.0,366.2,1884671.0,1.2,1.24,20260717161400,0.0,-4.061400703549733,0.0,-3.3037872683319924,新能源车ETF,D,32.95,1.31,68.55,21.91,0.0,False,0.0,0.0,,行业禁买,新能源车ETF为D级，停止新增,21.91,1
603993,洛阳钼业,有色金属,核心池,17.41,-4.34,17.84,17.9,17.19,18.2,373129.0,1.22,0.84,20260717161454,0.30985915492957705,-2.737430167597754,1.2798138452588592,-2.4103139013452846,有色金属ETF,E,17.32,0.82,67.14,21.61,0.0,False,0.0,0.0,,行业禁买,有色金属ETF为E级，停止新增,21.61,1
000568,泸州老窖,白酒消费,核心池,82.46,-2.04,84.16,85.62,81.95,84.18,158434.0,1.3,1.09,20260717161421,0.1389645776566732,-3.6907264657790373,0.6223306894447722,-2.019961977186313,酒ETF,D,31.27,-0.37,66.4,20.47,0.0,False,0.0,0.0,,行业禁买,酒ETF为D级，停止新增,20.47,1
600547,山东黄金,黄金,核心池,23.76,-4.04,24.31,24.55,23.26,24.76,201424.0,2.35,1.34,20260717161500,0.38759689922480645,-3.217922606924639,2.1496130696474713,-2.262443438914019,黄金ETF,D,41.25,-3.42,66.61,19.5,0.0,False,0.0,0.0,,行业禁买,黄金ETF为D级，停止新增,19.5,1
300274,阳光电源,光伏,核心池,101.61,-4.0,106.07,106.24,100.2,105.84,638499.0,3.92,0.82,20260717161442,0.23344370860927127,-4.358057228915657,1.4071856287425133,-4.204770434618643,光伏ETF,D,32.19,-0.49,67.61,19.33,0.0,False,0.0,0.0,,行业禁买,光伏ETF为D级，停止新增,19.33,1
600030,中信证券,券商,核心池,27.6,-1.78,28.0,28.27,27.6,28.1,475165.0,1.4,1.03,20260717161444,0.0,-2.37000353731871,0.0,-1.4285714285714235,证券ETF,D,31.59,-0.34,67.35,19.24,0.0,False,0.0,0.0,,行业禁买,证券ETF为D级，停止新增,19.24,1
002085,万丰奥威,低空经济,核心池,9.85,-3.71,10.23,10.33,9.78,10.23,30538.0,1.43,1.14,20260717161439,0.12727272727272762,-4.646660212971931,0.7157464212679043,-3.7145650048875933,军工ETF,E,20.17,1.47,64.97,18.95,0.0,False,0.0,0.0,,行业禁买,军工ETF为E级，停止新增,18.95,1
601688,华泰证券,券商,核心池,19.87,-2.41,20.32,20.49,19.86,20.36,158681.0,1.08,1.05,20260717161500,0.01587301587301838,-3.025866276232292,0.050352467270897705,-2.2145669291338543,证券ETF,D,31.59,-0.97,70.4,17.3,0.0,False,0.0,0.0,2026-07-15公告：华泰证券:华泰证券股份有限公司2026年半年度业绩预增公告,行业禁买,证券ETF为D级，停止新增,17.3,1
600893,航发动力,军工,核心池,32.33,-3.2,33.25,33.56,32.17,33.4,104770.0,1.2,0.7,20260717161450,0.11510791366906224,-3.6650774731823765,0.49735778675783493,-2.7669172932330843,军工ETF,E,20.17,1.98,66.04,17.06,0.0,False,0.0,0.0,,行业禁买,军工ETF为E级，停止新增,17.06,1
600809,山西汾酒,白酒消费,核心池,116.24,-2.44,119.15,120.5,116.11,119.15,128694.0,0.9,0.8,20260717161500,0.029612756264235863,-3.535269709543576,0.11196279390233155,-2.442299622324806,酒ETF,D,31.27,-0.77,66.22,16.84,0.0,False,0.0,0.0,,行业禁买,酒ETF为D级，停止新增,16.84,1
300699,光威复材,军工,核心池,24.39,-3.94,25.46,25.69,24.37,25.39,46637.0,2.27,0.85,20260717161424,0.015151515151514826,-5.060334760607244,0.08206811653672652,-4.202670856245094,军工ETF,E,20.17,1.24,65.34,15.75,0.0,False,0.0,0.0,,行业禁买,军工ETF为E级，停止新增,15.75,1
600188,兖矿能源,煤炭,核心池,18.9,-2.93,19.46,19.79,18.88,19.47,94283.0,0.82,0.72,20260717161457,0.021978021978021504,-4.497220818595249,0.10593220338983578,-2.877697841726634,煤炭ETF,D,44.15,-1.12,69.95,15.66,0.0,False,0.0,0.0,2026-07-15公告：兖矿能源:兖矿能源集团股份有限公司2026年半年度业绩预增公告,行业禁买,煤炭ETF为D级，停止新增,15.66,1
601127,赛力斯,新能源车,核心池,54.3,-3.67,56.37,56.93,54.06,56.37,140046.0,1.63,0.67,20260717161431,0.08362369337978923,-4.619708413841561,0.443951165371792,-3.672166045769032,新能源车ETF,D,32.95,-0.67,74.29,13.95,0.0,False,0.0,0.0,2026-07-15公告：赛力斯:关于公司董事、高级管理人员及骨干团队增持A股及H股股份计划公告；2026-07-14公告：赛力斯:关于控股股东增持计划的公告,行业禁买,新能源车ETF为D级，停止新增,13.95,1
300433,蓝思科技,消费电子,核心池,34.24,-10.6,38.2,38.39,33.83,38.3,531046.0,3.01,1.29,20260717161454,0.08991228070175515,-10.81010679864548,1.2119420632574762,-10.366492146596862,,C,50.0,-10.6,67.45,0.0,69.59,False,0.0,0.0,,回避,当前无优势,69.59,0
002126,银轮股份,汽车零部件,核心池,43.25,-10.01,47.57,47.95,43.25,48.06,145441.0,4.06,1.39,20260717161439,0.0,-9.801876955161637,0.0,-9.081353794408242,,C,50.0,-10.01,66.33,0.0,67.64,False,0.0,0.0,,回避,当前无优势,67.64,0
601398,工商银行,银行,核心池,7.57,2.44,7.4,7.59,7.39,7.39,537012.0,0.27,1.56,20260717161458,0.9000000000000022,-0.26350461133068936,2.435723951285529,2.297297297297307,沪深300ETF,C,50.1,5.89,67.46,67.3,0.0,False,0.0,0.0,,回避,当前无优势,67.3,0
601288,农业银行,银行,核心池,6.39,1.43,6.29,6.42,6.28,6.3,342370.0,0.17,1.32,20260717161444,0.7857142857142835,-0.4672897196261738,1.7515923566878921,1.5898251192368873,沪深300ETF,C,50.1,4.88,67.07,61.46,0.0,False,0.0,0.0,,回避,当前无优势,61.46,0
603881,数据港,数据中心,核心池,23.46,-7.57,24.45,25.31,23.2,25.38,120009.0,5.73,0.91,20260717161500,0.12322274881516665,-7.309363887791376,1.1206896551724244,-4.049079754601226,,C,50.0,-7.57,66.16,3.84,60.3,False,0.0,0.0,,回避,当前无优势,60.3,0
600900,长江电力,红利电力,核心池,27.99,1.97,27.61,28.19,27.35,27.45,680222.0,0.99,1.57,20260717161456,0.7619047619047585,-0.709471443774401,2.3400365630712905,1.3763129300977894,红利ETF,B,65.45,2.32,67.67,59.03,0.0,False,0.0,0.0,,回避,当前无优势,59.03,0
300442,润泽科技,数据中心,核心池,64.36,-6.83,68.56,68.8,63.16,69.08,235863.0,2.19,0.89,20260717161457,0.21276595744680898,-6.45348837209302,1.899936668777702,-6.126021003500592,,C,50.0,-6.83,66.75,4.7,58.17,False,0.0,0.0,,回避,当前无优势,58.17,0
601728,中国电信,通信运营,核心池,6.01,2.04,5.88,6.02,5.86,5.89,109074.0,0.24,1.58,20260717161455,0.937500000000001,-0.16611295681062677,2.5597269624573205,2.2108843537415046,,C,50.0,2.04,66.08,56.9,0.0,False,0.0,0.0,,回避,当前无优势,56.9,0
000333,美的集团,家电消费,核心池,82.71,1.11,82.31,83.45,81.34,81.8,381761.0,0.67,1.22,20260717161427,0.649289099526062,-0.8867585380467502,1.6842881731005566,0.4859676831490578,沪深300ETF,C,50.1,4.56,67.16,56.69,0.0,False,0.0,0.0,,回避,当前无优势,56.69,0
600036,招商银行,银行,核心池,38.02,0.93,37.76,38.2,37.68,37.67,440407.0,0.56,1.3,20260717161449,0.6538461538461565,-0.47120418848167755,0.9023354564756003,0.6885593220339103,沪深300ETF,C,50.1,4.38,67.29,56.58,0.0,False,0.0,0.0,,回避,当前无优势,56.58,0
002475,立讯精密,消费电子,核心池,58.05,-5.73,61.0,61.5,57.09,61.58,843777.0,1.96,1.12,20260717161403,0.21768707482993072,-5.609756097560981,1.6815554387808573,-4.836065573770498,,C,50.0,-5.73,67.85,9.83,55.05,False,0.0,0.0,,回避,当前无优势,55.05,0
601166,兴业银行,银行,核心池,17.75,0.51,17.69,17.88,17.61,17.66,210356.0,0.56,1.16,20260717161444,0.5185185185185215,-0.7270693512304249,0.7950028392958552,0.33917467495758746,沪深300ETF,C,50.1,3.96,66.65,52.44,0.0,False,0.0,0.0,,回避,当前无优势,52.44,0
300454,深信服,网络安全,核心池,107.48,-4.55,114.59,119.85,105.0,112.6,248098.0,7.72,1.12,20260717161409,0.16700336700336735,-10.321234876929486,2.361904761904765,-6.204729906623618,,C,50.0,-4.55,66.79,10.1,51.34,False,0.0,0.0,,回避,当前无优势,51.34,0
000651,格力电器,家电消费,核心池,39.95,0.3,39.83,40.31,39.68,39.83,273316.0,1.24,1.44,20260717161436,0.42857142857143177,-0.8930786405358493,0.6804435483870996,0.3012804418779824,沪深300ETF,C,50.1,3.75,62.87,49.49,0.0,False,0.0,0.0,2026-07-16公告：格力电器:关于持股5%以上股东股份补充质押的公告,回避,当前无优势,49.49,0
601601,中国太保,保险,核心池,29.75,-0.44,30.02,30.23,29.48,29.88,200462.0,0.98,1.09,20260717161455,0.35999999999999943,-1.5878266622560422,0.915875169606517,-0.8994003997335076,沪深300ETF,C,50.1,3.01,66.6,45.33,0.0,False,0.0,0.0,,回避,当前无优势,45.33,0
600887,伊利股份,食品消费,核心池,26.11,0.31,26.15,26.44,26.03,26.03,176092.0,1.07,1.05,20260717161449,0.19512195121950796,-1.2481089258699063,0.307337687283904,-0.1529636711281035,沪深300ETF,C,50.1,3.76,62.49,44.73,0.0,False,0.0,0.0,2026-07-15公告：伊利股份:内蒙古伊利实业集团股份有限公司关于股东股份质押公告,回避,当前无优势,44.73,0
603288,海天味业,食品消费,核心池,36.0,-0.88,36.1,36.63,35.79,36.32,103751.0,0.52,1.2,20260717161430,0.25,-1.7199017199017286,0.5867560771165126,-0.27700831024931594,沪深300ETF,C,50.1,2.57,74.03,44.54,0.0,False,0.0,0.0,2026-07-15公告：海天味业:海天味业关于回购注销股份、减少注册资本暨通知债权人的公告；2026-07-15公告：海天味业:海天味业关于以集中竞价交易方式回购A股股份的回购报告书,回避,当前无优势,44.54,0
601318,中国平安,保险,核心池,50.7,0.06,50.66,51.45,50.58,50.67,546412.0,1.01,1.18,20260717161450,0.13793103448276312,-1.4577259475218707,0.23724792408066353,0.07895775759969581,沪深300ETF,C,50.1,3.51,67.48,44.36,0.0,False,0.0,0.0,,回避,当前无优势,44.36,0
002439,启明星辰,网络安全,核心池,13.12,0.15,13.03,13.46,12.65,13.1,50309.0,5.27,1.22,20260717161436,0.5802469135802452,-2.5260029717682153,3.7154150197628466,0.6907137375287808,,C,50.0,0.15,65.4,39.53,0.0,False,0.0,0.0,,回避,当前无优势,39.53,0
600941,中国移动,通信运营,核心池,93.4,0.38,93.0,94.6,92.81,93.05,156707.0,1.85,1.65,20260717161439,0.3296089385474894,-1.2684989429175397,0.6357073591207962,0.43010752688172893,,C,50.0,0.38,66.39,39.3,0.0,False,0.0,0.0,,回避,当前无优势,39.3,0
002241,歌尔股份,消费电子,核心池,23.01,-0.04,23.0,23.57,22.09,23.02,311312.0,4.35,1.01,20260717161448,0.6216216216216226,-2.375901569792105,4.16478044363966,0.04347826086956719,,C,50.0,-0.04,66.99,39.15,0.0,False,0.0,0.0,,回避,当前无优势,39.15,0
600050,中国联通,通信运营,核心池,4.26,-0.47,4.26,4.31,4.24,4.28,89998.0,0.68,1.14,20260717161449,0.2857142857142821,-1.1600928074245953,0.4716981132075304,0.0,,C,50.0,-0.47,65.91,35.5,0.0,False,0.0,0.0,,回避,当前无优势,35.5,0
688561,奇安信,网络安全,核心池,25.41,-0.9,25.88,26.1,24.63,25.64,31501.0,1.82,1.16,20260717161455,0.5306122448979591,-2.643678160919549,3.166869671132777,-1.8160741885625886,,C,50.0,-0.9,65.0,32.22,0.0,False,0.0,0.0,,回避,当前无优势,32.22,0
600845,宝信软件,数据中心,核心池,18.65,-2.05,18.87,19.2,18.44,19.04,40148.0,1.0,0.79,20260717161455,0.2763157894736814,-2.864583333333337,1.1388286334056197,-1.1658717541070618,,C,50.0,-2.05,65.21,25.54,0.0,False,0.0,0.0,,回避,当前无优势,25.54,0
002415,海康威视,安防AI,核心池,33.15,-2.84,34.13,34.5,32.82,34.12,322335.0,1.06,1.17,20260717161406,0.19642857142857045,-3.913043478260869,1.0054844606946833,-2.871374157632589,,C,50.0,-2.84,67.02,19.98,0.0,False,0.0,0.0,,回避,当前无优势,19.98,0
002460,赣锋锂业,锂电,核心池,48.48,-2.98,50.04,50.88,48.33,49.97,249098.0,4.15,0.99,20260717161448,0.05882352941176405,-4.716981132075482,0.3103662321539469,-3.1175059952038398,,C,50.0,-2.98,66.79,16.8,0.0,False,0.0,0.0,,回避,当前无优势,16.8,0
002920,德赛西威,智能驾驶,核心池,82.14,-4.41,85.9,87.04,81.8,85.93,67567.0,1.35,0.82,20260717161442,0.06488549618320665,-5.629595588235303,0.415647921760387,-4.377182770663568,,C,50.0,-4.41,65.66,10.99,0.0,False,0.0,0.0,,回避,当前无优势,10.99,0
