code,name,sector,source,price,pct,open,high,low,pre_close,amount,turnover,volume_ratio,quote_time,close_location,high_dist,low_rebound,price_vs_open,etf_name,etf_grade,etf_score,relative_strength,quality_score,quick_profit_score,oversold_score,explosion_index,explosion_reason,held,cost,position_pnl,event_note,signal,action,final_score,priority,life_stage,coach_score,candidate_grade,recommend_reasons,deduct_reasons,human_adjust,coach_action,coach_priority
603127,昭衍新药,自动发现,今日自动发现,49.12,4.51,44.28,49.4,42.5,47.0,361250.0,12.39,1.05,20260721161443,0.9594202898550723,-0.5668016194331993,15.576470588235281,10.930442637759707,,C,50.0,4.51,55.12,100.0,0.0,0.0,,False,0.0,0,,回避,当前无优势,100.0,0,未知,100.0,A,明显强于行业；价格接近日内强势区；量能较健康；开盘后仍有承接；市场总体风险较低,无明显额外扣分,0.0,一级候选：尾盘确认后小仓，禁止急拉追买,5
301217,铜冠铜箔,自动发现,今日自动发现,107.54,4.17,90.0,109.47,82.59,103.24,709123.0,9.19,2.13,20260721161451,0.928199404761905,-1.7630401023111308,30.20946845865118,19.488888888888887,,C,50.0,4.17,55.7,100.0,0.0,0.0,,False,0.0,0,,回避,当前无优势,100.0,0,未知,100.0,A,明显强于行业；价格接近日内强势区；量能较健康；开盘后仍有承接；当日未明显追高；市场总体风险较低,无明显额外扣分,0.0,一级候选：尾盘确认后小仓，禁止急拉追买,5
300017,网宿科技,自动发现,今日自动发现,14.96,4.98,14.15,14.97,13.81,14.25,362155.0,10.63,1.29,20260721161424,0.9913793103448277,-0.06680026720107257,8.327299058653148,5.72438162544171,,C,50.0,4.98,55.12,95.62,0.0,0.0,,False,0.0,0,,回避,当前无优势,95.62,0,未知,98.62,A,明显强于行业；价格接近日内强势区；量能较健康；开盘后仍有承接；市场总体风险较低,无明显额外扣分,0.0,一级候选：尾盘确认后小仓，禁止急拉追买,5
300450,先导智能,自动发现,今日自动发现,32.76,4.76,31.4,32.78,31.11,31.27,191676.0,3.83,1.45,20260721161421,0.9880239520958065,-0.061012812690675045,5.303760848601735,4.331210191082802,,C,50.0,4.76,54.57,92.92,0.0,0.0,,False,0.0,0,,回避,当前无优势,92.92,0,未知,95.92,A,明显强于行业；价格接近日内强势区；量能较健康；开盘后仍有承接；市场总体风险较低,无明显额外扣分,0.0,一级候选：尾盘确认后小仓，禁止急拉追买,5
688578,艾力斯,自动发现,今日自动发现,133.0,4.38,124.88,134.6,122.8,127.42,216120.0,3.75,1.11,20260721161458,0.8644067796610174,-1.1887072808320909,8.306188925081436,6.502242152466375,,C,50.0,4.38,54.67,92.73,0.0,0.0,,False,0.0,0,,回避,当前无优势,92.73,0,未知,95.73,A,明显强于行业；价格接近日内强势区；量能较健康；开盘后仍有承接；当日未明显追高；市场总体风险较低,无明显额外扣分,0.0,一级候选：尾盘确认后小仓，禁止急拉追买,5
300458,全志科技,自动发现,今日自动发现,37.53,4.48,35.71,37.72,34.13,35.92,378866.0,12.8,1.1,20260721161409,0.9470752089136496,-0.5037115588547136,9.961910342806913,5.096611593391209,,C,50.0,4.48,55.16,92.6,0.0,0.0,,False,0.0,0,,回避,当前无优势,92.6,0,未知,95.6,A,明显强于行业；价格接近日内强势区；量能较健康；开盘后仍有承接；当日未明显追高；市场总体风险较低,无明显额外扣分,0.0,一级候选：尾盘确认后小仓，禁止急拉追买,5
002466,天齐锂业,自动发现,今日自动发现,43.69,3.31,40.99,43.78,40.44,42.29,319588.0,5.1,1.06,20260721161442,0.9730538922155678,-0.20557332115122007,8.036597428288816,6.586972432300553,,C,50.0,3.31,55.01,91.86,0.0,0.0,,False,0.0,0,,回避,当前无优势,91.86,0,未知,94.86,A,明显强于行业；价格接近日内强势区；量能较健康；开盘后仍有承接；当日未明显追高；市场总体风险较低,无明显额外扣分,0.0,一级候选：尾盘确认后小仓，禁止急拉追买,5
300085,银之杰,自动发现,今日自动发现,31.74,4.3,30.13,31.97,29.26,30.43,241541.0,11.99,1.13,20260721161400,0.9151291512915126,-0.7194244604316613,8.475734791524259,5.343511450381677,,C,50.0,4.3,54.77,91.81,0.0,0.0,,False,0.0,0,,回避,当前无优势,91.81,0,未知,94.81,A,明显强于行业；价格接近日内强势区；量能较健康；开盘后仍有承接；当日未明显追高；市场总体风险较低,无明显额外扣分,0.0,一级候选：尾盘确认后小仓，禁止急拉追买,5
600909,华安证券,自动发现,今日自动发现,8.45,4.58,8.08,8.5,7.79,8.08,227027.0,5.55,1.02,20260721161456,0.9295774647887314,-0.5882352941176561,8.472400513478817,4.579207920792072,,C,50.0,4.58,54.71,91.77,0.0,0.0,,False,0.0,0,,回避,当前无优势,91.77,0,未知,94.77,A,明显强于行业；价格接近日内强势区；量能较健康；开盘后仍有承接；市场总体风险较低,无明显额外扣分,0.0,一级候选：尾盘确认后小仓，禁止急拉追买,5
300738,奥飞数据,自动发现,今日自动发现,21.78,4.21,20.7,21.92,20.12,20.9,200487.0,9.65,1.41,20260721161442,0.9222222222222219,-0.6386861313868675,8.250497017892645,5.21739130434784,,C,50.0,4.21,54.6,91.48,0.0,0.0,,False,0.0,0,,回避,当前无优势,91.48,0,未知,94.48,A,明显强于行业；价格接近日内强势区；量能较健康；开盘后仍有承接；当日未明显追高；市场总体风险较低,无明显额外扣分,0.0,一级候选：尾盘确认后小仓，禁止急拉追买,5
300209,行云科技,自动发现,今日自动发现,26.99,4.45,25.7,27.45,23.23,25.84,300182.0,15.91,1.06,20260721161454,0.8909952606635069,-1.6757741347905308,16.185966422729226,5.019455252918292,,C,50.0,4.45,54.95,91.39,0.0,10.0,换手率偏高,False,0.0,0,,回避,当前无优势,91.39,0,未知,94.39,A,明显强于行业；价格接近日内强势区；量能较健康；开盘后仍有承接；当日未明显追高；市场总体风险较低,无明显额外扣分,0.0,一级候选：尾盘确认后小仓，禁止急拉追买,5
300390,天华新能,自动发现,今日自动发现,55.82,4.67,54.0,55.9,50.74,53.33,252580.0,6.99,1.0,20260721161421,0.9844961240310081,-0.14311270125223485,10.011824990145834,3.370370370370379,,C,50.0,4.67,54.8,91.33,0.0,0.0,,False,0.0,0,,回避,当前无优势,91.33,0,未知,94.33,A,明显强于行业；价格接近日内强势区；量能较健康；开盘后仍有承接；市场总体风险较低,无明显额外扣分,0.0,一级候选：尾盘确认后小仓，禁止急拉追买,5
300454,深信服,自动发现,今日自动发现,116.6,3.17,110.03,116.6,107.0,113.02,317329.0,9.78,1.38,20260721161409,1.0,0.0,8.971962616822427,5.971098791238738,,C,50.0,3.17,55.0,91.09,0.0,0.0,,False,0.0,0,,回避,当前无优势,91.09,0,未知,94.09,A,明显强于行业；价格接近日内强势区；量能较健康；开盘后仍有承接；当日未明显追高；市场总体风险较低,无明显额外扣分,0.0,一级候选：尾盘确认后小仓，禁止急拉追买,5
300058,蓝色光标,自动发现,今日自动发现,12.59,3.71,12.02,12.6,11.42,12.14,392370.0,9.29,1.03,20260721161421,0.9915254237288137,-0.07936507936507908,10.245183887915932,4.742096505823623,,C,50.0,3.71,55.19,90.77,0.0,0.0,,False,0.0,0,,回避,当前无优势,90.77,0,未知,93.77,A,明显强于行业；价格接近日内强势区；量能较健康；开盘后仍有承接；当日未明显追高；市场总体风险较低,无明显额外扣分,0.0,一级候选：尾盘确认后小仓，禁止急拉追买,5
600111,北方稀土,自动发现,今日自动发现,39.36,4.74,38.2,39.46,37.65,37.58,345237.0,2.47,1.41,20260721161442,0.9447513812154689,-0.25342118601114905,4.54183266932271,3.03664921465967,,C,50.0,4.74,55.08,90.42,0.0,0.0,,False,0.0,0,,回避,当前无优势,90.42,0,未知,93.42,A,明显强于行业；价格接近日内强势区；量能较健康；开盘后仍有承接；市场总体风险较低,无明显额外扣分,0.0,一级候选：尾盘确认后小仓，禁止急拉追买,5
000636,风华高科,自动发现,今日自动发现,44.32,5.83,41.0,44.89,37.69,41.88,722056.0,15.15,1.73,20260721161421,0.9208333333333333,-1.2697705502339063,17.590872910586363,8.097560975609763,,C,50.0,5.83,55.72,100.0,0.0,10.0,换手率偏高,False,0.0,0,,回避,当前无优势,100.0,0,未知,93.0,A,明显强于行业；价格接近日内强势区；量能较健康；开盘后仍有承接；市场总体风险较低,接近追高区；人工设置禁止追高,0.0,一级候选：尾盘确认后小仓，禁止急拉追买,5
688146,中船特气,自动发现,今日自动发现,212.0,5.58,192.48,215.0,161.37,200.8,508786.0,18.78,1.68,20260721161434,0.9440611597986202,-1.3953488372092981,31.375100700254066,10.14131338320865,,C,50.0,5.58,55.41,100.0,0.0,10.0,换手率偏高,False,0.0,0,,回避,当前无优势,100.0,0,未知,93.0,A,明显强于行业；价格接近日内强势区；量能较健康；开盘后仍有承接；市场总体风险较低,接近追高区；人工设置禁止追高,0.0,一级候选：尾盘确认后小仓，禁止急拉追买,5
300759,康龙化成,自动发现,今日自动发现,39.36,5.58,36.56,39.45,36.44,37.28,397982.0,7.38,0.77,20260721161454,0.9700996677740853,-0.22813688212928174,8.013172338090024,7.658643326039383,,C,50.0,5.58,55.2,99.59,0.0,0.0,,False,0.0,0,,回避,当前无优势,99.59,0,未知,92.59,A,明显强于行业；价格接近日内强势区；开盘后仍有承接；市场总体风险较低,接近追高区；人工设置禁止追高,0.0,一级候选：尾盘确认后小仓，禁止急拉追买,5
603186,华正新材,自动发现,今日自动发现,148.0,3.23,140.51,149.49,129.03,143.37,365206.0,16.82,1.38,20260721161453,0.927174975562072,-0.9967221887751787,14.702007285127493,5.330581453277361,,C,50.0,3.23,55.13,89.12,0.0,10.0,换手率偏高,False,0.0,0,,回避,当前无优势,89.12,0,未知,92.12,A,明显强于行业；价格接近日内强势区；量能较健康；开盘后仍有承接；当日未明显追高；市场总体风险较低,无明显额外扣分,0.0,一级候选：尾盘确认后小仓，禁止急拉追买,5
603618,杭电股份,自动发现,今日自动发现,27.28,3.77,26.33,27.35,23.66,26.29,211297.0,11.95,1.53,20260721161446,0.9810298102981029,-0.255941499085921,15.300084530853763,3.6080516521078687,,C,50.0,3.77,54.65,89.08,0.0,0.0,,False,0.0,0,,回避,当前无优势,89.08,0,未知,92.08,A,明显强于行业；价格接近日内强势区；量能较健康；开盘后仍有承接；当日未明显追高；市场总体风险较低,无明显额外扣分,0.0,一级候选：尾盘确认后小仓，禁止急拉追买,5
688777,中控技术,自动发现,今日自动发现,94.58,3.93,91.0,95.26,86.0,91.0,198260.0,2.74,1.17,20260721161454,0.9265658747300209,-0.7138358177619208,9.976744186046504,3.9340659340659334,,C,50.0,3.93,54.59,89.01,0.0,0.0,,False,0.0,0,,回避,当前无优势,89.01,0,未知,92.01,A,明显强于行业；价格接近日内强势区；量能较健康；开盘后仍有承接；当日未明显追高；市场总体风险较低,无明显额外扣分,0.0,一级候选：尾盘确认后小仓，禁止急拉追买,5
000066,中国长城,自动发现,今日自动发现,14.99,4.1,14.58,15.07,13.58,14.4,287565.0,6.14,0.97,20260721161445,0.9463087248322147,-0.5308560053085554,10.382916053019153,2.8120713305898493,,C,50.0,4.1,54.92,88.34,0.0,0.0,,False,0.0,0,,回避,当前无优势,88.34,0,未知,91.34,A,明显强于行业；价格接近日内强势区；量能较健康；开盘后仍有承接；当日未明显追高；市场总体风险较低,无明显额外扣分,0.0,一级候选：尾盘确认后小仓，禁止急拉追买,5
002460,赣锋锂业,自动发现,今日自动发现,47.69,3.43,45.85,47.81,45.19,46.11,237564.0,4.19,0.98,20260721161406,0.9541984732824411,-0.2509935160008414,5.53219738880284,4.013086150490719,,C,50.0,3.43,54.75,88.25,0.0,0.0,,False,0.0,0,,回避,当前无优势,88.25,0,未知,91.25,A,明显强于行业；价格接近日内强势区；量能较健康；开盘后仍有承接；当日未明显追高；市场总体风险较低,无明显额外扣分,0.0,一级候选：尾盘确认后小仓，禁止急拉追买,5
000831,中国稀土,自动发现,今日自动发现,49.88,5.75,47.1,49.93,47.0,47.17,212984.0,4.09,1.56,20260721161430,0.9829351535836187,-0.10014019627477833,6.127659574468081,5.9023354564755826,,C,50.0,5.75,54.66,97.75,0.0,0.0,,False,0.0,0,,回避,当前无优势,97.75,0,未知,90.75,A,明显强于行业；价格接近日内强势区；量能较健康；开盘后仍有承接；市场总体风险较低,接近追高区；人工设置禁止追高,0.0,一级候选：尾盘确认后小仓，禁止急拉追买,5
000792,盐湖股份,自动发现,今日自动发现,25.2,2.94,24.26,25.2,24.22,24.48,217016.0,1.65,1.08,20260721161445,1.0,0.0,4.046242774566466,3.8746908491343657,,C,50.0,2.94,54.67,87.5,0.0,0.0,,False,0.0,0,,回避,当前无优势,87.5,0,未知,90.5,A,明显强于行业；价格接近日内强势区；量能较健康；开盘后仍有承接；当日未明显追高；市场总体风险较低,无明显额外扣分,0.0,一级候选：尾盘确认后小仓，禁止急拉追买,5
002821,凯莱英,自动发现,今日自动发现,169.5,4.3,161.65,170.0,158.5,162.51,213963.0,4.12,0.73,20260721161439,0.9565217391304348,-0.2941176470588225,6.940063091482651,4.856170739251464,,C,50.0,4.3,54.66,87.24,0.0,0.0,,False,0.0,0,,回避,当前无优势,87.24,0,未知,90.24,A,明显强于行业；价格接近日内强势区；开盘后仍有承接；当日未明显追高；市场总体风险较低,无明显额外扣分,0.0,一级候选：尾盘确认后小仓，禁止急拉追买,5
300442,润泽科技,自动发现,今日自动发现,68.71,3.17,66.6,68.73,61.64,66.6,305914.0,2.83,1.25,20260721161439,0.9971791255289125,-0.02909937436346155,11.46982478909797,3.1681681681681617,,C,50.0,3.17,54.97,87.17,0.0,0.0,,False,0.0,0,,回避,当前无优势,87.17,0,未知,90.17,A,明显强于行业；价格接近日内强势区；量能较健康；开盘后仍有承接；当日未明显追高；市场总体风险较低,无明显额外扣分,0.0,一级候选：尾盘确认后小仓，禁止急拉追买,5
002364,中恒电气,自动发现,今日自动发现,39.99,5.88,37.9,40.26,33.99,37.77,205528.0,9.84,1.25,20260721161457,0.9569377990430628,-0.6706408345752535,17.65225066195939,5.514511873350925,,C,50.0,5.88,54.63,97.11,0.0,0.0,,False,0.0,0,,回避,当前无优势,97.11,0,未知,90.11,A,明显强于行业；价格接近日内强势区；量能较健康；开盘后仍有承接；市场总体风险较低,接近追高区；人工设置禁止追高,0.0,一级候选：尾盘确认后小仓，禁止急拉追买,5
002049,紫光国微,自动发现,今日自动发现,65.28,5.68,62.01,65.45,59.81,61.77,271457.0,5.07,0.8,20260721161409,0.9698581560283684,-0.2597402597402598,9.145627821434532,5.273343009192066,,C,50.0,5.68,54.87,96.5,0.0,0.0,,False,0.0,0,,回避,当前无优势,96.5,0,未知,89.5,A,明显强于行业；价格接近日内强势区；量能较健康；开盘后仍有承接；市场总体风险较低,接近追高区；人工设置禁止追高,0.0,一级候选：尾盘确认后小仓，禁止急拉追买,5
601168,西部矿业,自动发现,今日自动发现,33.87,5.98,32.51,33.87,32.36,31.96,200197.0,2.54,0.82,20260721161432,1.0,0.0,4.666254635352285,4.183328206705617,,C,50.0,5.98,54.6,96.3,0.0,0.0,,False,0.0,0,,回避,当前无优势,96.3,0,未知,89.3,A,明显强于行业；价格接近日内强势区；量能较健康；开盘后仍有承接；市场总体风险较低,接近追高区；人工设置禁止追高,0.0,一级候选：尾盘确认后小仓，禁止急拉追买,5
002354,天娱数科,自动发现,今日自动发现,6.6,2.48,6.35,6.6,5.84,6.44,206532.0,20.23,1.08,20260721161500,1.0,0.0,13.013698630136993,3.937007874015741,,C,50.0,2.48,54.63,86.3,0.0,10.0,换手率偏高,False,0.0,0,,回避,当前无优势,86.3,0,未知,89.3,A,明显强于行业；价格接近日内强势区；量能较健康；开盘后仍有承接；当日未明显追高；市场总体风险较低,无明显额外扣分,0.0,一级候选：尾盘确认后小仓，禁止急拉追买,5
300033,同花顺,自动发现,今日自动发现,231.45,2.91,225.0,231.45,222.3,224.91,536127.0,5.38,1.39,20260721161457,1.0,0.0,4.116059379217263,2.866666666666662,,C,50.0,2.91,55.46,86.18,0.0,0.0,,False,0.0,0,,回避,当前无优势,86.18,0,未知,89.18,A,明显强于行业；价格接近日内强势区；量能较健康；开盘后仍有承接；当日未明显追高；市场总体风险较低,无明显额外扣分,0.0,一级候选：尾盘确认后小仓，禁止急拉追买,5
600879,航天电子,自动发现,今日自动发现,15.14,3.34,14.67,15.29,13.85,14.65,252054.0,5.23,1.04,20260721161456,0.8958333333333343,-0.9810333551340644,9.31407942238267,3.2038173142467707,,C,50.0,3.34,54.8,85.88,0.0,0.0,,False,0.0,0,,回避,当前无优势,85.88,0,未知,88.88,A,明显强于行业；价格接近日内强势区；量能较健康；开盘后仍有承接；当日未明显追高；市场总体风险较低,无明显额外扣分,0.0,一级候选：尾盘确认后小仓，禁止急拉追买,5
600118,中国卫星,自动发现,今日自动发现,61.29,3.04,59.48,61.68,54.71,59.48,333197.0,4.81,0.95,20260721161500,0.9440459110473457,-0.6322957198443557,12.02705172728935,3.0430396772024304,,C,50.0,3.04,55.05,85.72,0.0,0.0,,False,0.0,0,,回避,当前无优势,85.72,0,未知,88.72,A,明显强于行业；价格接近日内强势区；量能较健康；开盘后仍有承接；当日未明显追高；市场总体风险较低,无明显额外扣分,0.0,一级候选：尾盘确认后小仓，禁止急拉追买,5
300124,汇川技术,自动发现,今日自动发现,61.53,3.01,59.74,61.68,59.11,59.73,220420.0,1.5,1.11,20260721161406,0.9416342412451367,-0.24319066147859836,4.094061918457115,2.996317375292934,,C,50.0,3.01,54.69,85.46,0.0,0.0,,False,0.0,0,,回避,当前无优势,85.46,0,未知,88.46,A,明显强于行业；价格接近日内强势区；量能较健康；开盘后仍有承接；当日未明显追高；市场总体风险较低,无明显额外扣分,0.0,一级候选：尾盘确认后小仓，禁止急拉追买,5
600547,山东黄金,自动发现,今日自动发现,25.87,5.94,24.6,26.08,24.4,24.42,242828.0,2.67,1.42,20260721161458,0.8750000000000016,-0.8052147239263729,6.02459016393444,5.16260162601625,,C,50.0,5.94,54.77,95.39,0.0,0.0,,False,0.0,0,,回避,当前无优势,95.39,0,未知,88.39,A,明显强于行业；价格接近日内强势区；量能较健康；开盘后仍有承接；市场总体风险较低,接近追高区；人工设置禁止追高,0.0,一级候选：尾盘确认后小仓，禁止急拉追买,5
603228,景旺电子,自动发现,今日自动发现,73.86,2.87,71.21,75.0,64.62,71.8,475208.0,6.9,1.26,20260721161448,0.8901734104046242,-1.5199999999999991,14.298978644382544,3.7213874455835017,,C,50.0,2.87,55.35,85.31,0.0,0.0,,False,0.0,0,,回避,当前无优势,85.31,0,未知,88.31,A,明显强于行业；价格接近日内强势区；量能较健康；开盘后仍有承接；当日未明显追高；市场总体风险较低,无明显额外扣分,0.0,一级候选：尾盘确认后小仓，禁止急拉追买,5
002028,思源电气,自动发现,今日自动发现,155.89,2.9,151.3,156.5,148.68,151.5,226684.0,2.42,1.09,20260721161421,0.9219948849104841,-0.3897763578274871,4.849340866290008,3.0337078651685223,,C,50.0,2.9,54.71,84.87,0.0,0.0,,False,0.0,0,,回避,当前无优势,84.87,0,未知,87.87,A,明显强于行业；价格接近日内强势区；量能较健康；开盘后仍有承接；当日未明显追高；市场总体风险较低,无明显额外扣分,0.0,一级候选：尾盘确认后小仓，禁止急拉追买,5
600353,旭光电子,自动发现,今日自动发现,28.62,5.65,27.3,29.0,24.38,27.09,196709.0,8.95,1.6,20260721161450,0.917748917748918,-1.3103448275862073,17.391304347826097,4.83516483516484,,C,50.0,5.65,54.59,94.85,0.0,0.0,,False,0.0,0,,回避,当前无优势,94.85,0,未知,87.85,A,明显强于行业；价格接近日内强势区；量能较健康；开盘后仍有承接；市场总体风险较低,接近追高区；人工设置禁止追高,0.0,一级候选：尾盘确认后小仓，禁止急拉追买,5
600436,片仔癀,自动发现,今日自动发现,145.05,3.59,137.11,147.74,135.0,140.02,251663.0,2.91,1.05,20260721161434,0.7888540031397178,-1.8207662109110623,7.4444444444444535,5.790970753409663,,C,50.0,3.59,54.8,84.59,0.0,0.0,,False,0.0,0,,回避,当前无优势,84.59,0,未知,87.59,A,明显强于行业；价格接近日内强势区；量能较健康；开盘后仍有承接；当日未明显追高；市场总体风险较低,无明显额外扣分,0.0,一级候选：尾盘确认后小仓，禁止急拉追买,5
600362,江西铜业,自动发现,今日自动发现,40.8,5.64,39.2,40.88,38.8,38.62,232658.0,2.82,0.98,20260721161444,0.961538461538459,-0.1956947162426781,5.154639175257736,4.081632653061207,,C,50.0,5.64,54.73,94.57,0.0,0.0,,False,0.0,0,,回避,当前无优势,94.57,0,未知,87.57,A,明显强于行业；价格接近日内强势区；量能较健康；开盘后仍有承接；市场总体风险较低,接近追高区；人工设置禁止追高,0.0,一级候选：尾盘确认后小仓，禁止急拉追买,5
603993,洛阳钼业,自动发现,今日自动发现,18.68,3.84,18.4,18.83,17.8,17.99,593683.0,1.86,1.25,20260721161453,0.854368932038836,-0.7966011683483765,4.9438202247190866,1.521739130434785,,C,50.0,3.84,55.55,84.36,0.0,0.0,,False,0.0,0,,回避,当前无优势,84.36,0,未知,87.36,A,明显强于行业；价格接近日内强势区；量能较健康；开盘后仍有承接；当日未明显追高；市场总体风险较低,无明显额外扣分,0.0,一级候选：尾盘确认后小仓，禁止急拉追买,5
600869,远东股份,自动发现,今日自动发现,16.12,5.02,15.4,16.2,13.82,15.35,251633.0,7.62,1.69,20260721161435,0.9663865546218494,-0.49382716049382047,16.642547033285094,4.675324675324677,,C,50.0,5.02,54.8,93.78,0.0,0.0,,False,0.0,0,,回避,当前无优势,93.78,0,未知,86.78,A,明显强于行业；价格接近日内强势区；量能较健康；开盘后仍有承接；市场总体风险较低,接近追高区；人工设置禁止追高,0.0,一级候选：尾盘确认后小仓，禁止急拉追买,5
002050,三花智控,自动发现,今日自动发现,38.1,5.48,36.77,38.16,36.19,36.12,374512.0,2.73,1.25,20260721161424,0.9695431472081243,-0.15723270440249904,5.277701022381875,3.6170791406037406,,C,50.0,5.48,55.15,93.71,0.0,0.0,,False,0.0,0,,回避,当前无优势,93.71,0,未知,86.71,A,明显强于行业；价格接近日内强势区；量能较健康；开盘后仍有承接；市场总体风险较低,接近追高区；人工设置禁止追高,0.0,一级候选：尾盘确认后小仓，禁止急拉追买,5
300903,科翔股份,自动发现,今日自动发现,68.22,3.36,67.65,68.94,54.0,66.0,250298.0,12.06,1.37,20260721161421,0.9518072289156627,-1.0443864229764954,26.333333333333343,0.8425720620842458,,C,50.0,3.36,54.8,83.65,0.0,0.0,,False,0.0,0,,回避,当前无优势,83.65,0,未知,86.65,A,明显强于行业；价格接近日内强势区；量能较健康；开盘后仍有承接；当日未明显追高；市场总体风险较低,无明显额外扣分,0.0,一级候选：尾盘确认后小仓，禁止急拉追买,5
601991,大唐发电,自动发现,今日自动发现,6.62,3.76,6.32,6.81,6.0,6.38,644811.0,8.17,1.78,20260721161454,0.7654320987654326,-2.7900146842878004,10.333333333333329,4.746835443037978,,C,50.0,3.76,55.62,83.37,0.0,0.0,,False,0.0,0,,回避,当前无优势,83.37,0,未知,86.37,A,明显强于行业；价格接近日内强势区；量能较健康；开盘后仍有承接；当日未明显追高；市场总体风险较低,无明显额外扣分,0.0,一级候选：尾盘确认后小仓，禁止急拉追买,5
002938,鹏鼎控股,自动发现,今日自动发现,95.6,5.18,91.79,96.38,81.8,90.89,329600.0,1.58,0.8,20260721161448,0.9465020576131686,-0.8092965345507408,16.870415647921753,4.150778951955547,,C,50.0,5.18,55.04,93.2,0.0,0.0,,False,0.0,0,,回避,当前无优势,93.2,0,未知,86.2,A,明显强于行业；价格接近日内强势区；量能较健康；开盘后仍有承接；市场总体风险较低,接近追高区；人工设置禁止追高,0.0,一级候选：尾盘确认后小仓，禁止急拉追买,5
000063,中兴通讯,自动发现,今日自动发现,34.88,3.41,33.85,34.94,32.39,33.73,797611.0,5.84,0.74,20260721161442,0.976470588235296,-0.17172295363478973,7.687557888237118,3.0428360413589317,,C,50.0,3.41,55.8,82.86,0.0,0.0,,False,0.0,0,,回避,当前无优势,82.86,0,未知,85.86,A,明显强于行业；价格接近日内强势区；开盘后仍有承接；当日未明显追高；市场总体风险较低,无明显额外扣分,0.0,一级候选：尾盘确认后小仓，禁止急拉追买,5
002414,高德红外,自动发现,今日自动发现,14.19,3.13,13.77,14.38,13.66,13.76,243182.0,5.1,1.19,20260721161409,0.7361111111111096,-1.3212795549374268,3.879941434846268,3.05010893246187,,C,50.0,3.13,54.77,82.29,0.0,0.0,,False,0.0,0,,回避,当前无优势,82.29,0,未知,85.29,A,明显强于行业；价格接近日内强势区；量能较健康；开盘后仍有承接；当日未明显追高；市场总体风险较低,无明显额外扣分,0.0,一级候选：尾盘确认后小仓，禁止急拉追买,5
001309,德明利,自动发现,今日自动发现,508.0,5.2,450.01,530.0,434.6,482.89,1883464.0,24.62,5.03,20260721161457,0.7693920335429769,-4.150943396226414,16.88909341923608,12.886380302659939,,C,50.0,5.2,56.55,91.93,0.0,36.0,换手率偏高；量比异常放大；距日内高点较远,False,0.0,0,,回避,当前无优势,91.93,0,未知,84.93,A,明显强于行业；价格接近日内强势区；开盘后仍有承接；市场总体风险较低,接近追高区；量比过热；人工设置禁止追高,0.0,一级候选：尾盘确认后小仓，禁止急拉追买,5
002415,海康威视,自动发现,今日自动发现,35.11,2.42,34.59,35.26,33.5,34.28,450407.0,1.45,1.64,20260721161439,0.914772727272728,-0.42541123085648724,4.805970149253724,1.5033246603064265,,C,50.0,2.42,55.31,81.43,0.0,0.0,,False,0.0,0,,回避,当前无优势,81.43,0,未知,84.43,A,明显强于行业；价格接近日内强势区；量能较健康；开盘后仍有承接；当日未明显追高；市场总体风险较低,无明显额外扣分,0.0,一级候选：尾盘确认后小仓，禁止急拉追买,5
301396,宏景科技,自动发现,今日自动发现,205.25,3.43,199.98,211.0,165.0,198.44,409068.0,15.03,1.63,20260721161427,0.875,-2.7251184834123254,24.39393939393939,2.635263526352638,,C,50.0,3.43,55.22,81.38,0.0,10.0,换手率偏高,False,0.0,0,,回避,当前无优势,81.38,0,未知,84.38,A,明显强于行业；价格接近日内强势区；量能较健康；开盘后仍有承接；当日未明显追高；市场总体风险较低,无明显额外扣分,0.0,一级候选：尾盘确认后小仓，禁止急拉追买,5
600673,东阳光,自动发现,今日自动发现,30.41,3.12,29.41,31.0,26.54,29.49,242041.0,2.84,1.43,20260721161446,0.867713004484305,-1.9032258064516139,14.581763376036182,3.400204012240726,,C,50.0,3.12,54.77,81.36,0.0,0.0,,False,0.0,0,,回避,当前无优势,81.36,0,未知,84.36,A,明显强于行业；价格接近日内强势区；量能较健康；开盘后仍有承接；当日未明显追高；市场总体风险较低,无明显额外扣分,0.0,一级候选：尾盘确认后小仓，禁止急拉追买,5
688333,铂力特,自动发现,今日自动发现,101.0,4.66,97.56,105.5,94.0,96.5,213104.0,7.78,1.02,20260721161441,0.6086956521739131,-4.265402843601896,7.446808510638303,3.5260352603526,,C,50.0,4.66,54.66,81.24,0.0,8.0,距日内高点较远,False,0.0,0,,回避,当前无优势,81.24,0,未知,84.24,A,明显强于行业；量能较健康；开盘后仍有承接；市场总体风险较低,无明显额外扣分,0.0,一级候选：尾盘确认后小仓，禁止急拉追买,5
002491,通鼎互联,自动发现,今日自动发现,17.23,2.13,17.05,17.35,15.18,16.87,357207.0,18.71,1.68,20260721161406,0.9447004608294927,-0.691642651296831,13.50461133069829,1.0557184750733084,,C,50.0,2.13,55.11,80.49,0.0,10.0,换手率偏高,False,0.0,0,,回避,当前无优势,80.49,0,未知,83.49,A,明显强于行业；价格接近日内强势区；量能较健康；开盘后仍有承接；当日未明显追高；市场总体风险较低,无明显额外扣分,0.0,一级候选：尾盘确认后小仓，禁止急拉追买,5
300418,昆仑万维,自动发现,今日自动发现,43.48,1.3,42.2,43.88,39.7,42.92,373525.0,7.53,0.82,20260721161457,0.9043062200956924,-0.9115770282589031,9.52141057934508,3.033175355450224,,C,50.0,1.3,55.14,80.23,0.0,0.0,,False,0.0,0,,回避,当前无优势,80.23,0,未知,83.23,A,明显强于行业；价格接近日内强势区；量能较健康；开盘后仍有承接；当日未明显追高；市场总体风险较低,无明显额外扣分,0.0,一级候选：尾盘确认后小仓，禁止急拉追买,5
600396,华电辽能,自动发现,今日自动发现,13.56,5.77,12.98,13.99,11.8,12.82,424464.0,22.59,1.64,20260721161443,0.8036529680365297,-3.0736240171551077,14.915254237288122,4.468412942989208,,C,50.0,5.77,55.26,89.13,0.0,10.0,换手率偏高,False,0.0,0,,回避,当前无优势,89.13,0,未知,82.13,A,明显强于行业；价格接近日内强势区；量能较健康；开盘后仍有承接；市场总体风险较低,接近追高区；人工设置禁止追高,0.0,一级候选：尾盘确认后小仓，禁止急拉追买,5
002074,国轩高科,自动发现,今日自动发现,28.44,5.33,26.8,29.09,26.7,27.0,193890.0,3.94,1.79,20260721161442,0.728033472803348,-2.2344448264008165,6.516853932584277,6.119402985074629,,C,50.0,5.33,54.58,88.74,0.0,0.0,,False,0.0,0,,回避,当前无优势,88.74,0,未知,81.74,A,明显强于行业；价格接近日内强势区；量能较健康；开盘后仍有承接；市场总体风险较低,接近追高区；人工设置禁止追高,0.0,一级候选：尾盘确认后小仓，禁止急拉追买,5
603259,药明康德,自动发现,今日自动发现,126.45,1.8,126.0,126.83,120.8,124.22,801685.0,2.62,0.76,20260721161438,0.936981757877281,-0.2996136560750595,4.677152317880795,0.3571428571428559,,C,50.0,1.8,55.81,78.62,0.0,0.0,,False,0.0,0,,回避,当前无优势,78.62,0,未知,81.62,A,明显强于行业；价格接近日内强势区；开盘后仍有承接；当日未明显追高；市场总体风险较低,无明显额外扣分,0.0,一级候选：尾盘确认后小仓，禁止急拉追买,5
300274,阳光电源,自动发现,今日自动发现,104.08,2.27,102.88,104.88,101.16,101.77,691212.0,4.22,0.98,20260721161442,0.7849462365591405,-0.7627765064835978,2.8865164096480767,1.1664074650077794,,C,50.0,2.27,55.68,78.35,0.0,0.0,,False,0.0,0,,回避,当前无优势,78.35,0,未知,81.35,A,明显强于行业；价格接近日内强势区；量能较健康；开盘后仍有承接；当日未明显追高；市场总体风险较低,无明显额外扣分,0.0,一级候选：尾盘确认后小仓，禁止急拉追买,5
002317,众生药业,自动发现,今日自动发现,27.07,0.67,26.5,27.15,24.61,26.89,204659.0,10.33,0.86,20260721161442,0.9685039370078746,-0.29465930018415243,9.995936611133693,2.1509433962264124,,C,50.0,0.67,54.62,78.29,0.0,0.0,,False,0.0,0,,回避,当前无优势,78.29,0,未知,81.29,A,价格接近日内强势区；量能较健康；开盘后仍有承接；当日未明显追高；市场总体风险较低,无明显额外扣分,0.0,一级候选：尾盘确认后小仓，禁止急拉追买,5
688111,金山办公,自动发现,今日自动发现,247.55,1.34,240.98,249.37,240.0,244.27,402681.0,3.54,1.31,20260721161447,0.8057630736392751,-0.7298391947708205,3.1458333333333366,2.7263673333886684,,C,50.0,1.34,55.21,78.21,0.0,0.0,,False,0.0,0,,回避,当前无优势,78.21,0,未知,81.21,A,明显强于行业；价格接近日内强势区；量能较健康；开盘后仍有承接；当日未明显追高；市场总体风险较低,无明显额外扣分,0.0,一级候选：尾盘确认后小仓，禁止急拉追买,5
002261,拓维信息,自动发现,今日自动发现,27.99,0.68,27.28,28.18,26.38,27.8,250702.0,7.95,0.81,20260721161424,0.8944444444444438,-0.6742370475514625,6.103108415466263,2.60263929618767,,C,50.0,0.68,54.8,77.68,0.0,0.0,,False,0.0,0,,回避,当前无优势,77.68,0,未知,80.68,A,价格接近日内强势区；量能较健康；开盘后仍有承接；当日未明显追高；市场总体风险较低,无明显额外扣分,0.0,一级候选：尾盘确认后小仓，禁止急拉追买,5
600089,特变电工,自动发现,今日自动发现,19.5,1.56,19.51,19.52,19.02,19.2,247993.0,2.55,1.24,20260721161437,0.9600000000000009,-0.10245901639344135,2.5236593059936974,-0.05125576627371675,,C,50.0,1.56,54.79,77.59,0.0,0.0,,False,0.0,0,,回避,当前无优势,77.59,0,未知,80.59,A,明显强于行业；价格接近日内强势区；量能较健康；当日未明显追高；市场总体风险较低,无明显额外扣分,0.0,一级候选：尾盘确认后小仓，禁止急拉追买,5
002241,歌尔股份,自动发现,今日自动发现,23.42,0.9,22.99,23.5,22.76,23.21,265059.0,3.64,0.99,20260721161418,0.891891891891894,-0.34042553191488967,2.899824253075578,1.8703784254023637,,C,50.0,0.9,54.85,77.24,0.0,0.0,,False,0.0,0,,回避,当前无优势,77.24,0,未知,80.24,A,价格接近日内强势区；量能较健康；开盘后仍有承接；当日未明显追高；市场总体风险较低,无明显额外扣分,0.0,一级候选：尾盘确认后小仓，禁止急拉追买,5
600863,华能蒙电,自动发现,今日自动发现,5.16,2.79,5.0,5.34,4.8,5.02,208194.0,6.31,2.11,20260721161434,0.6666666666666672,-3.3707865168539297,7.500000000000018,3.200000000000003,,C,50.0,2.79,54.64,76.64,0.0,0.0,,False,0.0,0,,回避,当前无优势,76.64,0,未知,79.64,A,明显强于行业；量能较健康；开盘后仍有承接；当日未明显追高；市场总体风险较低,无明显额外扣分,0.0,一级候选：尾盘确认后小仓，禁止急拉追买,5
601899,紫金矿业,有色金属,核心池,30.21,2.93,29.95,30.33,29.13,29.35,1019429.0,1.66,1.16,20260721161447,0.900000000000002,-0.39564787339266827,3.7075180226570525,0.8681135225375725,有色金属ETF,S,85.28,-2.3,68.02,81.8,0.0,0.0,,False,0.0,0,,快吃肉候选,仅小仓1手；尾盘确认且不得急拉追入,81.8,10,高潮,78.8,A,所属ETF强；价格接近日内强势区；量能较健康；开盘后仍有承接；当日未明显追高；基础质量得分较好,弱于行业；板块可能处于高潮,0.0,一级候选：尾盘确认后小仓，禁止急拉追买,5
688012,中微公司,半导体设备,核心池,407.89,19.09,352.97,409.0,341.02,342.5,1664556.0,4.78,1.34,20260721161440,0.9836716681376874,-0.27139364303179203,19.60882059703244,15.559395982661407,半导体ETF,S,100.0,9.09,68.44,100.0,0.0,35.0,接近涨停，追高风险,False,0.0,0,,快吃肉候选,仅小仓1手；尾盘确认且不得急拉追入,100.0,10,高潮,87.0,B,所属ETF强；明显强于行业；价格接近日内强势区；量能较健康；开盘后仍有承接；基础质量得分较好,当日涨幅过大；板块可能处于高潮；人工设置禁止追高,0.0,二级观察：等待回踩或次日确认,4
300308,中际旭创,光模块/CPO,核心池,1136.55,13.2,1020.01,1136.8,988.82,1004.0,5130220.0,4.33,1.22,20260721161457,0.9983105825111501,-0.021991555242784067,14.940029530147036,11.425378182566837,通信ETF,S,100.0,4.52,69.42,100.0,0.0,35.0,接近涨停，追高风险,False,0.0,0,,快吃肉候选,仅小仓1手；尾盘确认且不得急拉追入,100.0,10,高潮,87.0,B,所属ETF强；明显强于行业；价格接近日内强势区；量能较健康；开盘后仍有承接；基础质量得分较好,当日涨幅过大；板块可能处于高潮；人工设置禁止追高,0.0,二级观察：等待回踩或次日确认,4
688981,中芯国际,晶圆制造,核心池,160.0,11.11,148.0,161.4,140.58,144.0,1726506.0,5.7,1.19,20260721161440,0.9327569644572523,-0.867410161090465,13.814198321240557,8.108108108108114,半导体ETF,S,100.0,1.11,68.47,98.59,0.0,35.0,接近涨停，追高风险,False,0.0,0,,快吃肉候选,仅小仓1手；尾盘确认且不得急拉追入,98.59,10,高潮,85.59,B,所属ETF强；价格接近日内强势区；量能较健康；开盘后仍有承接；基础质量得分较好；市场总体风险较低,当日涨幅过大；板块可能处于高潮；人工设置禁止追高,0.0,二级观察：等待回踩或次日确认,4
002371,北方华创,半导体设备,核心池,744.6,10.0,699.0,744.6,678.43,676.91,1058580.0,2.05,0.97,20260721161406,1.0,0.0,9.753401235204828,6.523605150214595,半导体ETF,S,100.0,0.0,68.05,94.43,0.0,35.0,接近涨停，追高风险,False,0.0,0,,快吃肉候选,仅小仓1手；尾盘确认且不得急拉追入,94.43,10,高潮,81.43,B,所属ETF强；价格接近日内强势区；量能较健康；开盘后仍有承接；基础质量得分较好；市场总体风险较低,当日涨幅过大；板块可能处于高潮；人工设置禁止追高,0.0,二级观察：等待回踩或次日确认,4
300394,天孚通信,光模块/CPO,核心池,231.0,8.18,215.2,232.1,188.08,213.54,1385869.0,5.96,1.44,20260721161427,0.9750113584734212,-0.4739336492890933,22.820076563164605,7.342007434944242,通信ETF,S,100.0,-0.5,68.28,93.79,0.0,25.0,当日涨幅超过7%,False,0.0,0,,快吃肉候选,仅小仓1手；尾盘确认且不得急拉追入,93.79,10,高潮,80.79,B,所属ETF强；价格接近日内强势区；量能较健康；开盘后仍有承接；基础质量得分较好；市场总体风险较低,当日涨幅过大；板块可能处于高潮；人工设置禁止追高,0.0,二级观察：等待回踩或次日确认,4
300502,新易盛,光模块/CPO,核心池,551.77,8.19,519.0,554.4,490.99,510.0,3988314.0,6.04,1.29,20260721161445,0.9585238921305789,-0.4743867243867217,12.379070856840247,6.3140655105973,通信ETF,S,100.0,-0.49,69.2,92.3,0.0,25.0,当日涨幅超过7%,False,0.0,0,,快吃肉候选,仅小仓1手；尾盘确认且不得急拉追入,92.3,10,高潮,79.3,B,所属ETF强；价格接近日内强势区；量能较健康；开盘后仍有承接；基础质量得分较好；市场总体风险较低,当日涨幅过大；板块可能处于高潮；人工设置禁止追高,0.0,二级观察：等待回踩或次日确认,4
002916,深南电路,PCB,核心池,350.0,7.9,329.54,352.98,295.28,324.36,571988.0,2.6,1.08,20260721161500,0.9483535528596184,-0.8442404668819847,18.531563261988637,6.208654488074283,通信ETF,S,100.0,-0.78,67.51,90.84,0.0,25.0,当日涨幅超过7%,False,0.0,0,,快吃肉候选,仅小仓1手；尾盘确认且不得急拉追入,90.84,10,高潮,77.84,B,所属ETF强；价格接近日内强势区；量能较健康；开盘后仍有承接；基础质量得分较好；市场总体风险较低,当日涨幅过大；板块可能处于高潮；人工设置禁止追高,0.0,二级观察：等待回踩或次日确认,4
600406,国电南瑞,自动发现,今日自动发现,23.8,1.02,23.6,23.93,23.23,23.56,318153.0,1.68,1.86,20260721161444,0.8142857142857155,-0.54325114918512,2.453723633232885,0.8474576271186418,,C,50.0,1.02,55.01,74.84,0.0,0.0,,False,0.0,0,,回避,当前无优势,74.84,0,未知,77.84,B,价格接近日内强势区；量能较健康；开盘后仍有承接；当日未明显追高；市场总体风险较低,无明显额外扣分,0.0,二级观察：等待回踩或次日确认,4
300803,指南针,自动发现,今日自动发现,84.0,1.24,83.54,84.93,80.51,82.97,228641.0,4.55,1.3,20260721161421,0.789592760180994,-1.0950194277640435,4.334865234132401,0.5506344266219765,,C,50.0,1.24,54.72,74.55,0.0,0.0,,False,0.0,0,,回避,当前无优势,74.55,0,未知,77.55,B,明显强于行业；价格接近日内强势区；量能较健康；开盘后仍有承接；当日未明显追高；市场总体风险较低,无明显额外扣分,0.0,二级观察：等待回踩或次日确认,4
002636,金安国纪,自动发现,今日自动发现,72.39,-0.21,68.8,73.88,65.29,72.54,585982.0,11.7,1.8,20260721161427,0.8265424912689178,-2.0167839740119042,10.874559656915284,5.218023255813953,,C,50.0,-0.21,55.54,74.12,0.0,0.0,,False,0.0,0,,回避,当前无优势,74.12,0,未知,77.12,B,价格接近日内强势区；量能较健康；开盘后仍有承接；当日未明显追高；市场总体风险较低,无明显额外扣分,0.0,二级观察：等待回踩或次日确认,4
601138,工业富联,AI服务器,核心池,60.98,7.93,57.5,61.9,55.31,56.5,1089485.0,0.94,1.46,20260721161457,0.8603945371775414,-1.4862681744749584,10.251310793708178,6.052173913043468,人工智能ETF,S,100.0,-0.54,68.07,89.86,0.0,25.0,当日涨幅超过7%,False,0.0,0,,快吃肉候选,仅小仓1手；尾盘确认且不得急拉追入,89.86,10,高潮,76.86,B,所属ETF强；价格接近日内强势区；量能较健康；开盘后仍有承接；基础质量得分较好；市场总体风险较低,当日涨幅过大；板块可能处于高潮；人工设置禁止追高,0.0,二级观察：等待回踩或次日确认,4
601179,中国西电,自动发现,今日自动发现,12.35,0.16,12.36,12.37,11.75,12.33,228157.0,3.69,1.43,20260721161450,0.9677419354838717,-0.16168148746967814,5.106382978723412,-0.08090614886731018,,C,50.0,0.16,54.72,73.81,0.0,0.0,,False,0.0,0,,回避,当前无优势,73.81,0,未知,76.81,B,价格接近日内强势区；量能较健康；当日未明显追高；市场总体风险较低,无明显额外扣分,0.0,二级观察：等待回踩或次日确认,4
000776,广发证券,自动发现,今日自动发现,22.86,0.62,22.55,23.2,21.89,22.72,275579.0,2.08,1.2,20260721161409,0.7404580152671755,-1.4655172413793105,4.431247144814976,1.3747228381374654,,C,50.0,0.62,54.88,73.15,0.0,0.0,,False,0.0,0,,回避,当前无优势,73.15,0,未知,76.15,B,价格接近日内强势区；量能较健康；开盘后仍有承接；当日未明显追高；市场总体风险较低,无明显额外扣分,0.0,二级观察：等待回踩或次日确认,4
688256,寒武纪,国产AI芯片,核心池,1350.02,11.66,1260.0,1357.46,1208.0,1209.0,2209056.0,2.74,1.24,20260721161449,0.950220794861501,-0.5480824481016056,11.756622516556291,7.144444444444442,科创芯片ETF,S,100.0,-2.66,68.69,87.21,0.0,35.0,接近涨停，追高风险,False,0.0,0,,快吃肉候选,仅小仓1手；尾盘确认且不得急拉追入,87.21,10,高潮,74.21,B,所属ETF强；价格接近日内强势区；量能较健康；开盘后仍有承接；基础质量得分较好；市场总体风险较低,当日涨幅过大；弱于行业；板块可能处于高潮；人工设置禁止追高,0.0,二级观察：等待回踩或次日确认,4
300059,东方财富,自动发现,今日自动发现,20.29,0.55,20.22,20.46,19.9,20.18,861702.0,3.2,1.18,20260721161439,0.6964285714285696,-0.8308895405669703,1.9597989949748706,0.34619188921860555,,C,50.0,0.55,55.87,70.96,0.0,0.0,,False,0.0,0,,回避,当前无优势,70.96,0,未知,73.96,B,量能较健康；开盘后仍有承接；当日未明显追高；市场总体风险较低,无明显额外扣分,0.0,二级观察：等待回踩或次日确认,4
002422,科伦药业,自动发现,今日自动发现,47.36,-0.92,46.66,47.93,44.96,47.8,215600.0,3.57,0.78,20260721161412,0.808080808080808,-1.1892343000208694,5.3380782918149405,1.5002143163309167,,C,50.0,-0.92,54.67,70.21,0.0,0.0,,False,0.0,0,,回避,当前无优势,70.21,0,未知,73.21,B,价格接近日内强势区；开盘后仍有承接；当日未明显追高；市场总体风险较低,无明显额外扣分,0.0,二级观察：等待回踩或次日确认,4
300750,宁德时代,自动发现,今日自动发现,382.2,1.53,372.67,391.0,372.5,376.43,1693511.0,1.03,1.1,20260721161424,0.5243243243243237,-2.250639386189257,2.604026845637586,2.55722220731478,,C,50.0,1.53,56.46,70.15,0.0,0.0,,False,0.0,0,,回避,当前无优势,70.15,0,未知,73.15,B,明显强于行业；量能较健康；开盘后仍有承接；当日未明显追高；市场总体风险较低,无明显额外扣分,0.0,二级观察：等待回踩或次日确认,4
600690,海尔智家,自动发现,今日自动发现,21.85,1.82,21.45,22.32,21.35,21.46,207445.0,1.51,1.74,20260721161445,0.5154639175257738,-2.1057347670250803,2.3419203747072626,1.8648018648018683,,C,50.0,1.82,54.63,69.47,0.0,0.0,,False,0.0,0,,回避,当前无优势,69.47,0,未知,72.47,B,明显强于行业；量能较健康；开盘后仍有承接；当日未明显追高；市场总体风险较低,无明显额外扣分,0.0,二级观察：等待回踩或次日确认,4
001248,华润新能,自动发现,今日自动发现,12.8,-1.39,12.76,12.86,12.08,12.98,250483.0,18.87,1.22,20260721161427,0.9230769230769247,-0.4665629860031051,5.96026490066226,0.31347962382446415,,C,50.0,-1.39,54.8,69.31,0.0,10.0,换手率偏高,False,0.0,0,,回避,当前无优势,69.31,0,未知,72.31,B,价格接近日内强势区；量能较健康；开盘后仍有承接；当日未明显追高；市场总体风险较低,弱于行业,0.0,二级观察：等待回踩或次日确认,4
600030,中信证券,自动发现,今日自动发现,28.34,0.21,28.5,28.5,27.95,28.28,477280.0,1.39,0.98,20260721161446,0.7090909090909092,-0.5614035087719293,1.3953488372093092,-0.5614035087719293,,C,50.0,0.21,55.36,68.89,0.0,0.0,,False,0.0,0,,回避,当前无优势,68.89,0,未知,71.89,B,量能较健康；当日未明显追高；市场总体风险较低,无明显额外扣分,0.0,二级观察：等待回踩或次日确认,4
603893,瑞芯微,自动发现,今日自动发现,208.05,0.02,206.91,212.88,190.0,208.0,699302.0,8.16,1.23,20260721161433,0.788898601398602,-2.268883878241257,9.499999999999996,0.5509641873278293,,C,50.0,0.02,55.69,67.68,0.0,0.0,,False,0.0,0,,回避,当前无优势,67.68,0,未知,70.68,B,价格接近日内强势区；量能较健康；开盘后仍有承接；当日未明显追高；市场总体风险较低,无明显额外扣分,0.0,二级观察：等待回踩或次日确认,4
601600,中国铝业,自动发现,今日自动发现,9.16,-0.11,9.17,9.3,8.93,9.17,368046.0,3.06,0.97,20260721161444,0.6216216216216212,-1.505376344086029,2.5755879059350617,-0.10905125408942062,,C,50.0,-0.11,55.13,67.06,0.0,0.0,,False,0.0,0,,回避,当前无优势,67.06,0,未知,70.06,B,量能较健康；当日未明显追高；市场总体风险较低,无明显额外扣分,0.0,二级观察：等待回踩或次日确认,4
603501,豪威集团,自动发现,今日自动发现,102.42,1.25,104.0,104.0,98.24,101.16,347222.0,2.83,0.7,20260721161500,0.725694444444445,-1.5192307692307727,4.254885993485358,-1.5192307692307727,,C,50.0,1.25,55.08,66.07,0.0,0.0,,False,0.0,0,,回避,当前无优势,66.07,0,未知,69.07,B,明显强于行业；价格接近日内强势区；当日未明显追高；市场总体风险较低,无明显额外扣分,0.0,二级观察：等待回踩或次日确认,4
000651,格力电器,自动发现,今日自动发现,40.59,0.02,40.55,41.09,40.11,40.58,315903.0,1.41,1.32,20260721161415,0.48979591836734904,-1.2168410805548757,1.196709050112199,0.09864364981506668,,C,50.0,0.02,55.0,65.37,0.0,0.0,,False,0.0,0,,回避,当前无优势,65.37,0,未知,68.37,B,量能较健康；开盘后仍有承接；当日未明显追高；市场总体风险较低,无明显额外扣分,0.0,二级观察：等待回踩或次日确认,4
600726,华电能源,自动发现,今日自动发现,6.0,2.92,6.24,6.24,5.3,5.83,225714.0,5.21,3.33,20260721161443,0.7446808510638296,-3.8461538461538547,13.207547169811317,-3.8461538461538547,,C,50.0,2.92,54.71,64.05,0.0,10.0,开盘后显著走弱,False,0.0,0,,回避,当前无优势,64.05,0,未知,67.05,B,明显强于行业；价格接近日内强势区；当日未明显追高；市场总体风险较低,无明显额外扣分,0.0,二级观察：等待回踩或次日确认,4
300255,常山药业,自动发现,今日自动发现,28.55,-4.99,29.22,29.64,26.1,30.05,227144.0,8.85,0.91,20260721161427,0.692090395480226,-3.6774628879892024,9.38697318007662,-2.292950034223129,,C,50.0,-4.99,54.71,48.04,62.7,0.0,,False,0.0,0,,回避,当前无优势,62.7,0,未知,65.7,C,量能较健康；当日未明显追高；市场总体风险较低,弱于行业,0.0,回踩候选：当前不买，进入观察池,3
002558,巨人网络,自动发现,今日自动发现,29.87,-0.37,29.49,30.99,28.7,29.98,438770.0,7.75,1.03,20260721161436,0.5109170305676866,-3.6140690545337084,4.0766550522648215,1.2885723974228602,,C,50.0,-0.37,55.28,62.68,0.0,0.0,,False,0.0,0,,回避,当前无优势,62.68,0,未知,65.68,C,量能较健康；开盘后仍有承接；当日未明显追高；市场总体风险较低,无明显额外扣分,0.0,回踩候选：当前不买，进入观察池,3
600309,万华化学,自动发现,今日自动发现,71.75,-0.33,72.0,73.0,70.88,71.99,373177.0,1.66,1.15,20260721161459,0.4103773584905673,-1.7123287671232834,1.2274266365688513,-0.347222222222221,,C,50.0,-0.33,55.14,62.43,0.0,0.0,,False,0.0,0,,回避,当前无优势,62.43,0,未知,65.43,C,量能较健康；当日未明显追高；市场总体风险较低,无明显额外扣分,0.0,回踩候选：当前不买，进入观察池,3
000333,美的集团,自动发现,今日自动发现,84.27,-0.04,84.15,85.75,83.61,84.3,388182.0,0.67,1.06,20260721161433,0.30841121495326934,-1.7259475218658893,0.7893792608539618,0.14260249554365334,,C,50.0,-0.04,55.18,62.13,0.0,0.0,,False,0.0,0,,回避,当前无优势,62.13,0,未知,65.13,C,量能较健康；开盘后仍有承接；当日未明显追高；市场总体风险较低,无明显额外扣分,0.0,回踩候选：当前不买，进入观察池,3
600246,万通发展,自动发现,今日自动发现,15.05,-4.63,14.83,15.78,14.2,15.78,369769.0,13.29,1.59,20260721161431,0.5379746835443047,-4.62610899873257,5.98591549295775,1.4834794335805812,,C,50.0,-4.63,55.14,51.64,61.69,0.0,,False,0.0,0,,回避,当前无优势,61.69,0,未知,64.69,C,量能较健康；开盘后仍有承接；当日未明显追高；市场总体风险较低,弱于行业,0.0,回踩候选：当前不买，进入观察池,3
600021,上海电力,自动发现,今日自动发现,15.59,-4.65,16.0,16.31,15.06,16.35,213771.0,4.86,1.73,20260721161448,0.4240000000000001,-4.414469650521147,3.5192563081009265,-2.562500000000001,,C,50.0,-4.65,54.66,43.91,61.67,0.0,,False,0.0,0,,回避,当前无优势,61.67,0,未知,64.67,C,量能较健康；当日未明显追高；市场总体风险较低,弱于行业,0.0,回踩候选：当前不买，进入观察池,3
002747,埃斯顿,自动发现,今日自动发现,33.43,-2.73,32.18,35.33,30.93,34.37,406160.0,15.98,1.3,20260721161500,0.5681818181818183,-5.377865836399653,8.082767539605552,3.884400248601616,,C,50.0,-2.73,55.22,60.74,0.0,10.0,换手率偏高,False,0.0,0,,回避,当前无优势,60.74,0,未知,63.74,C,量能较健康；开盘后仍有承接；当日未明显追高；市场总体风险较低,弱于行业,0.0,回踩候选：当前不买，进入观察池,3
002594,比亚迪,自动发现,今日自动发现,94.3,0.4,93.93,96.8,93.35,93.92,639072.0,1.93,1.2,20260721161424,0.2753623188405803,-2.5826446280991733,1.0176754151044465,0.3939103587778048,,C,50.0,0.4,55.61,59.52,0.0,0.0,,False,0.0,0,,回避,当前无优势,59.52,0,未知,62.52,C,量能较健康；开盘后仍有承接；当日未明显追高；市场总体风险较低,冲高回落,0.0,回踩候选：当前不买，进入观察池,3
601601,中国太保,自动发现,今日自动发现,31.63,0.0,31.8,32.41,31.11,31.63,294659.0,1.36,1.21,20260721161454,0.4000000000000005,-2.406664609688358,1.671488267438126,-0.5345911949685589,,C,50.0,0.0,54.94,59.18,0.0,0.0,,False,0.0,0,,回避,当前无优势,59.18,0,未知,62.18,C,量能较健康；当日未明显追高；市场总体风险较低,无明显额外扣分,0.0,回踩候选：当前不买，进入观察池,3
688041,海光信息,国产AI芯片,核心池,344.53,7.63,326.2,344.53,306.23,320.12,1362152.0,1.79,1.25,20260721161458,1.0,0.0,12.50693922868431,5.619251992642549,科创芯片ETF,S,100.0,-6.69,68.27,74.76,0.0,25.0,当日涨幅超过7%,False,0.0,0,,趋势候选,强ETF中的强股；等待回踩后小仓,74.76,9,高潮,61.76,C,所属ETF强；价格接近日内强势区；量能较健康；开盘后仍有承接；基础质量得分较好；市场总体风险较低,当日涨幅过大；弱于行业；板块可能处于高潮；人工设置禁止追高,0.0,回踩候选：当前不买，进入观察池,3
600989,宝丰能源,自动发现,今日自动发现,22.57,-3.05,22.6,22.95,22.01,23.28,314110.0,1.91,1.06,20260721161439,0.5957446808510639,-1.6557734204793007,2.5442980463425746,-0.13274336283186638,,C,50.0,-3.05,54.99,58.43,0.0,0.0,,False,0.0,0,,回避,当前无优势,58.43,0,未知,61.43,C,量能较健康；当日未明显追高；市场总体风险较低,弱于行业,0.0,回踩候选：当前不买，进入观察池,3
600031,三一重工,自动发现,今日自动发现,19.69,0.66,20.2,20.2,19.35,19.56,232424.0,1.39,1.37,20260721161436,0.40000000000000085,-2.524752475247516,1.7571059431524594,-2.524752475247516,,C,50.0,0.66,54.73,58.22,0.0,10.0,开盘后显著走弱,False,0.0,0,,回避,当前无优势,58.22,0,未知,61.22,C,量能较健康；当日未明显追高；市场总体风险较低,无明显额外扣分,0.0,回踩候选：当前不买，进入观察池,3
601888,中国中免,自动发现,今日自动发现,54.08,-1.08,54.7,54.96,53.65,54.67,228564.0,2.16,0.93,20260721161447,0.3282442748091595,-1.6011644832605532,0.8014911463187335,-1.133455210237666,,C,50.0,-1.08,54.72,57.76,0.0,0.0,,False,0.0,0,,回避,当前无优势,57.76,0,未知,60.76,C,量能较健康；当日未明显追高；市场总体风险较低,弱于行业,0.0,回踩候选：当前不买，进入观察池,3
600887,伊利股份,自动发现,今日自动发现,27.07,0.26,27.31,27.68,26.92,27.0,313926.0,1.83,1.61,20260721161437,0.19736842105263022,-2.2037572254335225,0.5572065378900426,-0.8787989747345293,,C,50.0,0.26,54.99,55.89,0.0,0.0,,False,0.0,0,,回避,当前无优势,55.89,0,未知,58.89,C,量能较健康；当日未明显追高；市场总体风险较低,冲高回落,0.0,回踩候选：当前不买，进入观察池,3
600150,中国船舶,自动发现,今日自动发现,32.96,-0.15,33.7,33.7,32.54,33.01,307222.0,1.24,0.82,20260721161442,0.3620689655172417,-2.1958456973293794,1.290719114935479,-2.1958456973293794,,C,50.0,-0.15,54.97,55.82,0.0,0.0,,False,0.0,0,,回避,当前无优势,55.82,0,未知,58.82,C,量能较健康；当日未明显追高；市场总体风险较低,无明显额外扣分,0.0,回踩候选：当前不买，进入观察池,3
601628,中国人寿,自动发现,今日自动发现,40.17,-1.06,40.17,41.63,39.5,40.6,239533.0,0.29,1.01,20260721161439,0.31455399061032907,-3.50708623588758,1.6962025316455742,0.0,,C,50.0,-1.06,54.76,55.46,0.0,0.0,,False,0.0,0,,回避,当前无优势,55.46,0,未知,58.46,C,量能较健康；当日未明显追高；市场总体风险较低,弱于行业,0.0,回踩候选：当前不买，进入观察池,3
601766,中国中车,自动发现,今日自动发现,5.99,-0.66,6.03,6.11,5.94,6.03,232896.0,1.59,1.64,20260721161431,0.2941176470588226,-1.9639934533551617,0.8417508417508435,-0.6633499170812573,,C,50.0,-0.66,54.73,55.29,0.0,0.0,,False,0.0,0,,回避,当前无优势,55.29,0,未知,58.29,C,量能较健康；当日未明显追高；市场总体风险较低,无明显额外扣分,0.0,回踩候选：当前不买，进入观察池,3
601211,国泰海通,自动发现,今日自动发现,18.82,-1.1,19.2,19.2,18.51,19.03,206350.0,0.81,0.87,20260721161437,0.4492753623188402,-1.9791666666666652,1.6747703943813974,-1.9791666666666652,,C,50.0,-1.1,54.63,54.95,0.0,0.0,,False,0.0,0,,回避,当前无优势,54.95,0,未知,57.95,C,量能较健康；当日未明显追高；市场总体风险较低,弱于行业,0.0,回踩候选：当前不买，进入观察池,3
300760,迈瑞医疗,自动发现,今日自动发现,152.25,-1.46,152.81,156.0,150.26,154.5,254017.0,1.37,1.02,20260721161403,0.3466898954703843,-2.4038461538461564,1.3243710901104766,-0.3664681630783373,,C,50.0,-1.46,54.81,54.43,0.0,0.0,,False,0.0,0,,回避,当前无优势,54.43,0,未知,57.43,C,量能较健康；当日未明显追高；市场总体风险较低,弱于行业,0.0,回踩候选：当前不买，进入观察池,3
600900,长江电力,自动发现,今日自动发现,28.73,-0.86,29.0,29.54,28.51,28.98,737243.0,1.04,1.42,20260721161449,0.21359223300970814,-2.74204468517264,0.7716590669940349,-0.9310344827586192,,C,50.0,-0.86,55.74,53.16,0.0,0.0,,False,0.0,0,,回避,当前无优势,53.16,0,未知,56.16,C,量能较健康；当日未明显追高；市场总体风险较低,无明显额外扣分,0.0,回踩候选：当前不买，进入观察池,3
001896,豫能控股,自动发现,今日自动发现,14.34,-3.24,14.48,14.9,13.57,14.82,242497.0,11.22,1.2,20260721161454,0.5789473684210523,-3.7583892617449655,5.674281503316125,-0.9668508287292821,,C,50.0,-3.24,54.77,52.74,0.0,0.0,,False,0.0,0,,回避,当前无优势,52.74,0,未知,55.74,C,量能较健康；当日未明显追高；市场总体风险较低,弱于行业,0.0,回踩候选：当前不买，进入观察池,3
601668,中国建筑,自动发现,今日自动发现,4.63,-0.43,4.69,4.74,4.61,4.65,205341.0,1.06,1.34,20260721161436,0.1538461538461507,-2.320675105485237,0.433839479392617,-1.279317697228155,,C,50.0,-0.43,54.62,52.6,0.0,0.0,,False,0.0,0,,回避,当前无优势,52.6,0,未知,55.6,C,量能较健康；当日未明显追高；市场总体风险较低,无明显额外扣分,0.0,回踩候选：当前不买，进入观察池,3
000933,神火股份,自动发现,今日自动发现,24.46,-2.94,24.85,25.04,23.87,25.2,193263.0,3.53,0.84,20260721161500,0.5042735042735049,-2.316293929712454,2.4717218265605245,-1.5694164989939696,,C,50.0,-2.94,54.57,51.39,0.0,0.0,,False,0.0,0,,回避,当前无优势,51.39,0,未知,54.39,C,量能较健康；当日未明显追高；市场总体风险较低,弱于行业,0.0,回踩候选：当前不买，进入观察池,3
600809,山西汾酒,自动发现,今日自动发现,121.09,-1.09,122.77,125.23,120.44,122.43,203416.0,1.36,1.2,20260721161432,0.13569937369519933,-3.3059171125129794,0.5396878113583581,-1.3684124786185525,,C,50.0,-1.09,54.62,50.34,0.0,0.0,,False,0.0,0,,回避,当前无优势,50.34,0,未知,53.34,C,量能较健康；当日未明显追高；市场总体风险较低,弱于行业,0.0,回踩候选：当前不买，进入观察池,3
600519,贵州茅台,自动发现,今日自动发现,1308.0,-1.47,1338.98,1344.7,1296.87,1327.5,1017430.0,0.62,1.18,20260721161500,0.23269914279740903,-2.7292332862348556,0.8582201762705743,-2.3137014742565243,,C,50.0,-1.47,56.02,49.96,0.0,0.0,,False,0.0,0,,回避,当前无优势,49.96,0,未知,52.96,C,量能较健康；当日未明显追高；市场总体风险较低,弱于行业,0.0,回踩候选：当前不买，进入观察池,3
000807,云铝股份,自动发现,今日自动发现,25.18,-3.23,25.76,25.88,24.48,26.02,309656.0,3.56,0.92,20260721161418,0.5,-2.7047913446676897,2.8594771241829964,-2.2515527950310643,,C,50.0,-3.23,54.98,49.65,0.0,0.0,,False,0.0,0,,回避,当前无优势,49.65,0,未知,52.65,C,量能较健康；当日未明显追高；市场总体风险较低,弱于行业,0.0,回踩候选：当前不买，进入观察池,3
600028,中国石化,自动发现,今日自动发现,5.12,-2.29,5.19,5.22,5.09,5.24,207378.0,0.42,1.11,20260721161445,0.23076923076923286,-1.9157088122605304,0.5893909626719207,-1.3487475915221592,,C,50.0,-2.29,54.63,48.72,0.0,0.0,,False,0.0,0,,回避,当前无优势,48.72,0,未知,51.72,C,量能较健康；当日未明显追高；市场总体风险较低,弱于行业,0.0,回踩候选：当前不买，进入观察池,3
000001,平安银行,自动发现,今日自动发现,10.84,-1.28,10.99,11.13,10.83,10.98,192530.0,0.9,1.56,20260721161418,0.03333333333333254,-2.605570530098844,0.09233610341643494,-1.364877161055511,,C,50.0,-1.28,54.57,48.02,0.0,0.0,,False,0.0,0,,回避,当前无优势,48.02,0,未知,51.02,C,量能较健康；当日未明显追高；市场总体风险较低,弱于行业,0.0,回踩候选：当前不买，进入观察池,3
000568,泸州老窖,自动发现,今日自动发现,85.22,-2.81,86.6,88.46,84.45,87.68,252669.0,1.99,1.4,20260721161403,0.19201995012468773,-3.662672394302502,0.911782119597393,-1.5935334872979157,,C,50.0,-2.81,54.81,46.3,0.0,0.0,,False,0.0,0,,回避,当前无优势,46.3,0,未知,49.3,C,量能较健康；当日未明显追高；市场总体风险较低,弱于行业,0.0,回踩候选：当前不买，进入观察池,3
002714,牧原股份,自动发现,今日自动发现,39.42,-2.93,40.02,40.87,39.13,40.61,304751.0,2.33,0.93,20260721161427,0.16666666666666666,-3.5478345975042735,0.7411193457705023,-1.4992503748125996,,C,50.0,-2.93,54.97,45.69,0.0,0.0,,False,0.0,0,,回避,当前无优势,45.69,0,未知,48.69,C,量能较健康；当日未明显追高；市场总体风险较低,弱于行业,0.0,回踩候选：当前不买，进入观察池,3
601398,工商银行,自动发现,今日自动发现,7.56,-2.33,7.79,7.81,7.51,7.74,439717.0,0.21,1.12,20260721161451,0.16666666666666619,-3.201024327784896,0.665778961384822,-2.9525032092426295,,C,50.0,-2.33,55.29,45.41,0.0,0.0,,False,0.0,0,,回避,当前无优势,45.41,0,未知,48.41,C,量能较健康；当日未明显追高；市场总体风险较低,弱于行业,0.0,回踩候选：当前不买，进入观察池,3
601318,中国平安,保险,核心池,52.89,-0.64,53.68,54.65,52.51,53.23,854061.0,1.5,1.35,20260721161451,0.17757009345794508,-3.2204940530649595,0.7236716815844702,-1.4716840536512676,沪深300ETF,C,46.02,-3.59,67.86,45.32,0.0,0.0,,False,0.0,0,,回避,当前无优势,45.32,0,震荡,48.32,C,量能较健康；当日未明显追高；基础质量得分较好；市场总体风险较低,弱于行业,0.0,回踩候选：当前不买，进入观察池,3
600536,中国软件,软件,核心池,33.63,-2.32,33.24,34.67,31.8,34.43,173682.0,6.13,1.14,20260721161431,0.6376306620209063,-2.999711566195551,5.75471698113208,1.1732851985559511,云计算ETF,C,51.31,-6.89,66.48,49.43,0.0,0.0,,True,0.0,0,,持仓观察,暂不补仓；观察反弹质量,49.43,5,震荡,52.43,持仓,量能较健康；开盘后仍有承接；当日未明显追高；基础质量得分较好；市场总体风险较低,弱于行业,0.0,暂不补仓；观察反弹质量,2
000858,五 粮 液,自动发现,今日自动发现,74.38,-2.44,76.0,76.76,74.14,76.24,475942.0,1.63,1.28,20260721161424,0.0916030534351124,-3.1005732152162735,0.3237118964121821,-2.131578947368429,,C,50.0,-2.44,55.36,44.94,0.0,0.0,,False,0.0,0,,回避,当前无优势,44.94,0,未知,47.94,D,量能较健康；当日未明显追高；市场总体风险较低,弱于行业,0.0,禁止追入/暂时回避,1
600938,中国海油,自动发现,今日自动发现,30.93,-2.95,31.8,31.98,30.76,31.87,329288.0,3.53,1.48,20260721161447,0.1393442622950806,-3.2833020637898724,0.5526657997399154,-2.7358490566037785,,C,50.0,-2.95,55.04,43.47,0.0,0.0,,False,0.0,0,,回避,当前无优势,43.47,0,未知,46.47,D,量能较健康；当日未明显追高；市场总体风险较低,弱于行业,0.0,禁止追入/暂时回避,1
601166,兴业银行,自动发现,今日自动发现,17.89,-2.45,18.38,18.53,17.86,18.34,306508.0,0.8,1.36,20260721161442,0.044776119402986654,-3.4538586076632516,0.1679731243001248,-2.6659412404787752,,C,50.0,-2.45,54.97,43.28,0.0,0.0,,False,0.0,0,,回避,当前无优势,43.28,0,未知,46.28,D,量能较健康；当日未明显追高；市场总体风险较低,弱于行业,0.0,禁止追入/暂时回避,1
600036,招商银行,银行,核心池,37.99,-2.36,39.18,39.4,37.9,38.91,601852.0,0.76,1.47,20260721161451,0.060000000000002274,-3.578680203045681,0.23746701846967255,-3.037263910158239,沪深300ETF,C,46.02,-5.31,67.56,36.3,0.0,0.0,,False,0.0,0,,回避,当前无优势,36.3,0,震荡,39.3,D,量能较健康；当日未明显追高；基础质量得分较好；市场总体风险较低,弱于行业,0.0,禁止追入/暂时回避,1
600276,恒瑞医药,创新药,核心池,54.93,-1.15,55.99,55.99,53.76,55.57,526903.0,1.51,0.75,20260721161446,0.5246636771300447,-1.893195213430976,2.1763392857142794,-1.893195213430976,医疗ETF,D,38.13,-1.76,67.44,53.09,0.0,20.0,所属ETF为D级,False,0.0,0,,行业禁买,医疗ETF为D级，停止新增,53.09,1,退潮,35.0,D,当日未明显追高；基础质量得分较好；市场总体风险较低,弱于行业；所属行业偏弱；板块处于退潮阶段,0.0,禁止追入/暂时回避,1
601088,中国神华,煤炭,核心池,45.1,-2.25,46.15,46.8,44.3,46.14,281290.0,0.38,1.44,20260721161456,0.3200000000000017,-3.6324786324786196,1.8058690744921169,-2.275189599133254,煤炭ETF,E,21.4,-0.44,66.9,46.84,0.0,35.0,所属ETF为E级,False,0.0,0,,行业禁买,煤炭ETF为E级，停止新增,46.84,1,退潮,35.0,D,量能较健康；当日未明显追高；基础质量得分较好；市场总体风险较低,所属行业偏弱；板块处于退潮阶段,0.0,禁止追入/暂时回避,1
