code,name,sector,source,score,cache_time,live_source
000725,京东方Ａ,自动发现,新浪财经成交额排行,95.18429316455696,2026-09-28 20:50:17,新浪财经
300750,宁德时代,自动发现,新浪财经成交额排行,94.43187658227848,2026-09-28 20:50:17,新浪财经
603259,药明康德,自动发现,新浪财经成交额排行,94.0641844936709,2026-09-28 20:50:17,新浪财经
600150,中国船舶,自动发现,新浪财经成交额排行,92.18387006329114,2026-09-28 20:50:17,新浪财经
600519,贵州茅台,自动发现,新浪财经成交额排行,91.59602955696202,2026-09-28 20:50:17,新浪财经
688008,澜起科技,自动发现,新浪财经成交额排行,90.92312474683544,2026-09-28 20:50:17,新浪财经
600900,长江电力,自动发现,新浪财经成交额排行,90.20877879746836,2026-09-28 20:50:17,新浪财经
601899,紫金矿业,自动发现,新浪财经成交额排行,90.19648924050632,2026-09-28 20:50:17,新浪财经
600206,有研新材,自动发现,新浪财经成交额排行,90.17541607594937,2026-09-28 20:50:17,新浪财经
688825,长鑫科技,自动发现,新浪财经成交额排行,88.789185,2026-09-28 20:50:17,新浪财经
601318,中国平安,自动发现,新浪财经成交额排行,88.5415882278481,2026-09-28 20:50:17,新浪财经
603773,沃格光电,自动发现,新浪财经成交额排行,88.44652398734178,2026-09-28 20:50:17,新浪财经
002636,金安国纪,自动发现,新浪财经成交额排行,88.01554639240506,2026-09-28 20:50:17,新浪财经
600183,生益科技,自动发现,新浪财经成交额排行,87.8394729113924,2026-09-28 20:50:17,新浪财经
601398,工商银行,自动发现,新浪财经成交额排行,87.34979462025316,2026-09-28 20:50:17,新浪财经
688041,海光信息,自动发现,新浪财经成交额排行,87.20030056962025,2026-09-28 20:50:17,新浪财经
002371,北方华创,自动发现,新浪财经成交额排行,86.68893848101266,2026-09-28 20:50:17,新浪财经
002475,立讯精密,自动发现,新浪财经成交额排行,86.23252740506328,2026-09-28 20:50:17,新浪财经
688012,中微公司,自动发现,新浪财经成交额排行,85.85847582278481,2026-09-28 20:50:17,新浪财经
601138,工业富联,自动发现,新浪财经成交额排行,85.72812189873419,2026-09-28 20:50:17,新浪财经
688361,中科飞测,自动发现,新浪财经成交额排行,85.56033221518987,2026-09-28 20:50:17,新浪财经
002487,大金重工,自动发现,新浪财经成交额排行,85.48998430379747,2026-09-28 20:50:17,新浪财经
300604,长川科技,自动发现,新浪财经成交额排行,85.48492215189874,2026-09-28 20:50:17,新浪财经
600036,招商银行,自动发现,新浪财经成交额排行,85.40516569620252,2026-09-28 20:50:17,新浪财经
300776,帝尔激光,自动发现,新浪财经成交额排行,85.17390620253164,2026-09-28 20:50:17,新浪财经
601288,农业银行,自动发现,新浪财经成交额排行,85.090032278481,2026-09-28 20:50:17,新浪财经
688432,有研硅,自动发现,新浪财经成交额排行,84.99204272151898,2026-09-28 20:50:17,新浪财经
600584,长电科技,自动发现,新浪财经成交额排行,84.90116873417722,2026-09-28 20:50:17,新浪财经
000592,平潭发展,自动发现,新浪财经成交额排行,84.67288765822785,2026-09-28 20:50:17,新浪财经
688981,中芯国际,自动发现,新浪财经成交额排行,84.6308590506329,2026-09-28 20:50:17,新浪财经
002185,华天科技,自动发现,新浪财经成交额排行,84.55887588607594,2026-09-28 20:50:17,新浪财经
300274,阳光电源,自动发现,新浪财经成交额排行,84.5100511392405,2026-09-28 20:50:17,新浪财经
002156,通富微电,自动发现,新浪财经成交额排行,84.34716063291138,2026-09-28 20:50:17,新浪财经
300059,东方财富,自动发现,新浪财经成交额排行,84.15418170886076,2026-09-28 20:50:17,新浪财经
002714,牧原股份,自动发现,新浪财经成交额排行,83.8621046835443,2026-09-28 20:50:17,新浪财经
002428,云南锗业,自动发现,新浪财经成交额排行,83.67061297468354,2026-09-28 20:50:17,新浪财经
601857,中国石油,自动发现,新浪财经成交额排行,83.65159917721519,2026-09-28 20:50:17,新浪财经
002119,康强电子,自动发现,新浪财经成交额排行,83.6440348101266,2026-09-28 20:50:17,新浪财经
300179,四方达,自动发现,新浪财经成交额排行,83.49549911392405,2026-09-28 20:50:17,新浪财经
000333,美的集团,自动发现,新浪财经成交额排行,83.07727018987342,2026-09-28 20:50:17,新浪财经
002436,兴森科技,自动发现,新浪财经成交额排行,83.04435164556962,2026-09-28 20:50:17,新浪财经
600641,先导基电,自动发现,新浪财经成交额排行,83.01826132911393,2026-09-28 20:50:17,新浪财经
600030,中信证券,自动发现,新浪财经成交额排行,82.9719038607595,2026-09-28 20:50:17,新浪财经
600172,黄河旋风,自动发现,新浪财经成交额排行,82.95199031645569,2026-09-28 20:50:17,新浪财经
688110,东芯股份,自动发现,新浪财经成交额排行,82.53086993670887,2026-09-28 20:50:17,新浪财经
000977,浪潮信息,自动发现,新浪财经成交额排行,82.19441196202531,2026-09-28 20:50:17,新浪财经
001389,广合科技,自动发现,新浪财经成交额排行,82.14096594936709,2026-09-28 20:50:17,新浪财经
301689,电科思仪,自动发现,新浪财经成交额排行,81.9390664556962,2026-09-28 20:50:17,新浪财经
600330,天通股份,自动发现,新浪财经成交额排行,81.76355778481012,2026-09-28 20:50:17,新浪财经
603893,瑞芯微,自动发现,新浪财经成交额排行,81.74475303797468,2026-09-28 20:50:17,新浪财经
601988,中国银行,自动发现,新浪财经成交额排行,81.67164550632911,2026-09-28 20:50:17,新浪财经
688200,华峰测控,自动发现,新浪财经成交额排行,81.56443360759494,2026-09-28 20:50:17,新浪财经
300454,深信服,自动发现,新浪财经成交额排行,81.55785810126582,2026-09-28 20:50:17,新浪财经
002413,雷科防务,自动发现,新浪财经成交额排行,81.36535012658227,2026-09-28 20:50:17,新浪财经
601091,沈鼓集团,自动发现,新浪财经成交额排行,81.23568037974684,2026-09-28 20:50:17,新浪财经
601328,交通银行,自动发现,新浪财经成交额排行,80.96635816455696,2026-09-28 20:50:17,新浪财经
000560,我爱我家,自动发现,新浪财经成交额排行,80.82469936708861,2026-09-28 20:50:17,新浪财经
300124,汇川技术,自动发现,新浪财经成交额排行,80.77293265822784,2026-09-28 20:50:17,新浪财经
603993,洛阳钼业,自动发现,新浪财经成交额排行,80.6190662658228,2026-09-28 20:50:17,新浪财经
601872,招商轮船,自动发现,新浪财经成交额排行,80.50727601265822,2026-09-28 20:50:17,新浪财经
688347,华虹宏力,自动发现,新浪财经成交额排行,80.45947329113923,2026-09-28 20:50:17,新浪财经
300300,海峡创新,自动发现,新浪财经成交额排行,80.34393987341772,2026-09-28 20:50:17,新浪财经
603186,华正新材,自动发现,新浪财经成交额排行,80.1077535443038,2026-09-28 20:50:17,新浪财经
300489,光智科技,自动发现,新浪财经成交额排行,79.97399246835444,2026-09-28 20:50:17,新浪财经
000002,万 科Ａ,自动发现,新浪财经成交额排行,79.76969683544304,2026-09-28 20:50:17,新浪财经
600552,凯盛科技,自动发现,新浪财经成交额排行,79.24942651898733,2026-09-28 20:50:17,新浪财经
301080,百普赛斯,自动发现,新浪财经成交额排行,79.19763075949368,2026-09-28 20:50:17,新浪财经
300058,蓝色光标,自动发现,新浪财经成交额排行,79.1686467721519,2026-09-28 20:50:17,新浪财经
000063,中兴通讯,自动发现,新浪财经成交额排行,78.97038702531646,2026-09-28 20:50:17,新浪财经
301047,义翘神州,自动发现,新浪财经成交额排行,78.93326525316456,2026-09-28 20:50:17,新浪财经
600276,恒瑞医药,自动发现,新浪财经成交额排行,78.848695,2026-09-28 20:50:17,新浪财经
000338,潍柴动力,自动发现,新浪财经成交额排行,77.99209259493671,2026-09-28 20:50:17,新浪财经
603019,中科曙光,自动发现,新浪财经成交额排行,77.55692234177215,2026-09-28 20:50:17,新浪财经
301526,国际复材,自动发现,新浪财经成交额排行,77.01880253164556,2026-09-28 20:50:17,新浪财经
600938,中国海油,自动发现,新浪财经成交额排行,76.61196905063291,2026-09-28 20:50:17,新浪财经
300433,蓝思科技,自动发现,新浪财经成交额排行,76.19018284810126,2026-09-28 20:50:17,新浪财经
002353,杰瑞股份,自动发现,新浪财经成交额排行,76.18813835443038,2026-09-28 20:50:17,新浪财经
002241,歌尔股份,自动发现,新浪财经成交额排行,76.1195070886076,2026-09-28 20:50:17,新浪财经
688120,华海清科,自动发现,新浪财经成交额排行,76.03561544303798,2026-09-28 20:50:17,新浪财经
300760,迈瑞医疗,自动发现,新浪财经成交额排行,75.8504111392405,2026-09-28 20:50:17,新浪财经
600406,国电南瑞,自动发现,新浪财经成交额排行,75.84313012658228,2026-09-28 20:50:17,新浪财经
300759,康龙化成,自动发现,新浪财经成交额排行,75.78262322784809,2026-09-28 20:50:17,新浪财经
002594,比亚迪,自动发现,新浪财经成交额排行,75.77938056962026,2026-09-28 20:50:17,新浪财经
600460,士兰微,自动发现,新浪财经成交额排行,74.99339367088608,2026-09-28 20:50:17,新浪财经
605117,德业股份,自动发现,新浪财经成交额排行,74.91397462025316,2026-09-28 20:50:17,新浪财经
000100,TCL科技,自动发现,新浪财经成交额排行,74.83480848101266,2026-09-28 20:50:17,新浪财经
603823,百合花,自动发现,新浪财经成交额排行,74.6395453164557,2026-09-28 20:50:17,新浪财经
000021,深科技,自动发现,新浪财经成交额排行,74.60200943037975,2026-09-28 20:50:17,新浪财经
002938,鹏鼎控股,自动发现,新浪财经成交额排行,74.57767892405063,2026-09-28 20:50:17,新浪财经
002028,思源电气,自动发现,新浪财经成交额排行,73.71725107594936,2026-09-28 20:50:17,新浪财经
601689,拓普集团,自动发现,新浪财经成交额排行,73.63389829113923,2026-09-28 20:50:17,新浪财经
002639,雪人集团,自动发现,新浪财经成交额排行,73.5370024050633,2026-09-28 20:50:17,新浪财经
603067,振华股份,自动发现,新浪财经成交额排行,73.38973373417721,2026-09-28 20:50:17,新浪财经
688002,睿创微纳,自动发现,新浪财经成交额排行,72.96211455696202,2026-09-28 20:50:17,新浪财经
000066,中国长城,自动发现,新浪财经成交额排行,72.86177791139241,2026-09-28 20:50:17,新浪财经
002821,凯莱英,自动发现,新浪财经成交额排行,72.58068677215189,2026-09-28 20:50:17,新浪财经
002837,英维克,自动发现,新浪财经成交额排行,72.32666841772152,2026-09-28 20:50:17,新浪财经
002614,奥佳华,自动发现,新浪财经成交额排行,72.27676424050632,2026-09-28 20:50:17,新浪财经
601086,国芳集团,自动发现,新浪财经成交额排行,72.17489664556962,2026-09-28 20:50:17,新浪财经
300666,江丰电子,自动发现,新浪财经成交额排行,72.12267449367089,2026-09-28 20:50:17,新浪财经
002407,多氟多,自动发现,新浪财经成交额排行,72.09770715189873,2026-09-28 20:50:17,新浪财经
688037,芯源微,自动发现,新浪财经成交额排行,72.07543379746836,2026-09-28 20:50:17,新浪财经
600028,中国石化,自动发现,新浪财经成交额排行,71.93667518987341,2026-09-28 20:50:17,新浪财经
600722,金牛化工,自动发现,新浪财经成交额排行,71.39097930379747,2026-09-28 20:50:17,新浪财经
601919,中远海控,自动发现,新浪财经成交额排行,71.11790835443038,2026-09-28 20:50:17,新浪财经
600988,赤峰黄金,自动发现,新浪财经成交额排行,71.00097158227848,2026-09-28 20:50:17,新浪财经
688123,聚辰股份,自动发现,新浪财经成交额排行,70.92355006329113,2026-09-28 20:50:17,新浪财经
600309,万华化学,自动发现,新浪财经成交额排行,70.84883911392406,2026-09-28 20:50:17,新浪财经
000426,兴业银锡,自动发现,新浪财经成交额排行,70.5450108227848,2026-09-28 20:50:17,新浪财经
002050,三花智控,自动发现,新浪财经成交额排行,70.52357196202531,2026-09-28 20:50:17,新浪财经
301536,星宸科技,自动发现,新浪财经成交额排行,70.49725632911392,2026-09-28 20:50:17,新浪财经
300442,润泽科技,自动发现,新浪财经成交额排行,70.46943398734177,2026-09-28 20:50:17,新浪财经
000807,云铝股份,自动发现,新浪财经成交额排行,69.92318221518988,2026-09-28 20:50:17,新浪财经
300033,同花顺,自动发现,新浪财经成交额排行,69.92221588607595,2026-09-28 20:50:17,新浪财经
601766,中国中车,自动发现,新浪财经成交额排行,69.72555310126582,2026-09-28 20:50:17,新浪财经
600919,江苏银行,自动发现,新浪财经成交额排行,69.40418702531645,2026-09-28 20:50:17,新浪财经
603626,科森科技,自动发现,新浪财经成交额排行,69.29923227848101,2026-09-28 20:50:17,新浪财经
600111,北方稀土,自动发现,新浪财经成交额排行,69.03225981012658,2026-09-28 20:50:17,新浪财经
688126,沪硅产业,自动发现,新浪财经成交额排行,68.750097721519,2026-09-28 20:50:17,新浪财经
000703,恒逸石化,自动发现,新浪财经成交额排行,68.69745443037975,2026-09-28 20:50:17,新浪财经
