code,name,hard_bad_news,event_risk,event_unknown,note,scan_time,source,url
001896,豫能控股,0,0.0,0,,2026-07-23 14:56:09,东方财富公告自动扫描,https://data.eastmoney.com/notices/detail/001896/AN202607161827025420.html
000034,神州数码,0,0.0,0,,2026-07-23 15:21:23,东方财富公告自动扫描,https://data.eastmoney.com/notices/detail/000034/AN202607131826930765.html
600909,华安证券,0,8.0,0,近期业绩公告：华安证券:华安证券股份有限公司2026年半年度业绩预增公告,2026-07-24 16:06:58,东方财富公告自动扫描,https://data.eastmoney.com/notices/detail/600909/AN202607231827292898.html
688797,臻宝科技,0,0.0,0,,2026-07-24 16:06:58,东方财富公告自动扫描,
002273,水晶光电,0,0.0,0,,2026-07-24 16:06:58,东方财富公告自动扫描,
688548,广钢气体,0,0.0,0,,2026-07-27 14:27:42,东方财富公告自动扫描,https://data.eastmoney.com/notices/detail/688548/AN202607221827265196.html
002414,高德红外,0,0.0,0,,2026-07-27 17:29:36,东方财富公告自动扫描,
688729,屹唐股份,0,0.0,0,,2026-07-27 17:29:36,东方财富公告自动扫描,https://data.eastmoney.com/notices/detail/688729/AN202607211827214140.html
688362,甬矽电子,0,0.0,0,,2026-07-27 17:29:36,东方财富公告自动扫描,https://data.eastmoney.com/notices/detail/688362/AN202607161827030296.html
002208,合肥城建,0,0.0,0,,2026-07-28 13:45:01,东方财富公告自动扫描,https://data.eastmoney.com/notices/detail/002208/AN202607201827157940.html
600552,凯盛科技,0,0.0,0,,2026-07-28 13:45:01,东方财富公告自动扫描,https://data.eastmoney.com/notices/detail/600552/AN202607271827383066.html
002222,福晶科技,0,0.0,0,,2026-07-28 16:13:40,东方财富公告自动扫描,https://data.eastmoney.com/notices/detail/002222/AN202607241827321882.html
688502,茂莱光学,0,0.0,0,,2026-07-28 16:13:40,东方财富公告自动扫描,https://data.eastmoney.com/notices/detail/688502/AN202607171827056256.html
301293,三博脑科,0,0.0,0,,2026-07-28 16:13:40,东方财富公告自动扫描,
002487,大金重工,0,0.0,0,,2026-07-28 16:13:40,东方财富公告自动扫描,https://data.eastmoney.com/notices/detail/002487/AN202607271827383384.html
600744,华银电力,0,32.0,0,风险公告：华银电力:大唐华银电力股份有限公司股票交易风险提示公告,2026-07-28 16:13:40,东方财富公告自动扫描,https://data.eastmoney.com/notices/detail/600744/AN202607211827215784.html
002141,贤丰控股,0,0.0,0,,2026-07-28 16:13:40,东方财富公告自动扫描,https://data.eastmoney.com/notices/detail/002141/AN202607211827212051.html
603690,至纯科技,0,0.0,0,,2026-07-28 16:13:40,东方财富公告自动扫描,https://data.eastmoney.com/notices/detail/603690/AN202607271827386467.html
000676,智度股份,0,0.0,0,,2026-07-28 16:13:40,东方财富公告自动扫描,https://data.eastmoney.com/notices/detail/000676/AN202607261827358121.html
600726,华电能源,0,0.0,0,,2026-07-28 16:13:40,东方财富公告自动扫描,https://data.eastmoney.com/notices/detail/600726/AN202607221827261935.html
300655,晶瑞电材,0,0.0,0,,2026-07-28 16:13:40,东方财富公告自动扫描,
688036,传音控股,0,8.0,0,近期业绩公告：传音控股:传音控股2026年半年度业绩预增的自愿性披露公告,2026-07-28 16:13:40,东方财富公告自动扫描,https://data.eastmoney.com/notices/detail/688036/AN202607191827116066.html
601727,上海电气,0,8.0,0,近期业绩公告：上海电气:上海电气集团股份有限公司2026年半年度业绩预告,2026-07-28 16:13:40,东方财富公告自动扫描,https://data.eastmoney.com/notices/detail/601727/AN202607231827288185.html
688200,华峰测控,0,0.0,0,,2026-07-29 16:19:16,东方财富公告自动扫描,https://data.eastmoney.com/notices/detail/688200/AN202607231827296057.html
002173,创新医疗,0,0.0,0,,2026-07-30 12:18:47,东方财富公告自动扫描,https://data.eastmoney.com/notices/detail/002173/AN202607271827385907.html
300207,欣旺达,0,0.0,0,,2026-07-30 12:18:47,东方财富公告自动扫描,https://data.eastmoney.com/notices/detail/300207/AN202607241827324942.html
600578,京能电力,0,0.0,0,,2026-07-30 12:18:47,东方财富公告自动扫描,https://data.eastmoney.com/notices/detail/600578/AN202607291827453052.html
600693,东百集团,0,0.0,0,,2026-07-30 13:37:31,东方财富公告自动扫描,https://data.eastmoney.com/notices/detail/600693/AN202607291827458958.html
300115,长盈精密,0,0.0,0,,2026-07-30 13:37:31,东方财富公告自动扫描,
603444,吉比特,0,0.0,0,,2026-07-30 13:37:31,东方财富公告自动扫描,https://data.eastmoney.com/notices/detail/603444/AN202607211827207300.html
000625,长安汽车,0,0.0,0,,2026-07-30 13:37:31,东方财富公告自动扫描,https://data.eastmoney.com/notices/detail/000625/AN202607281827424232.html
600415,小商品城,0,0.0,0,,2026-07-30 16:21:15,东方财富公告自动扫描,https://data.eastmoney.com/notices/detail/600415/AN202607201827135449.html
601688,华泰证券,0,0.0,0,,2026-07-30 16:21:15,东方财富公告自动扫描,https://data.eastmoney.com/notices/detail/601688/AN202607281827421815.html
600938,中国海油,0,0.0,0,,2026-07-30 16:21:15,东方财富公告自动扫描,https://data.eastmoney.com/notices/detail/600938/AN202607281827421865.html
600733,北汽蓝谷,0,52.0,0,解禁风险：北汽蓝谷:中信建投证券股份有限公司关于北汽蓝谷新能源科技股份有限公司向特定对象发行股票限售股上市流通的核查意见；解禁风险：北汽蓝谷:关于向特定对象发行股票限售股上市流通的公告,2026-07-30 16:21:15,东方财富公告自动扫描,https://data.eastmoney.com/notices/detail/600733/AN202607291827459382.html
601766,中国中车,0,0.0,0,,2026-07-30 16:21:15,东方财富公告自动扫描,https://data.eastmoney.com/notices/detail/601766/AN202607281827418664.html
000568,泸州老窖,0,0.0,0,,2026-07-30 16:21:15,东方财富公告自动扫描,
601668,中国建筑,0,0.0,0,,2026-07-30 16:21:15,东方财富公告自动扫描,https://data.eastmoney.com/notices/detail/601668/AN202607291827457749.html
688469,芯联集成,0,0.0,0,,2026-07-30 16:21:15,东方财富公告自动扫描,
002532,天山铝业,0,0.0,0,,2026-07-30 16:21:15,东方财富公告自动扫描,https://data.eastmoney.com/notices/detail/002532/AN202607231827290042.html
601678,滨化股份,0,0.0,0,,2026-07-31 12:38:16,东方财富公告自动扫描,https://data.eastmoney.com/notices/detail/601678/AN202607271827388909.html
600809,XD山西汾,0,0.0,0,,2026-07-31 12:38:16,东方财富公告自动扫描,https://data.eastmoney.com/notices/detail/600809/AN202607281827417961.html
605499,东鹏饮料,0,8.0,0,近期业绩公告：东鹏饮料:东鹏饮料(集团)股份有限公司2026年半年度报告摘要；近期业绩公告：东鹏饮料:东鹏饮料(集团)股份有限公司2026年半年度报告,2026-07-31 12:38:16,东方财富公告自动扫描,https://data.eastmoney.com/notices/detail/605499/AN202607301827497263.html
600895,张江高科,0,0.0,0,,2026-07-31 14:10:00,东方财富公告自动扫描,
002859,洁美科技,0,0.0,0,,2026-07-31 14:10:00,东方财富公告自动扫描,https://data.eastmoney.com/notices/detail/002859/AN202607301827489469.html
300503,昊志机电,0,0.0,0,,2026-08-03 12:46:24,东方财富公告自动扫描,https://data.eastmoney.com/notices/detail/300503/AN202607311827532142.html
600986,浙文互联,0,32.0,0,风险公告：浙文互联:中汇会计师事务所(特殊普通合伙)关于上海证券交易所《关于浙文互联集团股份有限公司2025年年度报告的信息披露监管问询函》有关财务问题回复的专项说明；近期业绩公告：浙文互联:中汇会计师事务所(特殊普通合伙)关于上海证券交易所《关于浙文互联集团股份有限公司2025年年度报告的信息披露监管问询函》有关财务问题回复的专项说明；风险公告：浙文互联:浙文互联关于2025年年度报告的信息披露监管问询函的回复公告；近期业绩公告：浙文互联:浙文互联关于2025年年度报告的信息披露监管问询函的回复公告,2026-08-03 12:46:24,东方财富公告自动扫描,https://data.eastmoney.com/notices/detail/600986/AN202607301827490635.html
688322,奥比中光-W,0,0.0,0,,2026-08-03 14:19:41,东方财富公告自动扫描,https://data.eastmoney.com/notices/detail/688322/AN202607291827454773.html
600941,中国移动,0,0.0,0,,2026-08-03 14:19:41,东方财富公告自动扫描,
603678,火炬电子,0,0.0,0,,2026-08-03 14:19:41,东方财富公告自动扫描,https://data.eastmoney.com/notices/detail/603678/AN202607241827316790.html
688777,中控技术,0,0.0,0,,2026-08-03 17:37:53,东方财富公告自动扫描,
601012,隆基绿能,0,0.0,0,,2026-08-03 17:37:53,东方财富公告自动扫描,https://data.eastmoney.com/notices/detail/601012/AN202607311827526536.html
601328,交通银行,0,0.0,0,,2026-08-03 17:37:53,东方财富公告自动扫描,https://data.eastmoney.com/notices/detail/601328/AN202608031827588783.html
601985,中国核电,0,0.0,0,,2026-08-03 17:37:53,东方财富公告自动扫描,https://data.eastmoney.com/notices/detail/601985/AN202607311827536099.html
002555,三七互娱,0,0.0,0,,2026-08-03 17:37:53,东方财富公告自动扫描,
301583,托伦斯,0,0.0,0,,2026-08-04 14:02:53,东方财富公告自动扫描,https://data.eastmoney.com/notices/detail/301583/AN202607311827534172.html
600160,巨化股份,0,0.0,0,,2026-08-04 14:02:53,东方财富公告自动扫描,
601360,三六零,0,0.0,0,,2026-08-04 14:02:53,东方财富公告自动扫描,
601689,拓普集团,0,0.0,0,,2026-08-04 16:31:55,东方财富公告自动扫描,https://data.eastmoney.com/notices/detail/601689/AN202607281827419103.html
600588,用友网络,0,0.0,0,,2026-08-04 16:31:55,东方财富公告自动扫描,
601611,中国核建,0,0.0,0,,2026-08-04 16:31:55,东方财富公告自动扫描,https://data.eastmoney.com/notices/detail/601611/AN202607301827497102.html
688019,安集科技,0,0.0,0,,2026-08-04 16:31:55,东方财富公告自动扫描,https://data.eastmoney.com/notices/detail/688019/AN202607271827385025.html
002498,汉缆股份,0,0.0,0,,2026-08-04 16:31:55,东方财富公告自动扫描,https://data.eastmoney.com/notices/detail/002498/AN202608031827592686.html
600406,国电南瑞,0,0.0,0,,2026-08-04 16:31:55,东方财富公告自动扫描,https://data.eastmoney.com/notices/detail/600406/AN202607311827526292.html
002379,宏桥控股,0,0.0,0,,2026-08-04 16:31:55,东方财富公告自动扫描,https://data.eastmoney.com/notices/detail/002379/AN202607311827534186.html
603039,泛微网络,0,32.0,0,风险公告：泛微网络:关于《泛微网络科技股份有限公司关于股票交易异常波动有关事宜的问询函》的回函,2026-08-04 16:31:55,东方财富公告自动扫描,https://data.eastmoney.com/notices/detail/603039/AN202607311827531715.html
301013,利和兴,0,0.0,0,,2026-08-05 10:10:58,东方财富公告自动扫描,https://data.eastmoney.com/notices/detail/301013/AN202608031827591347.html
300613,富瀚微,0,8.0,0,近期业绩公告：富瀚微:2026年半年度业绩预告,2026-08-05 13:43:27,东方财富公告自动扫描,https://data.eastmoney.com/notices/detail/300613/AN202607311827530989.html
000533,顺钠股份,0,0.0,0,,2026-08-05 13:43:27,东方财富公告自动扫描,https://data.eastmoney.com/notices/detail/000533/AN202607281827426865.html
002421,达实智能,0,0.0,0,,2026-08-05 13:43:27,东方财富公告自动扫描,https://data.eastmoney.com/notices/detail/002421/AN202608041827622521.html
002361,神剑股份,0,0.0,0,,2026-08-05 13:43:27,东方财富公告自动扫描,https://data.eastmoney.com/notices/detail/002361/AN202608041827629556.html
001248,华润新能,0,0.0,0,,2026-08-05 13:43:27,东方财富公告自动扫描,https://data.eastmoney.com/notices/detail/001248/AN202608031827587432.html
688099,晶晨股份,0,0.0,0,,2026-08-05 13:43:27,东方财富公告自动扫描,
000815,美利云,0,0.0,0,,2026-08-05 16:30:47,东方财富公告自动扫描,https://data.eastmoney.com/notices/detail/000815/AN202608041827629563.html
600875,东方电气,0,0.0,0,,2026-08-05 16:30:47,东方财富公告自动扫描,
601127,赛力斯,0,0.0,0,,2026-08-05 16:30:47,东方财富公告自动扫描,https://data.eastmoney.com/notices/detail/601127/AN202608031827596573.html
600410,华胜天成,0,0.0,0,,2026-08-05 16:30:47,东方财富公告自动扫描,https://data.eastmoney.com/notices/detail/600410/AN202608041827628639.html
000967,盈峰环境,0,0.0,0,,2026-08-05 16:30:47,东方财富公告自动扫描,https://data.eastmoney.com/notices/detail/000967/AN202608041827629013.html
002517,恺英网络,0,0.0,0,,2026-08-05 16:30:47,东方财富公告自动扫描,https://data.eastmoney.com/notices/detail/002517/AN202608031827594724.html
688331,荣昌生物,0,8.0,0,近期业绩公告：荣昌生物:荣昌生物制药(烟台)股份有限公司2026年半年度业绩预告的自愿性披露公告,2026-08-06 10:30:23,东方财富公告自动扫描,https://data.eastmoney.com/notices/detail/688331/AN202608051827671897.html
603738,泰晶科技,0,0.0,0,,2026-08-07 13:58:37,东方财富公告自动扫描,https://data.eastmoney.com/notices/detail/603738/AN202608061827713815.html
002195,岩山科技,0,0.0,0,,2026-08-07 13:58:37,东方财富公告自动扫描,
300567,精测电子,0,0.0,0,,2026-08-10 12:27:23,东方财富公告自动扫描,https://data.eastmoney.com/notices/detail/300567/AN202608071827752826.html
600392,盛和资源,0,0.0,0,,2026-08-10 12:27:23,东方财富公告自动扫描,https://data.eastmoney.com/notices/detail/600392/AN202608031827587821.html
002422,科伦药业,0,0.0,0,,2026-08-10 12:27:23,东方财富公告自动扫描,https://data.eastmoney.com/notices/detail/002422/AN202608051827673550.html
000960,锡业股份,0,0.0,0,,2026-08-10 15:26:08,东方财富公告自动扫描,https://data.eastmoney.com/notices/detail/000960/AN202608041827620206.html
600711,盛屯矿业,0,0.0,0,,2026-08-11 12:17:18,东方财富公告自动扫描,https://data.eastmoney.com/notices/detail/600711/AN202608071827758009.html
000933,神火股份,0,0.0,0,,2026-08-11 12:17:18,东方财富公告自动扫描,https://data.eastmoney.com/notices/detail/000933/AN202608071827756947.html
002739,儒意电影,0,0.0,0,,2026-08-11 15:01:45,东方财富公告自动扫描,https://data.eastmoney.com/notices/detail/002739/AN202608071827760773.html
300199,翰宇药业,0,0.0,0,,2026-08-11 15:01:45,东方财富公告自动扫描,https://data.eastmoney.com/notices/detail/300199/AN202608071827752122.html
605117,德业股份,0,0.0,0,,2026-08-12 15:19:42,东方财富公告自动扫描,
603087,甘李药业,0,0.0,0,,2026-08-13 12:49:01,东方财富公告自动扫描,https://data.eastmoney.com/notices/detail/603087/AN202608101827808677.html
600602,云赛智联,0,0.0,0,,2026-08-13 12:49:01,东方财富公告自动扫描,
300870,欧陆通,0,0.0,0,,2026-08-13 15:22:13,东方财富公告自动扫描,
300568,星源材质,0,0.0,0,,2026-08-14 12:46:19,东方财富公告自动扫描,https://data.eastmoney.com/notices/detail/300568/AN202608131827947592.html
000962,东方钽业,0,0.0,0,,2026-08-14 12:46:19,东方财富公告自动扫描,https://data.eastmoney.com/notices/detail/000962/AN202608131827939749.html
002149,西部材料,0,8.0,0,近期业绩公告：西部材料:西部金属材料股份有限公司关于控股子公司披露2026年半年度报告的提示性公告,2026-08-14 15:19:34,东方财富公告自动扫描,https://data.eastmoney.com/notices/detail/002149/AN202608101827814424.html
603236,移远通信,0,32.0,0,风险公告：移远通信:关于计提资产减值准备的公告；近期业绩公告：移远通信:2026年半年度报告摘要；近期业绩公告：移远通信:2026年半年度报告；近期业绩公告：移远通信:关于召开2026年半年度业绩说明会的公告,2026-08-14 15:19:34,东方财富公告自动扫描,https://data.eastmoney.com/notices/detail/603236/AN202608121827905814.html
300661,圣邦股份,0,0.0,0,,2026-08-14 15:19:34,东方财富公告自动扫描,https://data.eastmoney.com/notices/detail/300661/AN202608131827947795.html
002432,九安医疗,0,0.0,0,,2026-08-17 10:34:03,东方财富公告自动扫描,https://data.eastmoney.com/notices/detail/002432/AN202608071827752878.html
601179,中国西电,0,0.0,0,,2026-08-17 11:47:15,东方财富公告自动扫描,
002364,中恒电气,0,0.0,0,,2026-08-17 15:40:47,东方财富公告自动扫描,https://data.eastmoney.com/notices/detail/002364/AN202608141827990445.html
688820,盛合晶微,0,0.0,0,,2026-08-18 10:20:59,东方财富公告自动扫描,
600580,卧龙电驱,0,0.0,0,,2026-08-18 11:41:04,东方财富公告自动扫描,
603002,宏昌电子,0,0.0,0,,2026-08-18 11:41:04,东方财富公告自动扫描,
301377,鼎泰高科,0,0.0,0,,2026-08-18 11:41:04,东方财富公告自动扫描,https://data.eastmoney.com/notices/detail/301377/AN202608071827755473.html
002261,拓维信息,1,100.0,0,重大公告：拓维信息:2026年半年度非经营性资金占用及其他关联资金往来情况汇总表；近期业绩公告：拓维信息:2026年半年度报告；风险公告：拓维信息:关于计提资产减值准备的公告；近期业绩公告：拓维信息:2026年半年度报告摘要,2026-08-18 15:23:37,东方财富公告自动扫描,https://data.eastmoney.com/notices/detail/002261/AN202608091827791330.html
603929,亚翔集成,0,8.0,0,近期业绩公告：亚翔集成:关于2026年半年度业绩说明会召开情况的公告,2026-08-18 15:23:37,东方财富公告自动扫描,https://data.eastmoney.com/notices/detail/603929/AN202608131827938256.html
688082,盛美上海,0,8.0,0,近期业绩公告：盛美上海:2026年半年度报告；近期业绩公告：盛美上海:2026年半年度报告摘要,2026-08-18 15:23:37,东方财富公告自动扫描,https://data.eastmoney.com/notices/detail/688082/AN202608071827755731.html
688123,聚辰股份,0,48.0,0,业绩窗口显著下跌，存在预期差：聚辰股份:聚辰股份2026年半年度报告；业绩窗口显著下跌，存在预期差：聚辰股份:聚辰股份2026年半年度报告摘要,2026-08-19 10:31:23,东方财富公告自动扫描,https://data.eastmoney.com/notices/detail/688123/AN202608141827993823.html
000998,隆平高科,0,0.0,0,,2026-08-19 10:31:23,东方财富公告自动扫描,
600108,亚盛集团,0,0.0,0,,2026-08-19 10:31:23,东方财富公告自动扫描,https://data.eastmoney.com/notices/detail/600108/AN202608141827986245.html
002648,卫星化学,1,100.0,0,近期业绩公告：卫星化学:2026年半年度报告摘要；近期业绩公告：卫星化学:2026年半年度报告；重大公告：卫星化学:2026年半年度非经营性资金占用及其他关联资金往来情况汇总表,2026-08-19 11:43:35,东方财富公告自动扫描,https://data.eastmoney.com/notices/detail/002648/AN202608141827992322.html
600721,百花医药,0,32.0,0,风险公告：百花医药:新疆百花村医药集团股份有限公司股票交易严重异常波动暨风险提示公告；风险公告：百花医药:新疆百花村医药集团股份有限公司股票交易风险提示公告,2026-08-19 11:43:35,东方财富公告自动扫描,https://data.eastmoney.com/notices/detail/600721/AN202608121827910164.html
300442,润泽科技,0,0.0,0,,2026-08-19 11:43:35,东方财富公告自动扫描,
000887,中鼎股份,0,32.0,0,风险公告：中鼎股份:股票交易异常波动暨风险提示公告；风险公告：中鼎股份:关于市场传闻的澄清及风险提示的公告,2026-08-19 11:43:35,东方财富公告自动扫描,https://data.eastmoney.com/notices/detail/000887/AN202608171828057797.html
300598,诚迈科技,0,0.0,0,,2026-08-19 11:43:35,东方财富公告自动扫描,https://data.eastmoney.com/notices/detail/300598/AN202608181828108157.html
688025,杰普特,0,0.0,0,,2026-08-19 11:43:35,东方财富公告自动扫描,https://data.eastmoney.com/notices/detail/688025/AN202608121827910221.html
688234,天岳先进,0,0.0,0,,2026-08-19 11:43:35,东方财富公告自动扫描,https://data.eastmoney.com/notices/detail/688234/AN202608111827855642.html
603296,华勤技术,0,0.0,0,,2026-08-19 11:43:35,东方财富公告自动扫描,https://data.eastmoney.com/notices/detail/603296/AN202608131827941549.html
300243,瑞丰高材,0,0.0,0,,2026-08-19 11:43:35,东方财富公告自动扫描,https://data.eastmoney.com/notices/detail/300243/AN202608181828113312.html
301005,超捷股份,0,0.0,0,,2026-08-19 14:38:31,东方财富公告自动扫描,https://data.eastmoney.com/notices/detail/301005/AN202608111827862028.html
688102,斯瑞新材,0,0.0,0,,2026-08-19 14:38:31,东方财富公告自动扫描,https://data.eastmoney.com/notices/detail/688102/AN202608121827907374.html
300821,东岳硅材,0,0.0,0,,2026-08-19 15:24:33,东方财富公告自动扫描,
601211,国泰海通,0,8.0,0,近期业绩公告：国泰海通:国泰海通证券股份有限公司2026年半年度报告摘要；近期业绩公告：国泰海通:国泰海通证券股份有限公司2026年半年度报告；近期业绩公告：国泰海通:国泰海通证券股份有限公司2026年度“提质增效重回报”行动方案落实情况半年度报告；近期业绩公告：国泰海通:国泰海通证券股份有限公司关于召开2026年半年度业绩说明会的公告,2026-08-19 15:24:33,东方财富公告自动扫描,https://data.eastmoney.com/notices/detail/601211/AN202608181828114898.html
688126,沪硅产业,0,52.0,0,解禁风险：沪硅产业:沪硅产业关于首次公开发行前股票期权行权限售股上市流通的公告,2026-08-19 15:24:33,东方财富公告自动扫描,https://data.eastmoney.com/notices/detail/688126/AN202608141827988676.html
601857,中国石油,0,0.0,0,,2026-08-19 15:24:33,东方财富公告自动扫描,https://data.eastmoney.com/notices/detail/601857/AN202608171828052060.html
600707,彩虹股份,0,0.0,0,,2026-08-19 15:24:33,东方财富公告自动扫描,
300189,神农种业,0,0.0,0,,2026-08-19 15:24:33,东方财富公告自动扫描,https://data.eastmoney.com/notices/detail/300189/AN202608181828112347.html
600598,北大荒,0,0.0,0,,2026-08-19 15:24:33,东方财富公告自动扫描,
600219,南山铝业,0,0.0,0,,2026-08-19 15:24:33,东方财富公告自动扫描,
601939,建设银行,0,0.0,0,,2026-08-19 15:24:33,东方财富公告自动扫描,https://data.eastmoney.com/notices/detail/601939/AN202608181828111997.html
603650,彤程新材,0,0.0,0,,2026-08-19 15:24:33,东方财富公告自动扫描,https://data.eastmoney.com/notices/detail/603650/AN202608071827749994.html
688396,华润微,1,78.0,0,业绩窗口大跌，疑似明显不及预期：华润微:关于召开2026年半年度业绩说明会的公告,2026-08-19 15:24:33,东方财富公告自动扫描,https://data.eastmoney.com/notices/detail/688396/AN202608141827984083.html
600660,福耀玻璃,0,32.0,0,近期业绩公告：福耀玻璃:福耀玻璃2026年半年度报告；风险公告：福耀玻璃:福耀玻璃资产减值准备管理制度(2026年第一次修订)；近期业绩公告：福耀玻璃:福耀玻璃关于召开2026年半年度业绩说明会的公告；近期业绩公告：福耀玻璃:福耀玻璃2026年半年度报告摘要,2026-08-19 15:24:33,东方财富公告自动扫描,https://data.eastmoney.com/notices/detail/600660/AN202608181828109731.html
301232,飞沃科技,0,0.0,0,,2026-08-19 15:24:33,东方财富公告自动扫描,https://data.eastmoney.com/notices/detail/301232/AN202608131827940945.html
603501,豪威集团,0,0.0,0,,2026-08-19 15:24:33,东方财富公告自动扫描,https://data.eastmoney.com/notices/detail/603501/AN202608121827906646.html
002129,TCL中环,0,0.0,0,,2026-08-19 15:24:33,东方财富公告自动扫描,
300164,通源石油,0,0.0,0,,2026-08-19 15:24:33,东方财富公告自动扫描,
603538,美诺华,0,8.0,0,近期业绩公告：美诺华:宁波美诺华药业股份有限公司2026年半年度报告；近期业绩公告：美诺华:宁波美诺华药业股份有限公司2026年半年度报告摘要,2026-08-19 15:24:33,东方财富公告自动扫描,https://data.eastmoney.com/notices/detail/603538/AN202608181828108456.html
605111,新洁能,0,0.0,0,,2026-08-19 15:24:33,东方财富公告自动扫描,https://data.eastmoney.com/notices/detail/605111/AN202608111827863850.html
301200,大族数控,0,0.0,0,,2026-08-19 15:24:33,东方财富公告自动扫描,https://data.eastmoney.com/notices/detail/301200/AN202608141827988909.html
300843,胜蓝股份,0,0.0,0,,2026-08-19 15:24:33,东方财富公告自动扫描,https://data.eastmoney.com/notices/detail/300843/AN202608111827856203.html
002230,科大讯飞,0,0.0,0,,2026-08-19 15:24:33,东方财富公告自动扫描,
300339,润和软件,0,0.0,0,,2026-08-19 15:24:33,东方财富公告自动扫描,
688783,西安奕材,0,0.0,0,,2026-08-19 15:24:33,东方财富公告自动扫描,https://data.eastmoney.com/notices/detail/688783/AN202608071827754682.html
601698,中国卫通,0,0.0,0,,2026-08-19 15:24:33,东方财富公告自动扫描,https://data.eastmoney.com/notices/detail/601698/AN202608121827910135.html
600673,东阳光,1,78.0,0,业绩窗口大跌，疑似明显不及预期：东阳光:东阳光2026年半年度报告；业绩窗口大跌，疑似明显不及预期：东阳光:东阳光2026年半年度报告摘要,2026-08-19 15:24:33,东方财富公告自动扫描,https://data.eastmoney.com/notices/detail/600673/AN202608181828113998.html
002245,蔚蓝锂芯,1,100.0,0,业绩窗口显著下跌，存在预期差：蔚蓝锂芯:2026年半年度报告；业绩窗口显著下跌，存在预期差：蔚蓝锂芯:2026年半年度报告摘要；重大公告：蔚蓝锂芯:江苏蔚蓝锂芯集团股份有限公司2026年半年度非经营性资金占用及其他关联资金往来情况表,2026-08-19 15:24:33,东方财富公告自动扫描,https://data.eastmoney.com/notices/detail/002245/AN202608171828059706.html
300534,陇神戎发,0,0.0,0,,2026-08-19 15:24:33,东方财富公告自动扫描,
688503,聚和材料,0,32.0,0,近期业绩公告：聚和材料:关于召开2026年半年度业绩说明会的公告；风险公告：聚和材料:关于股票交易异常波动暨风险提示公告；风险公告：聚和材料:关于股票交易风险提示公告,2026-08-20 11:43:06,东方财富公告自动扫描,https://data.eastmoney.com/notices/detail/688503/AN202608191828153569.html
688037,芯源微,0,0.0,0,,2026-08-20 14:39:38,东方财富公告自动扫描,https://data.eastmoney.com/notices/detail/688037/AN202608181828114177.html
603881,数据港,0,0.0,0,,2026-08-20 15:27:05,东方财富公告自动扫描,
688235,百济神州,0,0.0,0,,2026-08-20 15:27:05,东方财富公告自动扫描,https://data.eastmoney.com/notices/detail/688235/AN202608141827988914.html
688141,杰华特,0,0.0,0,,2026-08-20 15:27:05,东方财富公告自动扫描,
301080,百普赛斯,0,0.0,0,,2026-08-21 10:36:37,东方财富公告自动扫描,https://data.eastmoney.com/notices/detail/301080/AN202608101827810460.html
603290,斯达半导,0,8.0,0,近期业绩公告：斯达半导:关于召开2026年半年度业绩说明会的公告,2026-08-21 10:36:37,东方财富公告自动扫描,https://data.eastmoney.com/notices/detail/603290/AN202608181828105100.html
003031,中瓷电子,0,0.0,0,,2026-08-21 10:36:37,东方财富公告自动扫描,
002747,埃斯顿,0,52.0,0,解禁风险：埃斯顿:关于回购注销部分已获授但尚未解除限售的限制性股票及注销部分尚未行权的股票期权的公告；解禁风险：埃斯顿:关于2025年股票期权与限制性股票激励计划限制性股票第一个解除限售期解除限售条件成就的公告；解禁风险：埃斯顿:关于公司2025年股票期权与限制性股票激励计划股票期权第一个行权期行权条件成就、限制性股票第一个解除限售期解除限售条件成就、回购注销部分已获授但尚未解除限售的限制性股票及注销部分尚未行权的股票期权事项的法律意见书,2026-08-21 11:47:58,东方财富公告自动扫描,https://data.eastmoney.com/notices/detail/002747/AN202608111827863304.html
300373,扬杰科技,0,0.0,0,,2026-08-21 11:47:58,东方财富公告自动扫描,
600363,联创光电,0,0.0,0,,2026-08-21 15:28:48,东方财富公告自动扫描,https://data.eastmoney.com/notices/detail/600363/AN202608191828159055.html
002138,顺络电子,0,0.0,0,,2026-08-21 15:28:48,东方财富公告自动扫描,https://data.eastmoney.com/notices/detail/002138/AN202608191828158764.html
300738,奥飞数据,0,0.0,0,,2026-08-21 15:28:48,东方财富公告自动扫描,https://data.eastmoney.com/notices/detail/300738/AN202608201828208260.html
600118,中国卫星,0,8.0,0,近期业绩公告：中国卫星:中国卫星2026年半年度报告摘要；近期业绩公告：中国卫星:中国卫星2026年半年度报告,2026-08-21 15:28:48,东方财富公告自动扫描,https://data.eastmoney.com/notices/detail/600118/AN202608191828156763.html
600961,株冶集团,0,8.0,0,近期业绩公告：株冶集团:株冶集团2026年半年度报告摘要；近期业绩公告：株冶集团:株冶集团2026年半年度报告,2026-08-24 10:37:10,东方财富公告自动扫描,https://data.eastmoney.com/notices/detail/600961/AN202608181828116164.html
002654,万润科技,0,0.0,0,,2026-08-24 10:37:10,东方财富公告自动扫描,
601069,西部黄金,0,0.0,0,,2026-08-24 11:51:58,东方财富公告自动扫描,
002240,盛新锂能,0,58.0,0,减持风险：盛新锂能:关于董事、高级管理人员减持计划期满暨实施结果的公告,2026-08-24 11:51:58,东方财富公告自动扫描,https://data.eastmoney.com/notices/detail/002240/AN202608181828113024.html
002738,中矿资源,0,0.0,0,,2026-08-24 11:51:58,东方财富公告自动扫描,https://data.eastmoney.com/notices/detail/002738/AN202608171828057801.html
001267,汇绿生态,1,100.0,0,近期业绩公告：汇绿生态:2026年半年度报告摘要；重大公告：汇绿生态:2026年半年度非经营性资金占用及其他关联资金往来情况汇总表；近期业绩公告：汇绿生态:2026年半年度报告,2026-08-24 11:51:58,东方财富公告自动扫描,https://data.eastmoney.com/notices/detail/001267/AN202608141827992064.html
301183,东田微,1,100.0,0,近期业绩公告：东田微:2026年半年度报告摘要；近期业绩公告：东田微:2026年半年度报告；重大公告：东田微:2026年半年度非经营性资金占用及其他关联资金往来情况汇总表,2026-08-24 11:51:58,东方财富公告自动扫描,https://data.eastmoney.com/notices/detail/301183/AN202608211828261510.html
600089,特变电工,1,78.0,0,业绩窗口大跌，疑似明显不及预期：特变电工:特变电工股份有限公司2026年半年度报告；业绩窗口大跌，疑似明显不及预期：特变电工:特变电工股份有限公司2026年半年度报告摘要；业绩窗口大跌，疑似明显不及预期：特变电工:特变电工股份有限公司关于召开2026年半年度业绩说明会的公告,2026-08-24 11:51:58,东方财富公告自动扫描,https://data.eastmoney.com/notices/detail/600089/AN202608211828277541.html
603626,科森科技,0,0.0,0,,2026-08-24 11:51:58,东方财富公告自动扫描,https://data.eastmoney.com/notices/detail/603626/AN202608211828272347.html
601919,中远海控,0,0.0,0,,2026-08-24 14:51:15,东方财富公告自动扫描,https://data.eastmoney.com/notices/detail/601919/AN202608141827988567.html
600028,中国石化,0,8.0,0,近期业绩公告：中国石化:2026年半年度报告摘要；近期业绩公告：中国石化:中国石化2026年半年度报告；近期业绩公告：中国石化:关于召开2026年半年度业绩说明会的公告,2026-08-24 14:51:15,东方财富公告自动扫描,https://data.eastmoney.com/notices/detail/600028/AN202608231828341141.html
605358,立昂微,0,8.0,0,近期业绩公告：立昂微:投资者关系活动记录表(2026年半年度业绩说明会),2026-08-24 14:51:15,东方财富公告自动扫描,https://data.eastmoney.com/notices/detail/605358/AN202608191828154884.html
002552,宝鼎科技,1,100.0,0,近期业绩公告：宝鼎科技:2026年半年度报告摘要；近期业绩公告：宝鼎科技:2026年半年度报告；重大公告：宝鼎科技:2026年半年度非经营性资金占用及其他关联资金往来情况汇总表,2026-08-24 14:51:15,东方财富公告自动扫描,https://data.eastmoney.com/notices/detail/002552/AN202608220006745989.html
002017,东信和平,1,100.0,0,重大公告：东信和平:2026年半年度非经营性资金占用及其他关联资金往来情况汇总表；近期业绩公告：东信和平:2026年半年度报告摘要；近期业绩公告：东信和平:2026年半年度报告,2026-08-25 10:31:02,东方财富公告自动扫描,https://data.eastmoney.com/notices/detail/002017/AN202608241828371652.html
002975,博杰股份,0,0.0,0,,2026-08-25 11:45:49,东方财富公告自动扫描,https://data.eastmoney.com/notices/detail/002975/AN202608231828342491.html
603268,松发股份,0,8.0,0,近期业绩公告：松发股份:2026年半年度报告摘要；近期业绩公告：松发股份:2026年半年度报告,2026-08-25 11:45:49,东方财富公告自动扫描,https://data.eastmoney.com/notices/detail/603268/AN202608241828367188.html
002176,江特电机,0,0.0,0,,2026-08-25 11:45:49,东方财富公告自动扫描,https://data.eastmoney.com/notices/detail/002176/AN202608241828364295.html
001337,四川黄金,1,100.0,0,近期业绩公告：四川黄金:2026年半年度报告；近期业绩公告：四川黄金:2026年半年度报告摘要；重大公告：四川黄金:2026年1-6月非经营性资金占用及其他关联资金往来情况汇总表,2026-08-25 11:45:49,东方财富公告自动扫描,https://data.eastmoney.com/notices/detail/001337/AN202608201828205695.html
603127,昭衍新药,0,0.0,0,,2026-08-25 11:45:49,东方财富公告自动扫描,https://data.eastmoney.com/notices/detail/603127/AN202608201828206217.html
000620,盈新发展,1,100.0,0,风险公告：盈新发展:关于涉及诉讼进展的公告；近期业绩公告：盈新发展:2026年半年度报告摘要；近期业绩公告：盈新发展:2026年半年度报告；重大公告：盈新发展:2026年半年度非经营性资金占用及其他关联资金往来情况汇总表,2026-08-25 14:40:38,东方财富公告自动扫描,https://data.eastmoney.com/notices/detail/000620/AN202608241828365581.html
300124,汇川技术,0,8.0,0,近期业绩公告：汇川技术:2026年半年度业绩快报；近期业绩公告：汇川技术:关于召开2026年半年度业绩说明会的公告,2026-08-25 15:30:13,东方财富公告自动扫描,https://data.eastmoney.com/notices/detail/300124/AN202608241828371384.html
000617,中油资本,0,0.0,0,,2026-08-25 15:30:13,东方财富公告自动扫描,
688169,石头科技,0,32.0,0,近期业绩公告：石头科技:北京石头世纪科技股份有限公司2026年半年度报告；风险公告：石头科技:北京石头世纪科技股份有限公司关于2026年半年度计提资产减值准备的公告；近期业绩公告：石头科技:北京石头世纪科技股份有限公司2026年半年度报告摘要,2026-08-26 10:39:05,东方财富公告自动扫描,https://data.eastmoney.com/notices/detail/688169/AN202608241828364476.html
002445,中南文化,1,100.0,0,风险公告：中南文化:关于披露发行股份及支付现金购买资产并募集配套资金暨关联交易预案的一般风险提示暨公司股票复牌的公告；近期业绩公告：中南文化:2026年半年度报告摘要；重大公告：中南文化:上市公司2026年半年度非经营性资金占用及其他关联资金往来情况汇总表；近期业绩公告：中南文化:2026年半年度报告,2026-08-26 10:39:05,东方财富公告自动扫描,https://data.eastmoney.com/notices/detail/002445/AN202608251828410240.html
603799,华友钴业,0,8.0,0,近期业绩公告：华友钴业:华友钴业2026年半年度报告；近期业绩公告：华友钴业:华友钴业2026年半年度报告摘要,2026-08-26 15:32:51,东方财富公告自动扫描,https://data.eastmoney.com/notices/detail/603799/AN202608241828359926.html
300765,石药创新,1,100.0,0,近期业绩公告：石药创新:2026年半年度报告；近期业绩公告：石药创新:2026年半年度报告摘要；重大公告：石药创新:2026年半年度非经营性资金占用及其他关联资金往来情况汇总表,2026-08-26 15:32:51,东方财富公告自动扫描,https://data.eastmoney.com/notices/detail/300765/AN202608191828152717.html
600367,红星发展,0,8.0,0,近期业绩公告：红星发展:红星发展2026年半年度报告摘要；近期业绩公告：红星发展:红星发展关于召开2026年半年度业绩暨现金分红说明会的公告；近期业绩公告：红星发展:红星发展2026年半年度报告,2026-08-26 15:32:51,东方财富公告自动扫描,https://data.eastmoney.com/notices/detail/600367/AN202608251828413739.html
600999,招商证券,0,8.0,0,近期业绩公告：招商证券:关于2026年半年度业绩说明会的提示性公告；近期业绩公告：招商证券:招商证券股份有限公司2026年半年度报告；近期业绩公告：招商证券:2026年半年度报告摘要；近期业绩公告：招商证券:关于召开2026年半年度业绩说明会的公告,2026-08-26 15:32:51,东方财富公告自动扫描,https://data.eastmoney.com/notices/detail/600999/AN202608251828426975.html
000831,中国稀土,0,58.0,0,减持风险：中国稀土:关于持股5%以上股东股份减持计划的预披露公告,2026-08-27 21:43:27,东方财富公告自动扫描,https://data.eastmoney.com/notices/detail/000831/AN202608201828211400.html
688630,芯碁微装,0,8.0,0,近期业绩公告：芯碁微装:关于召开2026年半年度业绩说明会的公告；近期业绩公告：芯碁微装:2026年半年度报告；近期业绩公告：芯碁微装:2026年半年度报告摘要,2026-08-28 01:17:37,东方财富公告自动扫描,https://data.eastmoney.com/notices/detail/688630/AN202608261828499885.html
300142,沃森生物,0,0.0,0,,2026-08-28 01:17:37,东方财富公告自动扫描,https://data.eastmoney.com/notices/detail/300142/AN202608271828555924.html
000651,格力电器,1,100.0,0,重大公告：格力电器:2026年半年度非经营性资金占用及其他关联资金往来情况；近期业绩公告：格力电器:2026年半年度报告；近期业绩公告：格力电器:2026年半年度报告摘要,2026-08-28 01:17:37,东方财富公告自动扫描,https://data.eastmoney.com/notices/detail/000651/AN202608261828497160.html
600111,北方稀土,0,8.0,0,近期业绩公告：北方稀土:北方稀土2026年半年度报告摘要；近期业绩公告：北方稀土:北方稀土关于召开2026年半年度业绩说明会的公告；近期业绩公告：北方稀土:北方稀土2026年半年度报告全文,2026-08-28 01:17:37,东方财富公告自动扫描,https://data.eastmoney.com/notices/detail/600111/AN202608191828159806.html
688519,南亚新材,0,0.0,0,,2026-08-28 01:17:37,东方财富公告自动扫描,
001258,立新能源,0,0.0,0,,2026-08-28 01:17:37,东方财富公告自动扫描,
603823,百合花,0,8.0,0,近期业绩公告：百合花:百合花集团股份有限公司2026年半年度报告；近期业绩公告：百合花:百合花集团股份有限公司2026年半年度报告摘要,2026-08-28 01:17:37,东方财富公告自动扫描,https://data.eastmoney.com/notices/detail/603823/AN202608251828407266.html
600641,先导基电,0,0.0,0,,2026-08-29 02:10:04,东方财富公告自动扫描,
002460,赣锋锂业,1,100.0,0,重大公告：赣锋锂业:2026年半年度非经营性资金占用及其他关联资金往来情况汇总表；近期业绩公告：赣锋锂业:2026年半年度报告；近期业绩公告：赣锋锂业:2026年半年度报告摘要,2026-08-29 02:10:04,东方财富公告自动扫描,https://data.eastmoney.com/notices/detail/002460/AN202608281828640242.html
688111,金山办公,0,8.0,0,近期业绩公告：金山办公:金山办公2026年半年度报告；近期业绩公告：金山办公:金山办公关于召开2026年半年度业绩说明会的公告；近期业绩公告：金山办公:金山办公2026年半年度报告摘要,2026-08-29 02:10:04,东方财富公告自动扫描,https://data.eastmoney.com/notices/detail/688111/AN202608191828158614.html
301666,大普微,1,100.0,0,重大公告：大普微:2026年半年度非经营性资金占用及其他关联资金往来情况汇总表；近期业绩公告：大普微:2026年半年度报告摘要；近期业绩公告：大普微:2026年半年度报告,2026-08-29 02:10:04,东方财富公告自动扫描,https://data.eastmoney.com/notices/detail/301666/AN202608261828496850.html
688432,有研硅,0,8.0,0,近期业绩公告：有研硅:有研硅关于召开2026年半年度业绩说明会的公告,2026-08-29 02:10:04,东方财富公告自动扫描,https://data.eastmoney.com/notices/detail/688432/AN202608281828647970.html
600397,江钨装备,0,0.0,0,,2026-08-29 02:10:04,东方财富公告自动扫描,
688629,华丰科技,0,8.0,0,近期业绩公告：华丰科技:2026年半年度报告；近期业绩公告：华丰科技:2026年半年度报告摘要,2026-08-31 20:37:03,东方财富公告自动扫描,https://data.eastmoney.com/notices/detail/688629/AN202608281828638490.html
603269,海鸥股份,0,32.0,0,近期业绩公告：海鸥股份:江苏海鸥冷却塔股份有限公司关于召开2026年半年度业绩说明会的公告；风险公告：海鸥股份:江苏海鸥冷却塔股份有限公司关于计提资产减值准备的公告；近期业绩公告：海鸥股份:江苏海鸥冷却塔股份有限公司2026年半年度报告摘要；近期业绩公告：海鸥股份:江苏海鸥冷却塔股份有限公司2026年半年度报告,2026-09-01 14:14:12,东方财富公告自动扫描,https://data.eastmoney.com/notices/detail/603269/AN202608311828817488.html
688596,正帆科技,0,32.0,0,近期业绩公告：正帆科技:关于召开2026年半年度业绩说明会的公告；近期业绩公告：正帆科技:2026年半年度报告摘要；近期业绩公告：正帆科技:2026年半年度报告；风险公告：正帆科技:关于2026年半年度计提资产减值准备的公告,2026-09-01 14:14:12,东方财富公告自动扫描,https://data.eastmoney.com/notices/detail/688596/AN202608311828829062.html
300760,迈瑞医疗,1,100.0,0,重大公告：迈瑞医疗:2026年半年度非经营性资金占用及其他关联资金往来情况汇总表；近期业绩公告：迈瑞医疗:2026年半年度报告；近期业绩公告：迈瑞医疗:2026年半年度报告摘要；近期业绩公告：迈瑞医疗:一图读懂迈瑞医疗2026年半年度报告,2026-09-01 19:02:43,东方财富公告自动扫描,https://data.eastmoney.com/notices/detail/300760/AN202608311828825172.html
002466,天齐锂业,1,100.0,0,重大公告：天齐锂业:2026年半年度非经营性资金占用及其他关联资金往来情况汇总表；近期业绩公告：天齐锂业:2026年半年度报告；近期业绩公告：天齐锂业:2026年半年度报告摘要；近期业绩公告：天齐锂业:关于举行2026年半年度业绩说明会的公告,2026-09-01 19:02:43,东方财富公告自动扫描,https://data.eastmoney.com/notices/detail/002466/AN202608311828757428.html
300458,全志科技,1,100.0,0,重大公告：全志科技:2026年半年度非经营性资金占用及其他关联资金往来情况汇总表；近期业绩公告：全志科技:2026年半年度报告披露提示性公告；近期业绩公告：全志科技:2026年半年度报告摘要；近期业绩公告：全志科技:2026年半年度报告,2026-09-01 19:02:43,东方财富公告自动扫描,https://data.eastmoney.com/notices/detail/300458/AN202608251828425362.html
000425,徐工机械,1,100.0,0,重大公告：徐工机械:2026年半年度非经营性资金占用及其他关联资金往来情况汇总表；近期业绩公告：徐工机械:关于举行2026年半年度业绩说明会的公告；近期业绩公告：徐工机械:2026年半年度报告；近期业绩公告：徐工机械:2026年半年度报告摘要,2026-09-01 19:02:43,东方财富公告自动扫描,https://data.eastmoney.com/notices/detail/000425/AN202608311828821683.html
601988,中国银行,0,8.0,0,近期业绩公告：中国银行:中国银行股份有限公司2026年半年度报告摘要；近期业绩公告：中国银行:中国银行股份有限公司2026年半年度报告,2026-09-01 19:02:43,东方财富公告自动扫描,https://data.eastmoney.com/notices/detail/601988/AN202609011828885855.html
600031,三一重工,0,8.0,0,近期业绩公告：三一重工:三一重工股份有限公司2026年半年度报告摘要；近期业绩公告：三一重工:三一重工股份有限公司关于召开2026年半年度业绩说明会的公告；近期业绩公告：三一重工:三一重工股份有限公司2026年半年度报告,2026-09-01 19:02:43,东方财富公告自动扫描,https://data.eastmoney.com/notices/detail/600031/AN202609011828877454.html
601658,邮储银行,0,8.0,0,近期业绩公告：邮储银行:中国邮政储蓄银行股份有限公司2026年半年度报告；近期业绩公告：邮储银行:中国邮政储蓄银行股份有限公司2026年半年度报告摘要；近期业绩公告：邮储银行:中国邮政储蓄银行股份有限公司关于召开2026年半年度业绩发布会的公告,2026-09-01 19:02:43,东方财富公告自动扫描,https://data.eastmoney.com/notices/detail/601658/AN202608281828623681.html
000001,平安银行,0,0.0,0,,2026-09-01 19:02:43,东方财富公告自动扫描,https://data.eastmoney.com/notices/detail/000001/AN202608241828370526.html
000703,恒逸石化,0,0.0,0,,2026-09-01 19:02:43,东方财富公告自动扫描,https://data.eastmoney.com/notices/detail/000703/AN202609011828883733.html
600096,云天化,0,8.0,0,近期业绩公告：云天化:云天化关于2026年半年度业绩说明会召开情况的公告,2026-09-01 19:02:43,东方财富公告自动扫描,https://data.eastmoney.com/notices/detail/600096/AN202608251828411011.html
600246,万通发展,0,8.0,0,近期业绩公告：万通发展:2026年半年度报告；近期业绩公告：万通发展:2026年半年度报告摘要,2026-09-02 13:48:29,东方财富公告自动扫描,https://data.eastmoney.com/notices/detail/600246/AN202608311828829513.html
600110,诺德股份,0,0.0,0,,2026-09-02 13:48:29,东方财富公告自动扫描,https://data.eastmoney.com/notices/detail/600110/AN202609011828880824.html
002437,誉衡药业,1,100.0,0,解禁风险：誉衡药业:关于回购并注销离职人员已获授但尚未解除限售的限制性股票的公告；解禁风险：誉衡药业:董事会薪酬与考核委员会关于回购并注销离职人员已获授但尚未解除限售的限制性股票相关事项的核查意见；近期业绩公告：誉衡药业:2026年半年度报告；近期业绩公告：誉衡药业:2026年半年度报告摘要；重大公告：誉衡药业:2026年半年度非经营性资金占用及其他关联资金往来情况汇总表,2026-09-02 13:48:29,东方财富公告自动扫描,https://data.eastmoney.com/notices/detail/002437/AN202608281828621858.html
300456,赛微电子,1,100.0,0,近期业绩公告：赛微电子:2026年半年度报告披露提示性公告；重大公告：赛微电子:2026年半年度非经营性资金占用及其他关联资金往来情况汇总表；近期业绩公告：赛微电子:2026年半年度报告；近期业绩公告：赛微电子:2026年半年度报告摘要,2026-09-02 18:34:05,东方财富公告自动扫描,https://data.eastmoney.com/notices/detail/300456/AN202609011828888980.html
002821,凯莱英,1,100.0,0,重大公告：凯莱英:2026年半年度非经营性资金占用及其他关联资金往来情况的专项说明；近期业绩公告：凯莱英:2026年半年度报告摘要；近期业绩公告：凯莱英:2026年半年度报告；解禁风险：凯莱英:2025年A股限制性股票激励计划首次授予部分第一个解除限售期解除限售条件成就的公告,2026-09-02 18:34:05,东方财富公告自动扫描,https://data.eastmoney.com/notices/detail/002821/AN202609011828889295.html
300139,晓程科技,0,58.0,0,减持风险：晓程科技:关于董事、高级管理人员减持股份预披露公告；减持风险：晓程科技:关于董事、高级管理人员减持计划期限届满未减持的公告,2026-09-03 13:46:17,东方财富公告自动扫描,https://data.eastmoney.com/notices/detail/300139/AN202608311828830563.html
600353,旭光电子,0,32.0,0,近期业绩公告：旭光电子:旭光电子2026年半年度报告摘要；风险公告：旭光电子:旭光电子关于计提资产减值准备的公告；近期业绩公告：旭光电子:旭光电子2026年半年度报告,2026-09-03 13:46:17,东方财富公告自动扫描,https://data.eastmoney.com/notices/detail/600353/AN202608261828484253.html
601628,中国人寿,0,8.0,0,近期业绩公告：中国人寿:中国人寿2026年半年度报告；近期业绩公告：中国人寿:中国人寿2026年半年度报告摘要；近期业绩公告：中国人寿:中国人寿偿付能力季度报告摘要(2026年第二季度),2026-09-03 13:46:17,东方财富公告自动扫描,https://data.eastmoney.com/notices/detail/601628/AN202609021828927740.html
000603,盛达资源,0,0.0,0,,2026-09-03 13:46:17,东方财富公告自动扫描,https://data.eastmoney.com/notices/detail/000603/AN202609021828929896.html
003040,楚天龙,1,100.0,0,重大公告：楚天龙:2026年半年度非经营性资金占用及其他关联资金往来情况汇总表；近期业绩公告：楚天龙:2026年半年度报告摘要；近期业绩公告：楚天龙:2026年半年度报告,2026-09-03 13:46:17,东方财富公告自动扫描,https://data.eastmoney.com/notices/detail/003040/AN202609021828930827.html
601169,北京银行,0,8.0,0,近期业绩公告：北京银行:北京银行股份有限公司2026年半年度报告；近期业绩公告：北京银行:北京银行股份有限公司2026年半年度报告摘要；近期业绩公告：北京银行:北京银行股份有限公司关于召开2026年半年度业绩说明会的公告,2026-09-03 13:46:17,东方财富公告自动扫描,https://data.eastmoney.com/notices/detail/601169/AN202608281828651133.html
000776,广发证券,1,100.0,0,近期业绩公告：广发证券:2026年半年度报告；近期业绩公告：广发证券:2026年半年度报告摘要；重大公告：广发证券:2026年半年度非经营性资金占用及其他关联资金往来情况汇总表,2026-09-03 18:38:06,东方财富公告自动扫描,https://data.eastmoney.com/notices/detail/000776/AN202609021828928579.html
600127,金健米业,0,8.0,0,近期业绩公告：金健米业:金健米业关于参加2026年湖南辖区上市公司投资者网上集体接待日暨半年度业绩说明会活动的公告；近期业绩公告：金健米业:金健米业2026年半年度报告全文；近期业绩公告：金健米业:金健米业2026年半年度报告摘要,2026-09-03 18:38:06,东方财富公告自动扫描,https://data.eastmoney.com/notices/detail/600127/AN202609011828884354.html
601336,新华保险,0,8.0,0,近期业绩公告：新华保险:新华保险2026年半年度报告；近期业绩公告：新华保险:新华保险2026年半年度报告摘要,2026-09-03 18:38:06,东方财富公告自动扫描,https://data.eastmoney.com/notices/detail/601336/AN202609021828926763.html
600396,华电辽能,0,8.0,0,近期业绩公告：华电辽能:关于召开2026年半年度业绩说明会的公告；近期业绩公告：华电辽能:2026年半年度报告；近期业绩公告：华电辽能:2026年半年度报告摘要,2026-09-04 13:52:26,东方财富公告自动扫描,https://data.eastmoney.com/notices/detail/600396/AN202608311828816537.html
000712,锦龙股份,0,0.0,0,,2026-09-04 13:52:26,东方财富公告自动扫描,https://data.eastmoney.com/notices/detail/000712/AN202609031828960096.html
300014,亿纬锂能,0,0.0,0,,2026-09-04 18:32:03,东方财富公告自动扫描,https://data.eastmoney.com/notices/detail/300014/AN202608311828817487.html
301358,湖南裕能,0,58.0,0,近期业绩公告：湖南裕能:关于参加2026年湖南辖区上市公司投资者网上集体接待日暨半年度业绩说明会活动的公告；减持风险：湖南裕能:关于股东减持股份的预披露公告,2026-09-04 18:32:03,东方财富公告自动扫描,https://data.eastmoney.com/notices/detail/301358/AN202609041829017576.html
301165,锐捷网络,0,0.0,0,,2026-09-04 18:32:03,东方财富公告自动扫描,https://data.eastmoney.com/notices/detail/301165/AN202609011828875758.html
002049,紫光国微,0,0.0,0,,2026-09-04 18:32:03,东方财富公告自动扫描,https://data.eastmoney.com/notices/detail/002049/AN202609031828973224.html
000975,山金国际,0,0.0,0,,2026-09-04 18:32:03,东方财富公告自动扫描,https://data.eastmoney.com/notices/detail/000975/AN202609021828931672.html
688498,源杰科技,0,32.0,0,近期业绩公告：源杰科技:陕西源杰半导体科技股份有限公司2026年半年度报告摘要；风险公告：源杰科技:陕西源杰半导体科技股份有限公司关于2026年半年度计提资产减值准备的公告；近期业绩公告：源杰科技:陕西源杰半导体科技股份有限公司2026年半年度报告,2026-09-04 18:32:03,东方财富公告自动扫描,https://data.eastmoney.com/notices/detail/688498/AN202609031828964311.html
300454,深信服,0,0.0,0,,2026-09-04 18:32:03,东方财富公告自动扫描,
600703,三安光电,0,48.0,0,风险公告：三安光电:三安光电股份有限公司股票交易风险提示公告；业绩窗口显著下跌，存在预期差：三安光电:三安光电股份有限公司关于召开2026年半年度业绩说明会的公告；业绩窗口显著下跌，存在预期差：三安光电:三安光电股份有限公司2026年半年度报告；业绩窗口显著下跌，存在预期差：三安光电:三安光电股份有限公司2026年半年度报告摘要；风险公告：三安光电:三安光电股份有限公司关于计提资产减值准备的公告,2026-09-04 18:32:03,东方财富公告自动扫描,https://data.eastmoney.com/notices/detail/600703/AN202609041829017155.html
601888,中国中免,0,0.0,0,,2026-09-04 18:32:03,东方财富公告自动扫描,https://data.eastmoney.com/notices/detail/601888/AN202609041829020126.html
600887,伊利股份,0,32.0,0,近期业绩公告：伊利股份:内蒙古伊利实业集团股份有限公司2026年半年度报告摘要；近期业绩公告：伊利股份:内蒙古伊利实业集团股份有限公司2026年半年度报告；风险公告：伊利股份:内蒙古伊利实业集团股份有限公司关于计提资产减值准备的公告,2026-09-04 18:32:03,东方财富公告自动扫描,https://data.eastmoney.com/notices/detail/600887/AN202609041829014381.html
600988,赤峰黄金,0,8.0,0,近期业绩公告：赤峰黄金:赤峰黄金2026年半年度报告；近期业绩公告：赤峰黄金:赤峰黄金关于召开2026年半年度业绩说明会的公告；近期业绩公告：赤峰黄金:赤峰黄金2026年半年度报告摘要,2026-09-04 18:32:03,东方财富公告自动扫描,https://data.eastmoney.com/notices/detail/600988/AN202609041829014036.html
300085,银之杰,1,100.0,0,近期业绩公告：银之杰:2026年半年度报告披露提示性公告；重大公告：银之杰:2026年半年度非经营性资金占用及其他关联资金往来情况汇总表；近期业绩公告：银之杰:2026年半年度报告摘要；近期业绩公告：银之杰:2026年半年度报告,2026-09-04 18:32:03,东方财富公告自动扫描,https://data.eastmoney.com/notices/detail/300085/AN202608281828630947.html
002028,思源电气,0,58.0,0,减持风险：思源电气:关于高级管理人员减持计划期限届满暨实施情况的公告,2026-09-04 18:32:03,东方财富公告自动扫描,https://data.eastmoney.com/notices/detail/002028/AN202609041829019576.html
688403,汇成股份,0,0.0,0,,2026-09-04 18:32:03,东方财富公告自动扫描,https://data.eastmoney.com/notices/detail/688403/AN202608311828811317.html
600026,中远海能,0,8.0,0,近期业绩公告：中远海能:中远海能2026年半年度报告摘要；近期业绩公告：中远海能:中远海能2026年半年度报告,2026-09-04 18:32:03,东方财富公告自动扫描,https://data.eastmoney.com/notices/detail/600026/AN202609011828882731.html
002580,圣阳股份,1,100.0,0,近期业绩公告：圣阳股份:2026年半年度报告；近期业绩公告：圣阳股份:2026年半年度报告摘要；重大公告：圣阳股份:2026年半年度非经营性资金占用及其他关联资金往来情况汇总表,2026-09-04 18:32:03,东方财富公告自动扫描,https://data.eastmoney.com/notices/detail/002580/AN202608261828485298.html
601601,中国太保,0,8.0,0,近期业绩公告：中国太保:太平洋健康保险股份有限公司偿付能力季度报告摘要节录；近期业绩公告：中国太保:中国太保2026年半年度报告摘要；近期业绩公告：中国太保:中国太保2026年半年度报告；近期业绩公告：中国太保:中国太平洋人寿保险股份有限公司偿付能力季度报告摘要节录；近期业绩公告：中国太保:中国太平洋财产保险股份有限公司偿付能力季度报告摘要节录；近期业绩公告：中国太保:太平洋安信农业保险股份有限公司偿付能力季度报告摘要节录,2026-09-04 18:32:03,东方财富公告自动扫描,https://data.eastmoney.com/notices/detail/601601/AN202609011828882765.html
605376,博迁新材,0,8.0,0,近期业绩公告：博迁新材:江苏博迁新材料股份有限公司关于召开2026年半年度业绩说明会的公告；近期业绩公告：博迁新材:江苏博迁新材料股份有限公司2026年半年度报告；近期业绩公告：博迁新材:江苏博迁新材料股份有限公司2026年半年度报告摘要,2026-09-07 14:05:21,东方财富公告自动扫描,https://data.eastmoney.com/notices/detail/605376/AN202608281828623127.html
000506,招金黄金,0,58.0,0,减持风险：招金黄金:关于公司股东拟减持股份不超过1%的预披露公告,2026-09-07 19:30:28,东方财富公告自动扫描,https://data.eastmoney.com/notices/detail/000506/AN202609021828934216.html
300803,指南针,1,100.0,0,业绩窗口显著下跌，存在预期差：指南针:年度报告重大差错责任追究制度；重大公告：指南针:2026年半年度非经营性资金占用及其他关联资金往来情况汇总表；业绩窗口显著下跌，存在预期差：指南针:2026年半年度报告摘要；业绩窗口显著下跌，存在预期差：指南针:2026年半年度报告,2026-09-07 19:30:28,东方财富公告自动扫描,https://data.eastmoney.com/notices/detail/300803/AN202608261828492116.html
300033,同花顺,0,58.0,0,减持风险：同花顺:关于董事、持股5%以上股东减持计划实施完成的公告,2026-09-07 19:30:28,东方财富公告自动扫描,https://data.eastmoney.com/notices/detail/300033/AN202609071829103901.html
300054,鼎龙股份,0,0.0,0,,2026-09-07 19:30:28,东方财富公告自动扫描,https://data.eastmoney.com/notices/detail/300054/AN202609031828961229.html
002714,牧原股份,0,0.0,0,,2026-09-07 19:30:28,东方财富公告自动扫描,https://data.eastmoney.com/notices/detail/002714/AN202609071829100155.html
002192,融捷股份,0,0.0,0,,2026-09-07 19:30:28,东方财富公告自动扫描,https://data.eastmoney.com/notices/detail/002192/AN202609011828882382.html
002709,天赐材料,0,0.0,0,,2026-09-07 19:30:28,东方财富公告自动扫描,https://data.eastmoney.com/notices/detail/002709/AN202609071829101376.html
300390,天华新能,0,0.0,0,,2026-09-07 19:30:28,东方财富公告自动扫描,https://data.eastmoney.com/notices/detail/300390/AN202609021828931802.html
000792,盐湖股份,0,0.0,0,,2026-09-07 19:30:28,东方财富公告自动扫描,
688702,盛科通信,0,52.0,0,解禁风险：盛科通信:盛科通信关于首次公开发行部分战略配售限售股上市流通公告；解禁风险：盛科通信:中国国际金融股份有限公司关于苏州盛科通信股份有限公司首次公开发行部分战略配售限售股上市流通的核查意见；近期业绩公告：盛科通信:投资者关系活动记录表-2026002(2026年半年度业绩说明会)；近期业绩公告：盛科通信:盛科通信2026年半年度报告；近期业绩公告：盛科通信:盛科通信2026年半年度报告摘要,2026-09-07 19:30:28,东方财富公告自动扫描,https://data.eastmoney.com/notices/detail/688702/AN202609041829020273.html
603893,瑞芯微,0,58.0,0,减持风险：瑞芯微:股东减持股份结果公告；近期业绩公告：瑞芯微:关于召开2026年半年度业绩说明会的公告,2026-09-07 19:30:28,东方财富公告自动扫描,https://data.eastmoney.com/notices/detail/603893/AN202609031828961305.html
688120,华海清科,0,0.0,0,,2026-09-07 19:30:28,东方财富公告自动扫描,https://data.eastmoney.com/notices/detail/688120/AN202609071829100080.html
300413,芒果超媒,0,8.0,0,近期业绩公告：芒果超媒:关于参加2026年湖南辖区上市公司投资者网上集体接待日暨半年度业绩说明会活动的公告,2026-09-07 19:30:28,东方财富公告自动扫描,https://data.eastmoney.com/notices/detail/300413/AN202609021828934598.html
688017,绿的谐波,0,8.0,0,近期业绩公告：绿的谐波:2026年半年度报告摘要；近期业绩公告：绿的谐波:2026年半年度报告,2026-09-07 19:30:28,东方财富公告自动扫描,https://data.eastmoney.com/notices/detail/688017/AN202609041829020647.html
002354,天娱数科,0,0.0,0,,2026-09-07 19:30:28,东方财富公告自动扫描,
603067,振华股份,0,58.0,0,减持风险：振华股份:振华股份股东减持股份计划实施完毕暨结果公告；近期业绩公告：振华股份:2026年半年度业绩说明会(通讯)内容纪要-2026.8.28；近期业绩公告：振华股份:振华股份2026年半年度报告摘要；近期业绩公告：振华股份:振华股份2026年半年度报告,2026-09-07 19:30:28,东方财富公告自动扫描,https://data.eastmoney.com/notices/detail/603067/AN202609021828927509.html
300017,网宿科技,0,0.0,0,,2026-09-07 19:30:28,东方财富公告自动扫描,https://data.eastmoney.com/notices/detail/300017/AN202609011828887676.html
300364,中文在线,0,0.0,0,,2026-09-07 19:30:28,东方财富公告自动扫描,https://data.eastmoney.com/notices/detail/300364/AN202609011828886726.html
301171,易点天下,0,0.0,0,,2026-09-07 19:30:28,东方财富公告自动扫描,https://data.eastmoney.com/notices/detail/301171/AN202609071829100372.html
600460,士兰微,0,0.0,0,,2026-09-07 19:30:28,东方财富公告自动扫描,
600737,中粮糖业,0,32.0,0,近期业绩公告：中粮糖业:中粮糖业控股股份有限公司2026年半年度报告；近期业绩公告：中粮糖业:中粮糖业控股股份有限公司2026年半年度报告摘要；近期业绩公告：中粮糖业:中粮糖业控股股份有限公司关于召开2026年半年度业绩说明会的公告；风险公告：中粮糖业:中粮糖业控股股份有限公司关于2026年中期计提资产减值准备的公告,2026-09-07 19:30:28,东方财富公告自动扫描,https://data.eastmoney.com/notices/detail/600737/AN202608271828552185.html
688836,宇树科技,0,0.0,0,,2026-09-07 19:30:28,东方财富公告自动扫描,https://data.eastmoney.com/notices/detail/688836/AN202609021828932342.html
002472,双环传动,0,0.0,0,,2026-09-07 19:30:28,东方财富公告自动扫描,https://data.eastmoney.com/notices/detail/002472/AN202609031828973228.html
300672,国科微,1,100.0,0,近期业绩公告：国科微:关于参加2026年湖南辖区上市公司投资者网上集体接待日暨半年度业绩说明会活动的公告；重大公告：国科微:2026年半年度非经营性资金占用及其他关联资金往来情况汇总表；风险公告：国科微:关于2026年半年度计提资产减值准备的公告；近期业绩公告：国科微:2026年半年度报告披露提示性公告；近期业绩公告：国科微:2026年半年度报告；近期业绩公告：国科微:2026年半年度报告摘要,2026-09-07 19:30:28,东方财富公告自动扫描,https://data.eastmoney.com/notices/detail/300672/AN202609071829103041.html
603019,中科曙光,0,0.0,0,,2026-09-07 19:30:28,东方财富公告自动扫描,https://data.eastmoney.com/notices/detail/603019/AN202609041829014550.html
000858,五 粮 液,1,100.0,0,近期业绩公告：五粮液:2026年半年度报告摘要；近期业绩公告：五粮液:2026年半年度报告；重大公告：五粮液:2026年半年度非经营性资金占用及其他关联资金往来情况汇总表,2026-09-07 19:30:28,东方财富公告自动扫描,https://data.eastmoney.com/notices/detail/000858/AN202609021828929718.html
600418,江淮汽车,0,8.0,0,近期业绩公告：江淮汽车:江淮汽车关于召开2026年半年度业绩说明会的公告,2026-09-07 19:30:28,东方财富公告自动扫描,https://data.eastmoney.com/notices/detail/600418/AN202609031828961751.html
601166,兴业银行,0,8.0,0,近期业绩公告：兴业银行:兴业银行2026年半年度报告；近期业绩公告：兴业银行:兴业银行2026年半年度报告摘要,2026-09-07 19:30:28,东方财富公告自动扫描,https://data.eastmoney.com/notices/detail/601166/AN202608271828542755.html
688333,铂力特,0,0.0,0,,2026-09-08 13:57:00,东方财富公告自动扫描,
688072,拓荆科技,0,0.0,0,,2026-09-08 13:57:00,东方财富公告自动扫描,https://data.eastmoney.com/notices/detail/688072/AN202609071829106382.html
688361,中科飞测,0,0.0,0,,2026-09-08 18:32:04,东方财富公告自动扫描,
300759,康龙化成,0,0.0,0,,2026-09-08 18:32:04,东方财富公告自动扫描,https://data.eastmoney.com/notices/detail/300759/AN202609021828931704.html
688627,精智达,0,0.0,0,,2026-09-08 18:32:04,东方财富公告自动扫描,https://data.eastmoney.com/notices/detail/688627/AN202609041829023843.html
300179,四方达,0,0.0,0,,2026-09-08 18:32:04,东方财富公告自动扫描,
601398,工商银行,0,8.0,0,近期业绩公告：工商银行:工商银行2026半年度报告；近期业绩公告：工商银行:工商银行2026半年度报告摘要,2026-09-08 18:32:04,东方财富公告自动扫描,https://data.eastmoney.com/notices/detail/601398/AN202609061829079153.html
688110,东芯股份,0,8.0,0,近期业绩公告：东芯股份:2026年半年度业绩暨现金分红说明会,2026-09-08 18:32:04,东方财富公告自动扫描,https://data.eastmoney.com/notices/detail/688110/AN202609081829133709.html
000426,兴业银锡,1,100.0,0,重大公告：兴业银锡:半年度非经营性资金占用及其他关联资金往来情况汇总表；近期业绩公告：兴业银锡:2026年半年度报告；近期业绩公告：兴业银锡:2026年半年度报告摘要,2026-09-08 18:32:04,东方财富公告自动扫描,https://data.eastmoney.com/notices/detail/000426/AN202609071829098456.html
603118,共进股份,0,0.0,0,,2026-09-08 18:32:04,东方财富公告自动扫描,https://data.eastmoney.com/notices/detail/603118/AN202609041829016755.html
688795,摩尔线程-U,0,52.0,0,解禁风险：摩尔线程:摩尔线程首次公开发行网下配售限售股上市流通公告；解禁风险：摩尔线程:中信证券股份有限公司关于摩尔线程智能科技(北京)股份有限公司首次公开发行网下配售限售股上市流通的核查意见,2026-09-09 13:58:11,东方财富公告自动扫描,https://data.eastmoney.com/notices/detail/688795/AN202609071829093274.html
688146,中船特气,0,0.0,0,,2026-09-09 13:58:11,东方财富公告自动扫描,https://data.eastmoney.com/notices/detail/688146/AN202609071829096508.html
002980,华盛昌,0,0.0,0,,2026-09-09 13:58:11,东方财富公告自动扫描,https://data.eastmoney.com/notices/detail/002980/AN202609071829102112.html
300346,南大光电,0,0.0,0,,2026-09-09 13:58:11,东方财富公告自动扫描,https://data.eastmoney.com/notices/detail/300346/AN202609031828960677.html
000657,中钨高新,0,0.0,0,,2026-09-09 18:43:52,东方财富公告自动扫描,
601212,白银有色,0,58.0,0,减持风险：白银有色:白银有色集团股份有限公司股东减持计划时间届满暨减持结果公告；风险公告：白银有色:白银有色集团股份有限公司2026年上半年计提资产减值准备的公告；近期业绩公告：白银有色:白银有色集团股份有限公司关于召开2026年半年度业绩说明会的公告；近期业绩公告：白银有色:白银有色集团股份有限公司2026年半年度报告摘要；近期业绩公告：白银有色:白银有色集团股份有限公司2026年半年度报告,2026-09-09 18:43:52,东方财富公告自动扫描,https://data.eastmoney.com/notices/detail/601212/AN202609081829134270.html
000807,云铝股份,0,0.0,0,,2026-09-09 18:43:52,东方财富公告自动扫描,
600172,黄河旋风,0,0.0,0,,2026-09-09 18:43:52,东方财富公告自动扫描,https://data.eastmoney.com/notices/detail/600172/AN202609081829129138.html
002407,多氟多,0,0.0,0,,2026-09-09 18:43:52,东方财富公告自动扫描,
601168,西部矿业,0,0.0,0,,2026-09-09 18:43:52,东方财富公告自动扫描,https://data.eastmoney.com/notices/detail/601168/AN202609011828886354.html
601600,中国铝业,0,0.0,0,,2026-09-09 18:43:52,东方财富公告自动扫描,https://data.eastmoney.com/notices/detail/601600/AN202609031828962995.html
601606,长城军工,0,0.0,0,,2026-09-09 18:43:52,东方财富公告自动扫描,
300418,昆仑万维,0,0.0,0,,2026-09-09 18:43:52,东方财富公告自动扫描,https://data.eastmoney.com/notices/detail/300418/AN202609071829106128.html
600667,太极实业,0,0.0,0,,2026-09-09 18:43:52,东方财富公告自动扫描,
688183,生益电子,0,0.0,0,,2026-09-09 18:43:52,东方财富公告自动扫描,https://data.eastmoney.com/notices/detail/688183/AN202609091829170423.html
002716,湖南白银,0,0.0,0,,2026-09-09 18:43:52,东方财富公告自动扫描,
600547,山东黄金,0,8.0,0,近期业绩公告：山东黄金:山东黄金矿业股份有限公司2026年半年度报告；近期业绩公告：山东黄金:山东黄金矿业股份有限公司2026年半年度报告摘要,2026-09-09 18:43:52,东方财富公告自动扫描,https://data.eastmoney.com/notices/detail/600547/AN202609031828962319.html
600489,中金黄金,0,0.0,0,,2026-09-09 18:43:52,东方财富公告自动扫描,
600330,天通股份,0,0.0,0,,2026-09-09 18:43:52,东方财富公告自动扫描,https://data.eastmoney.com/notices/detail/600330/AN202609041829017188.html
600722,金牛化工,0,0.0,0,,2026-09-09 18:43:52,东方财富公告自动扫描,https://data.eastmoney.com/notices/detail/600722/AN202609071829097091.html
000630,铜陵有色,0,0.0,0,,2026-09-09 18:43:52,东方财富公告自动扫描,https://data.eastmoney.com/notices/detail/000630/AN202608311828825225.html
600309,万华化学,0,0.0,0,,2026-09-09 18:43:52,东方财富公告自动扫描,https://data.eastmoney.com/notices/detail/600309/AN202609061829079154.html
601118,海南橡胶,0,0.0,0,,2026-09-09 18:43:52,东方财富公告自动扫描,https://data.eastmoney.com/notices/detail/601118/AN202609041829020096.html
300319,麦捷科技,0,0.0,0,,2026-09-09 18:43:52,东方财富公告自动扫描,https://data.eastmoney.com/notices/detail/300319/AN202609081829136685.html
000878,云南铜业,0,0.0,0,,2026-09-09 18:43:52,东方财富公告自动扫描,https://data.eastmoney.com/notices/detail/000878/AN202609031828977216.html
002415,海康威视,0,0.0,0,,2026-09-09 18:43:52,东方财富公告自动扫描,https://data.eastmoney.com/notices/detail/002415/AN202609081829123273.html
002353,杰瑞股份,0,0.0,0,,2026-09-09 18:43:52,东方财富公告自动扫描,https://data.eastmoney.com/notices/detail/002353/AN202609071829105446.html
600549,厦门钨业,0,8.0,0,近期业绩公告：厦门钨业:投资者活动记录表(含2026年半年度业绩说明会)2026-投关-004,2026-09-09 18:43:52,东方财富公告自动扫描,https://data.eastmoney.com/notices/detail/600549/AN202609081829134698.html
688143,长盈通,0,0.0,0,,2026-09-09 18:43:52,东方财富公告自动扫描,https://data.eastmoney.com/notices/detail/688143/AN202608311828822648.html
600893,航发动力,0,0.0,0,,2026-09-09 18:43:52,东方财富公告自动扫描,https://data.eastmoney.com/notices/detail/600893/AN202609031828964158.html
600967,内蒙一机,0,0.0,0,,2026-09-09 18:43:52,东方财富公告自动扫描,https://data.eastmoney.com/notices/detail/600967/AN202609041829020724.html
600664,哈药股份,0,0.0,0,,2026-09-09 18:43:52,东方财富公告自动扫描,
600900,长江电力,0,8.0,0,近期业绩公告：长江电力:长江电力2026年半年度报告摘要；近期业绩公告：长江电力:长江电力2026年半年度报告；近期业绩公告：长江电力:长江电力关于召开2026年半年度业绩说明会的公告,2026-09-09 18:43:52,东方财富公告自动扫描,https://data.eastmoney.com/notices/detail/600900/AN202608301828733966.html
688549,中巨芯,0,52.0,0,解禁风险：中巨芯:国泰海通证券股份有限公司关于中巨芯科技股份有限公司首次公开发行部分限售股上市流通的核查意见；解禁风险：中巨芯:首次公开发行部分限售股上市流通公告,2026-09-09 18:43:52,东方财富公告自动扫描,https://data.eastmoney.com/notices/detail/688549/AN202609081829133793.html
688981,中芯国际,0,0.0,0,,2026-09-10 13:57:17,东方财富公告自动扫描,https://data.eastmoney.com/notices/detail/688981/AN202609091829179210.html
002371,北方华创,0,0.0,0,,2026-09-10 13:57:17,东方财富公告自动扫描,
688012,中微公司,0,0.0,0,,2026-09-10 13:57:17,东方财富公告自动扫描,https://data.eastmoney.com/notices/detail/688012/AN202609091829183551.html
688041,海光信息,0,0.0,0,,2026-09-10 13:57:17,东方财富公告自动扫描,
688256,寒武纪,0,0.0,0,,2026-09-10 13:57:17,东方财富公告自动扫描,
300308,中际旭创,0,0.0,0,,2026-09-10 13:57:17,东方财富公告自动扫描,https://data.eastmoney.com/notices/detail/300308/AN202609091829180794.html
300502,新易盛,0,8.0,0,近期业绩公告：新易盛:关于参加举办四川辖区2026年投资者网上集体接待日及半年度报告业绩说明会的公告,2026-09-10 13:57:17,东方财富公告自动扫描,https://data.eastmoney.com/notices/detail/300502/AN202609091829179682.html
300394,天孚通信,0,0.0,0,,2026-09-10 13:57:17,东方财富公告自动扫描,https://data.eastmoney.com/notices/detail/300394/AN202609091829179358.html
601138,工业富联,0,0.0,0,,2026-09-10 13:57:17,东方财富公告自动扫描,https://data.eastmoney.com/notices/detail/601138/AN202609021828922529.html
002916,深南电路,0,0.0,0,,2026-09-10 13:57:17,东方财富公告自动扫描,https://data.eastmoney.com/notices/detail/002916/AN202609091829178610.html
600536,中国软件,0,0.0,0,,2026-09-10 13:57:17,东方财富公告自动扫描,
601088,中国神华,0,0.0,0,,2026-09-10 13:57:17,东方财富公告自动扫描,https://data.eastmoney.com/notices/detail/601088/AN202609031828964734.html
601318,中国平安,0,0.0,0,,2026-09-10 13:57:17,东方财富公告自动扫描,https://data.eastmoney.com/notices/detail/601318/AN202609071829102560.html
600036,招商银行,0,0.0,0,,2026-09-10 13:57:17,东方财富公告自动扫描,https://data.eastmoney.com/notices/detail/600036/AN202609081829136261.html
600276,恒瑞医药,0,48.0,0,业绩窗口显著下跌，存在预期差：恒瑞医药:恒瑞医药关于召开2026年半年度业绩说明会的公告,2026-09-10 13:57:17,东方财富公告自动扫描,https://data.eastmoney.com/notices/detail/600276/AN202609091829174859.html
601899,紫金矿业,0,0.0,0,,2026-09-10 13:57:17,东方财富公告自动扫描,https://data.eastmoney.com/notices/detail/601899/AN202609061829069202.html
000592,平潭发展,1,100.0,0,重大公告：平潭发展:关于控股子公司破产清算的进展公告,2026-09-10 13:57:17,东方财富公告自动扫描,https://data.eastmoney.com/notices/detail/000592/AN202609071829103519.html
300684,中石科技,0,0.0,0,,2026-09-10 13:57:17,东方财富公告自动扫描,https://data.eastmoney.com/notices/detail/300684/AN202609041829026634.html
301205,联特科技,0,0.0,0,,2026-09-10 13:57:17,东方财富公告自动扫描,
002851,麦格米特,0,0.0,0,,2026-09-10 13:57:17,东方财富公告自动扫描,https://data.eastmoney.com/notices/detail/002851/AN202609021828933905.html
300857,协创数据,0,0.0,0,,2026-09-10 13:57:17,东方财富公告自动扫描,https://data.eastmoney.com/notices/detail/300857/AN202609091829171079.html
002428,云南锗业,0,0.0,0,,2026-09-10 13:57:17,东方财富公告自动扫描,https://data.eastmoney.com/notices/detail/002428/AN202609041829022326.html
300223,君正股份,0,0.0,0,,2026-09-10 13:57:17,东方财富公告自动扫描,https://data.eastmoney.com/notices/detail/300223/AN202609031828966965.html
000988,华工科技,0,0.0,0,,2026-09-10 13:57:17,东方财富公告自动扫描,
300475,香农芯创,0,0.0,0,,2026-09-10 13:57:17,东方财富公告自动扫描,https://data.eastmoney.com/notices/detail/300475/AN202609031828960438.html
002636,金安国纪,0,0.0,0,,2026-09-10 13:57:17,东方财富公告自动扫描,
000636,风华高科,0,0.0,0,,2026-09-10 13:57:17,东方财富公告自动扫描,https://data.eastmoney.com/notices/detail/000636/AN202609081829133235.html
300604,长川科技,0,0.0,0,,2026-09-10 13:57:17,东方财富公告自动扫描,
300408,三环集团,0,0.0,0,,2026-09-10 13:57:17,东方财富公告自动扫描,https://data.eastmoney.com/notices/detail/300408/AN202609031828966952.html
300476,胜宏科技,0,0.0,0,,2026-09-10 13:57:17,东方财富公告自动扫描,https://data.eastmoney.com/notices/detail/300476/AN202609041829020009.html
300489,光智科技,0,0.0,0,,2026-09-10 13:57:17,东方财富公告自动扫描,
000066,中国长城,0,0.0,0,,2026-09-10 13:57:17,东方财富公告自动扫描,https://data.eastmoney.com/notices/detail/000066/AN202609081829133956.html
301018,申菱环境,0,0.0,0,,2026-09-10 13:57:17,东方财富公告自动扫描,https://data.eastmoney.com/notices/detail/301018/AN202609071829099965.html
301396,宏景科技,0,0.0,0,,2026-09-10 13:57:17,东方财富公告自动扫描,https://data.eastmoney.com/notices/detail/301396/AN202609091829179212.html
002050,三花智控,0,0.0,0,,2026-09-10 13:57:17,东方财富公告自动扫描,https://data.eastmoney.com/notices/detail/002050/AN202609021828931710.html
002156,通富微电,0,0.0,0,,2026-09-10 13:57:17,东方财富公告自动扫描,
301536,星宸科技,0,0.0,0,,2026-09-10 13:57:17,东方财富公告自动扫描,
000338,潍柴动力,0,0.0,0,,2026-09-10 13:57:17,东方财富公告自动扫描,https://data.eastmoney.com/notices/detail/000338/AN202609091829156196.html
300058,蓝色光标,0,0.0,0,,2026-09-10 13:57:17,东方财富公告自动扫描,
300136,信维通信,0,0.0,0,,2026-09-10 13:57:17,东方财富公告自动扫描,https://data.eastmoney.com/notices/detail/300136/AN202609031828967826.html
001309,德明利,0,52.0,0,解禁风险：德明利:关于2024年限制性股票激励计划预留部分限制性股票第一个解除限售期解除限售股份上市流通的提示性公告,2026-09-10 13:57:17,东方财富公告自动扫描,https://data.eastmoney.com/notices/detail/001309/AN202608311828815883.html
300903,科翔股份,0,0.0,0,,2026-09-10 13:57:17,东方财富公告自动扫描,https://data.eastmoney.com/notices/detail/300903/AN202609091829179502.html
002602,世纪华通,0,0.0,0,,2026-09-10 13:57:17,东方财富公告自动扫描,https://data.eastmoney.com/notices/detail/002602/AN202609091829179393.html
002008,大族激光,0,0.0,0,,2026-09-10 13:57:17,东方财富公告自动扫描,https://data.eastmoney.com/notices/detail/002008/AN202609091829179859.html
002837,英维克,0,0.0,0,,2026-09-10 13:57:17,东方财富公告自动扫描,
002081,金 螳 螂,0,0.0,0,,2026-09-10 13:57:17,东方财富公告自动扫描,https://data.eastmoney.com/notices/detail/002081/AN202608301828735613.html
002484,江海股份,0,0.0,0,,2026-09-10 13:57:17,东方财富公告自动扫描,https://data.eastmoney.com/notices/detail/002484/AN202609091829174565.html
002281,光迅科技,0,0.0,0,,2026-09-10 13:57:17,东方财富公告自动扫描,https://data.eastmoney.com/notices/detail/002281/AN202609041829026713.html
300395,菲利华,0,58.0,0,减持风险：菲利华:关于董事股份减持计划期限届满暨实施情况的公告,2026-09-10 13:57:17,东方财富公告自动扫描,https://data.eastmoney.com/notices/detail/300395/AN202609091829173051.html
000811,冰轮环境,0,52.0,0,解禁风险：冰轮环境:关于公司2023年限制性股票激励计划授予的限制性股票第二个限售期符合解除限售条件的公告,2026-09-10 13:57:17,东方财富公告自动扫描,https://data.eastmoney.com/notices/detail/000811/AN202609101829203798.html
301526,国际复材,0,0.0,0,,2026-09-10 13:57:17,东方财富公告自动扫描,https://data.eastmoney.com/notices/detail/301526/AN202608311828826007.html
300757,罗博特科,0,0.0,0,,2026-09-10 13:57:17,东方财富公告自动扫描,
002131,利欧股份,0,0.0,0,,2026-09-10 13:57:17,东方财富公告自动扫描,https://data.eastmoney.com/notices/detail/002131/AN202609041829020437.html
002536,飞龙股份,0,0.0,0,,2026-09-10 13:57:17,东方财富公告自动扫描,https://data.eastmoney.com/notices/detail/002536/AN202609031828963070.html
002463,沪电股份,0,0.0,0,,2026-09-10 13:57:17,东方财富公告自动扫描,https://data.eastmoney.com/notices/detail/002463/AN202609081829133538.html
002241,歌尔股份,0,0.0,0,,2026-09-10 13:57:17,东方财富公告自动扫描,https://data.eastmoney.com/notices/detail/002241/AN202609071829101544.html
300751,迈为股份,0,58.0,0,减持风险：迈为股份:关于5%以上股东减持计划期限届满的公告,2026-09-10 13:57:17,东方财富公告自动扫描,https://data.eastmoney.com/notices/detail/300751/AN202609091829174847.html
300433,蓝思科技,0,0.0,0,,2026-09-10 13:57:17,东方财富公告自动扫描,https://data.eastmoney.com/notices/detail/300433/AN202609091829171950.html
000100,TCL科技,0,8.0,0,近期业绩公告：TCL科技:2026年半年度报告(英文版)；近期业绩公告：TCL科技:2026年半年度报告摘要(英文版),2026-09-10 13:57:17,东方财富公告自动扫描,https://data.eastmoney.com/notices/detail/000100/AN202609081829136877.html
000021,深科技,0,0.0,0,,2026-09-10 13:57:17,东方财富公告自动扫描,https://data.eastmoney.com/notices/detail/000021/AN202609091829179477.html
000725,京东方Ａ,0,0.0,0,,2026-09-10 13:57:17,东方财富公告自动扫描,https://data.eastmoney.com/notices/detail/000725/AN202609071829088227.html
002475,立讯精密,0,0.0,0,,2026-09-10 13:57:17,东方财富公告自动扫描,https://data.eastmoney.com/notices/detail/002475/AN202609091829173894.html
000063,中兴通讯,0,0.0,0,,2026-09-10 13:57:17,东方财富公告自动扫描,https://data.eastmoney.com/notices/detail/000063/AN202609011828882518.html
300666,江丰电子,0,0.0,0,,2026-09-10 13:57:17,东方财富公告自动扫描,https://data.eastmoney.com/notices/detail/300666/AN202609091829171206.html
002185,华天科技,0,0.0,0,,2026-09-10 13:57:17,东方财富公告自动扫描,
000333,美的集团,0,0.0,0,,2026-09-10 13:57:17,东方财富公告自动扫描,https://data.eastmoney.com/notices/detail/000333/AN202609021828930836.html
002384,东山精密,0,0.0,0,,2026-09-10 13:57:17,东方财富公告自动扫描,https://data.eastmoney.com/notices/detail/002384/AN202609011828886233.html
002436,兴森科技,0,0.0,0,,2026-09-10 13:57:17,东方财富公告自动扫描,https://data.eastmoney.com/notices/detail/002436/AN202609071829103627.html
002409,雅克科技,0,0.0,0,,2026-09-10 13:57:17,东方财富公告自动扫描,https://data.eastmoney.com/notices/detail/002409/AN202609091829169990.html
002558,巨人网络,0,58.0,0,减持风险：巨人网络:关于控股股东及其一致行动人减持计划时间届满暨减持计划实施完成的公告,2026-09-10 13:57:17,东方财富公告自动扫描,https://data.eastmoney.com/notices/detail/002558/AN202609081829139470.html
000783,长江证券,0,0.0,0,,2026-09-10 13:57:17,东方财富公告自动扫描,https://data.eastmoney.com/notices/detail/000783/AN202609011828888664.html
002491,通鼎互联,0,0.0,0,,2026-09-10 13:57:17,东方财富公告自动扫描,
600176,中国巨石,0,0.0,0,,2026-09-10 13:57:17,东方财富公告自动扫描,
688825,长鑫科技,0,0.0,0,,2026-09-10 13:57:17,东方财富公告自动扫描,
300750,宁德时代,0,0.0,0,,2026-09-10 13:57:17,东方财富公告自动扫描,https://data.eastmoney.com/notices/detail/300750/AN202609081829139474.html
603986,兆易创新,0,0.0,0,,2026-09-10 13:57:17,东方财富公告自动扫描,https://data.eastmoney.com/notices/detail/603986/AN202609091829175440.html
600183,生益科技,0,0.0,0,,2026-09-10 13:57:17,东方财富公告自动扫描,
600150,中国船舶,0,32.0,0,风险公告：中国船舶:中国船舶工业股份有限公司关于全资子公司涉及仲裁结果的公告；近期业绩公告：中国船舶:中国船舶工业股份有限公司2026年半年度报告摘要；近期业绩公告：中国船舶:中国船舶工业股份有限公司2026年半年度报告,2026-09-10 13:57:17,东方财富公告自动扫描,https://data.eastmoney.com/notices/detail/600150/AN202609021828932369.html
600601,方正科技,0,0.0,0,,2026-09-10 13:57:17,东方财富公告自动扫描,https://data.eastmoney.com/notices/detail/600601/AN202609081829134396.html
600378,昊华科技,0,0.0,0,,2026-09-10 13:57:17,东方财富公告自动扫描,
301217,铜冠铜箔,0,0.0,0,,2026-09-10 13:57:17,东方财富公告自动扫描,
600362,江西铜业,0,8.0,0,近期业绩公告：江西铜业:江西铜业股份有限公司关于召开2026年半年度业绩说明会的公告,2026-09-10 13:57:17,东方财富公告自动扫描,https://data.eastmoney.com/notices/detail/600362/AN202609081829132831.html
301511,德福科技,0,58.0,0,减持风险：德福科技:关于持股5%以上股东及其一致行动人股份减持计划完成的公告,2026-09-10 13:57:17,东方财富公告自动扫描,https://data.eastmoney.com/notices/detail/301511/AN202609091829178020.html
300570,太辰光,0,0.0,0,,2026-09-10 13:57:17,东方财富公告自动扫描,https://data.eastmoney.com/notices/detail/300570/AN202609041829023368.html
002938,鹏鼎控股,0,0.0,0,,2026-09-10 13:57:17,东方财富公告自动扫描,https://data.eastmoney.com/notices/detail/002938/AN202609071829097190.html
688313,仕佳光子,0,0.0,0,,2026-09-10 13:57:17,东方财富公告自动扫描,https://data.eastmoney.com/notices/detail/688313/AN202609091829179108.html
601869,长飞光纤,0,0.0,0,,2026-09-10 13:57:17,东方财富公告自动扫描,
688300,联瑞新材,0,0.0,0,,2026-09-10 13:57:17,东方财富公告自动扫描,https://data.eastmoney.com/notices/detail/688300/AN202609041829020360.html
600206,有研新材,0,0.0,0,,2026-09-10 13:57:17,东方财富公告自动扫描,https://data.eastmoney.com/notices/detail/600206/AN202609081829133309.html
688008,澜起科技,0,0.0,0,,2026-09-10 13:57:17,东方财富公告自动扫描,https://data.eastmoney.com/notices/detail/688008/AN202609091829179208.html
688205,德科立,0,0.0,0,,2026-09-10 13:57:17,东方财富公告自动扫描,https://data.eastmoney.com/notices/detail/688205/AN202609021828927173.html
002155,湖南黄金,0,0.0,0,,2026-09-10 13:57:17,东方财富公告自动扫描,https://data.eastmoney.com/notices/detail/002155/AN202609091829175324.html
688766,普冉股份,0,0.0,0,,2026-09-10 13:57:17,东方财富公告自动扫描,https://data.eastmoney.com/notices/detail/688766/AN202609081829128131.html
603259,药明康德,0,0.0,0,,2026-09-10 13:57:17,东方财富公告自动扫描,https://data.eastmoney.com/notices/detail/603259/AN202609091829173626.html
300620,光库科技,0,0.0,0,,2026-09-10 13:57:17,东方财富公告自动扫描,https://data.eastmoney.com/notices/detail/300620/AN202609041829024580.html
688525,佰维存储,0,0.0,0,,2026-09-10 13:57:17,东方财富公告自动扫描,https://data.eastmoney.com/notices/detail/688525/AN202609091829170126.html
600522,中天科技,0,8.0,0,近期业绩公告：中天科技:江苏中天科技股份有限公司关于召开2026年半年度业绩说明会的公告,2026-09-10 13:57:17,东方财富公告自动扫描,https://data.eastmoney.com/notices/detail/600522/AN202609011828881004.html
000977,浪潮信息,0,0.0,0,,2026-09-10 13:57:17,东方财富公告自动扫描,
603228,景旺电子,0,0.0,0,,2026-09-10 13:57:17,东方财富公告自动扫描,https://data.eastmoney.com/notices/detail/603228/AN202609081829135571.html
600869,远东股份,0,0.0,0,,2026-09-10 13:57:17,东方财富公告自动扫描,https://data.eastmoney.com/notices/detail/600869/AN202609081829131794.html
603186,华正新材,0,8.0,0,近期业绩公告：华正新材:浙江华正新材料股份有限公司2026年半年度报告摘要；近期业绩公告：华正新材:浙江华正新材料股份有限公司2026年半年度报告；近期业绩公告：华正新材:浙江华正新材料股份有限公司关于召开2026年半年度业绩说明会的公告,2026-09-10 13:57:17,东方财富公告自动扫描,https://data.eastmoney.com/notices/detail/603186/AN202609091829174527.html
603083,剑桥科技,0,0.0,0,,2026-09-10 13:57:17,东方财富公告自动扫描,https://data.eastmoney.com/notices/detail/603083/AN202609091829178118.html
600584,长电科技,0,8.0,0,近期业绩公告：长电科技:2026年半年度业绩说明会记录,2026-09-10 13:57:17,东方财富公告自动扫描,https://data.eastmoney.com/notices/detail/600584/AN202609031828971294.html
600487,亨通光电,0,48.0,0,业绩窗口显著下跌，存在预期差：亨通光电:亨通光电关于召开2026年半年度业绩说明会的提示性公告,2026-09-10 13:57:17,东方财富公告自动扫描,https://data.eastmoney.com/notices/detail/600487/AN202609081829133543.html
601208,东材科技,0,0.0,0,,2026-09-10 13:57:17,东方财富公告自动扫描,https://data.eastmoney.com/notices/detail/601208/AN202609071829101884.html
688167,炬光科技,0,0.0,0,,2026-09-10 13:57:17,东方财富公告自动扫描,https://data.eastmoney.com/notices/detail/688167/AN202608311828803919.html
601872,招商轮船,0,48.0,0,业绩窗口显著下跌，存在预期差：招商轮船:招商轮船2026年半年度报告摘要；业绩窗口显著下跌，存在预期差：招商轮船:招商轮船2026年半年度报告；业绩窗口显著下跌，存在预期差：招商轮船:招商轮船关于召开2026年半年度业绩说明会的公告,2026-09-10 13:57:17,东方财富公告自动扫描,https://data.eastmoney.com/notices/detail/601872/AN202609071829099608.html
300285,国瓷材料,0,0.0,0,,2026-09-10 13:57:17,东方财富公告自动扫描,https://data.eastmoney.com/notices/detail/300285/AN202609021828933050.html
601991,大唐发电,0,0.0,0,,2026-09-10 13:57:17,东方财富公告自动扫描,
600105,永鼎股份,0,0.0,0,,2026-09-10 13:57:17,东方财富公告自动扫描,https://data.eastmoney.com/notices/detail/600105/AN202609041829016843.html
301308,江波龙,0,32.0,0,风险公告：江波龙:关于公司诉讼事项进展的公告,2026-09-10 13:57:17,东方财富公告自动扫描,https://data.eastmoney.com/notices/detail/301308/AN202609091829180101.html
600030,中信证券,0,0.0,0,,2026-09-10 13:57:17,东方财富公告自动扫描,https://data.eastmoney.com/notices/detail/600030/AN202609071829099171.html
603256,宏和科技,0,0.0,0,,2026-09-10 13:57:17,东方财富公告自动扫描,https://data.eastmoney.com/notices/detail/603256/AN202608311828814225.html
688521,芯原股份,0,0.0,0,,2026-09-10 13:57:17,东方财富公告自动扫描,https://data.eastmoney.com/notices/detail/688521/AN202609071829103445.html
002396,星网锐捷,0,0.0,0,,2026-09-10 13:57:17,东方财富公告自动扫描,https://data.eastmoney.com/notices/detail/002396/AN202608311828826632.html
002600,领益智造,0,0.0,0,,2026-09-10 13:57:17,东方财富公告自动扫描,https://data.eastmoney.com/notices/detail/002600/AN202609091829174144.html
300274,阳光电源,0,0.0,0,,2026-09-10 13:57:17,东方财富公告自动扫描,https://data.eastmoney.com/notices/detail/300274/AN202609031828965276.html
300059,东方财富,0,0.0,0,,2026-09-10 13:57:17,东方财富公告自动扫描,
688048,长光华芯,0,32.0,0,风险公告：长光华芯:关于计提2026年半年度资产减值准备的公告；近期业绩公告：长光华芯:2026年半年度报告摘要；近期业绩公告：长光华芯:2026年半年度报告,2026-09-10 13:57:17,东方财富公告自动扫描,https://data.eastmoney.com/notices/detail/688048/AN202608301828734723.html
000938,紫光股份,0,32.0,0,风险公告：紫光股份:关于向特定对象发行股票的审核问询函回复及募集说明书等申请文件更新的提示性公告；风险公告：紫光股份:安永华明会计师事务所(特殊普通合伙)关于对紫光股份有限公司申请向特定对象发行股票审核问询函回复的专项说明；风险公告：紫光股份:关于紫光股份有限公司申请向特定对象发行股票的审核问询函之回复报告,2026-09-10 13:57:17,东方财富公告自动扫描,https://data.eastmoney.com/notices/detail/000938/AN202609091829169028.html
600498,烽火通信,0,8.0,0,近期业绩公告：烽火通信:烽火通信科技股份有限公司关于召开2026年半年度业绩说明会的公告,2026-09-10 13:57:17,东方财富公告自动扫描,https://data.eastmoney.com/notices/detail/600498/AN202609081829133736.html
300548,长芯博创,0,0.0,0,,2026-09-10 13:57:17,东方财富公告自动扫描,https://data.eastmoney.com/notices/detail/300548/AN202609081829133893.html
002015,协鑫能科,0,0.0,0,,2026-09-10 13:57:17,东方财富公告自动扫描,https://data.eastmoney.com/notices/detail/002015/AN202609081829139303.html
688195,腾景科技,0,0.0,0,,2026-09-10 13:57:17,东方财富公告自动扫描,https://data.eastmoney.com/notices/detail/688195/AN202609091829175351.html
600519,贵州茅台,0,0.0,0,,2026-09-10 13:57:17,东方财富公告自动扫描,
603011,合锻智能,0,0.0,0,,2026-09-10 13:57:17,东方财富公告自动扫描,
002202,金风科技,0,0.0,0,,2026-09-10 13:57:17,东方财富公告自动扫描,https://data.eastmoney.com/notices/detail/002202/AN202609091829182625.html
002080,中材科技,0,0.0,0,,2026-09-10 13:57:17,东方财富公告自动扫描,
002297,博云新材,0,0.0,0,,2026-09-10 13:57:17,东方财富公告自动扫描,https://data.eastmoney.com/notices/detail/002297/AN202609031828964004.html
300209,行云科技,0,0.0,0,,2026-09-10 13:57:17,东方财富公告自动扫描,https://data.eastmoney.com/notices/detail/300209/AN202609071829103505.html
000737,北方铜业,0,8.0,0,近期业绩公告：北方铜业:关于举办2026年半年度业绩说明会的公告,2026-09-10 13:57:17,东方财富公告自动扫描,https://data.eastmoney.com/notices/detail/000737/AN202609081829128807.html
002815,崇达技术,0,0.0,0,,2026-09-10 13:57:17,东方财富公告自动扫描,https://data.eastmoney.com/notices/detail/002815/AN202609091829181706.html
688002,睿创微纳,0,0.0,0,,2026-09-10 13:57:17,东方财富公告自动扫描,https://data.eastmoney.com/notices/detail/688002/AN202609091829171381.html
600989,宝丰能源,0,0.0,0,,2026-09-10 13:57:17,东方财富公告自动扫描,
000930,中粮科技,0,0.0,0,,2026-09-10 13:57:17,东方财富公告自动扫描,https://data.eastmoney.com/notices/detail/000930/AN202609091829182372.html
603618,杭电股份,0,0.0,0,,2026-09-10 13:57:17,东方财富公告自动扫描,https://data.eastmoney.com/notices/detail/603618/AN202609071829099439.html
603663,三祥新材,0,0.0,0,,2026-09-10 13:57:17,东方财富公告自动扫描,https://data.eastmoney.com/notices/detail/603663/AN202609041829015251.html
002171,楚江新材,0,0.0,0,,2026-09-10 13:57:17,东方财富公告自动扫描,https://data.eastmoney.com/notices/detail/002171/AN202609011828849715.html
002594,比亚迪,0,0.0,0,,2026-09-10 13:57:17,东方财富公告自动扫描,https://data.eastmoney.com/notices/detail/002594/AN202609091829175711.html
600497,驰宏锌锗,0,0.0,0,,2026-09-10 13:57:17,东方财富公告自动扫描,https://data.eastmoney.com/notices/detail/600497/AN202609021828930515.html
603993,洛阳钼业,0,0.0,0,,2026-09-10 13:57:17,东方财富公告自动扫描,https://data.eastmoney.com/notices/detail/603993/AN202609021828930725.html
603773,沃格光电,0,8.0,0,近期业绩公告：沃格光电:江西沃格光电集团股份有限公司关于召开2026年半年度业绩说明会的公告,2026-09-10 13:57:17,东方财富公告自动扫描,https://data.eastmoney.com/notices/detail/603773/AN202609081829132399.html
601288,农业银行,0,0.0,0,,2026-09-10 13:57:17,东方财富公告自动扫描,https://data.eastmoney.com/notices/detail/601288/AN202609061829079136.html
603629,利通电子,0,0.0,0,,2026-09-10 13:57:17,东方财富公告自动扫描,https://data.eastmoney.com/notices/detail/603629/AN202609041829021212.html
688347,华虹宏力,0,0.0,0,,2026-09-10 13:57:17,东方财富公告自动扫描,https://data.eastmoney.com/notices/detail/688347/AN202609041829024707.html
600186,莲花控股,0,0.0,0,,2026-09-10 13:57:17,东方财富公告自动扫描,https://data.eastmoney.com/notices/detail/600186/AN202609011828885010.html
300499,高澜股份,0,0.0,0,,2026-09-10 13:57:17,东方财富公告自动扫描,https://data.eastmoney.com/notices/detail/300499/AN202609081829129450.html
600403,大有能源,0,0.0,0,,2026-09-10 13:57:17,东方财富公告自动扫描,https://data.eastmoney.com/notices/detail/600403/AN202609081829137012.html
