symbol,code,name,price,pre_close,open,high,low,pct,change,amount,turnover,volume_ratio,quote_time
sh688981,688981,中芯国际,117.39,116.56,116.57,117.8,116.26,0.71,0.83,207499.0,0.89,0.74,20260929145339
sz002371,002371,北方华创,628.86,633.93,633.94,640.8,623.04,-0.8,-5.07,257127.0,0.56,0.86,20260929145336
sh688012,688012,中微公司,324.71,324.5,329.88,330.55,322.01,0.06,0.21,288699.0,0.94,0.75,20260929145336
sh688041,688041,海光信息,235.96,240.5,239.02,241.49,232.0,-1.89,-4.54,404632.0,0.74,0.74,20260929145336
sh688256,688256,寒武纪,1047.01,1020.0,1023.81,1053.2,1013.0,2.65,27.01,714158.0,1.1,0.97,20260929145338
sz300308,300308,中际旭创,812.3,815.0,814.0,823.0,808.8,-0.33,-2.7,1263284.0,1.4,0.74,20260929145336
sz300502,300502,新易盛,392.55,399.7,400.37,401.98,391.33,-1.79,-7.15,969769.0,1.95,0.8,20260929145336
sz300394,300394,天孚通信,255.89,244.8,245.2,258.0,242.16,4.53,11.09,713509.0,2.6,1.02,20260929145336
sh601138,601138,工业富联,58.43,58.92,58.42,59.15,57.86,-0.83,-0.49,287039.0,0.25,0.73,20260929145339
sz002916,002916,深南电路,375.69,370.98,371.07,378.57,365.01,1.27,4.71,216055.0,0.87,0.69,20260929145336
sh600536,600536,中国软件,30.97,30.96,30.71,31.26,30.71,0.03,0.01,25672.0,0.98,0.75,20260929145339
sh601088,601088,中国神华,47.41,48.39,48.3,48.31,46.71,-2.03,-0.98,102030.0,0.13,1.07,20260929145336
sh601318,601318,中国平安,52.51,52.4,52.47,52.74,52.22,0.21,0.11,219101.0,0.39,0.76,20260929145338
sh600036,600036,招商银行,40.51,40.64,40.49,40.78,40.22,-0.32,-0.13,174199.0,0.21,0.9,20260929145337
sh600276,600276,恒瑞医药,45.63,44.47,44.34,46.13,44.29,2.61,1.16,353179.0,1.22,1.29,20260929145338
sh601899,601899,紫金矿业,29.47,29.42,29.01,29.62,29.01,0.17,0.05,315577.0,0.52,0.76,20260929145339
sz002384,002384,东山精密,171.03,168.28,169.01,172.31,168.28,1.63,2.75,594700.0,2.52,0.65,20260929145336
sh688008,688008,澜起科技,212.65,208.6,205.0,215.5,204.7,1.94,4.05,581930.0,2.43,0.69,20260929145339
sh600176,600176,中国巨石,39.72,39.27,39.0,39.96,38.7,1.15,0.45,458741.0,2.94,0.56,20260929145338
sh603986,603986,兆易创新,367.61,358.51,358.56,369.0,358.0,2.54,9.1,726138.0,2.98,0.64,20260929145338
sz300476,300476,胜宏科技,216.8,213.5,214.0,219.3,212.27,1.55,3.3,373886.0,2.0,0.46,20260929145336
sz002281,002281,光迅科技,166.87,163.8,164.38,168.38,162.18,1.87,3.07,380978.0,2.92,0.88,20260929145336
sh688825,688825,长鑫科技,55.5,53.8,53.71,55.78,53.68,3.16,1.7,795312.0,3.22,0.67,20260929145338
sz002156,002156,通富微电,60.25,58.9,58.91,61.8,58.91,2.29,1.35,384518.0,4.19,0.84,20260929145336
sh600183,600183,生益科技,132.96,131.95,131.84,134.52,129.2,0.77,1.01,466827.0,1.47,0.7,20260929145337
sz000636,000636,风华高科,51.17,50.42,49.98,51.6,49.72,1.49,0.75,302489.0,5.2,0.56,20260929145339
sz300207,300207,欣旺达,21.63,21.38,21.02,23.3,20.88,1.17,0.25,397106.0,10.43,1.74,20260929145336
sh600150,600150,中国船舶,39.02,38.08,37.97,39.15,37.57,2.47,0.94,356648.0,1.23,1.0,20260929145337
sz002463,002463,沪电股份,119.08,117.2,117.3,120.18,115.69,1.6,1.88,296751.0,1.3,0.56,20260929145336
sh603083,603083,剑桥科技,200.88,197.37,197.15,204.89,194.2,1.78,3.51,282111.0,5.16,0.82,20260929145338
sz002436,002436,兴森科技,42.3,41.14,41.1,42.94,40.2,2.82,1.16,344639.0,5.42,0.63,20260929145336
sh603259,603259,药明康德,161.2,161.8,161.81,166.68,159.47,-0.37,-0.6,473673.0,1.18,0.81,20260929145337
sh600522,600522,中天科技,31.32,31.32,30.76,31.52,30.69,0.0,0.0,339357.0,3.2,0.53,20260929145337
sz000988,000988,华工科技,94.22,92.61,92.45,94.86,91.95,1.74,1.61,276359.0,2.95,0.71,20260929145339
sh600547,600547,山东黄金,26.46,26.16,25.36,26.66,25.36,1.15,0.3,277671.0,2.95,1.29,20260929145339
sh601869,601869,长飞光纤,407.44,394.22,392.7,411.58,389.0,3.35,13.22,366260.0,2.25,0.83,20260929145337
sz002851,002851,麦格米特,118.62,115.4,114.54,120.0,114.32,2.79,3.22,309402.0,5.31,0.96,20260929145336
sz300408,300408,三环集团,118.7,115.54,115.81,119.2,114.1,2.73,3.16,323668.0,1.48,0.64,20260929145336
sz300274,300274,阳光电源,82.83,81.06,80.81,83.75,80.81,2.18,1.77,281306.0,2.15,0.8,20260929145336
sh600418,600418,江淮汽车,26.07,25.22,25.69,26.89,24.52,3.37,0.85,563891.0,9.72,1.47,20260929145338
sh688521,688521,芯原股份,195.19,193.0,190.0,197.05,186.0,1.13,2.19,260626.0,2.59,0.75,20260929145337
sz000725,000725,京东方Ａ,5.71,5.8,5.72,5.8,5.62,-1.55,-0.09,485052.0,2.4,0.59,20260929145339
sh601208,601208,XD东材科,50.75,50.7,48.99,52.0,47.0,0.1,0.05,307175.0,6.27,0.81,20260929145338
sz300750,300750,宁德时代,286.74,291.99,291.0,293.19,285.74,-1.8,-5.25,826340.0,0.67,0.8,20260929145336
sh600584,600584,长电科技,65.65,65.43,65.38,66.74,65.1,0.34,0.22,278688.0,2.36,0.55,20260929145337
sz002475,002475,立讯精密,50.42,49.92,49.92,50.88,49.8,1.0,0.5,258269.0,0.7,0.75,20260929145336
sz002636,002636,金安国纪,82.55,79.3,77.81,83.88,76.01,4.1,3.25,340769.0,5.87,0.75,20260929145336
sz001309,001309,德明利,372.0,371.28,374.0,375.55,367.01,0.19,0.72,252926.0,4.11,0.73,20260929145336
sz300548,300548,长芯博创,217.7,213.01,209.01,220.6,207.5,2.2,4.69,234969.0,3.72,1.01,20260929145336
sz300757,300757,罗博特科,528.85,530.31,533.47,537.6,514.22,-0.28,-1.46,278667.0,3.27,1.06,20260929145336
sz300223,300223,君正股份,134.78,132.26,132.57,135.7,130.11,1.91,2.52,222301.0,3.96,0.77,20260929145336
sz300285,300285,国瓷材料,64.2,65.06,65.0,65.26,63.0,-1.32,-0.86,347237.0,6.34,0.59,20260929145336
sh600519,600519,贵州茅台,1235.71,1243.88,1244.6,1245.87,1230.88,-0.66,-8.17,312680.0,0.2,0.93,20260929145338
sz002185,002185,华天科技,17.0,16.99,16.92,17.32,16.84,0.06,0.01,238053.0,4.2,0.42,20260929145336
sh601288,601288,农业银行,6.94,6.86,6.88,6.98,6.8,1.17,0.08,234879.0,0.11,1.18,20260929145336
sh688048,688048,长光华芯,296.4,289.79,290.0,299.8,285.2,2.28,6.61,221303.0,4.28,0.77,20260929145338
sz300604,300604,长川科技,247.72,248.93,250.59,255.3,244.5,-0.49,-1.21,262937.0,2.16,0.71,20260929145336
sz300475,300475,香农芯创,160.33,159.7,158.01,160.88,156.88,0.39,0.63,225483.0,3.16,0.62,20260929145336
sh688347,688347,华虹宏力,219.13,213.76,213.76,222.55,212.4,2.51,5.37,223294.0,2.52,0.82,20260929145338
sh603186,603186,华正新材,211.93,204.6,203.0,215.2,201.1,3.58,7.33,289700.0,8.83,0.96,20260929145337
sz002008,002008,大族激光,81.67,82.0,81.0,82.47,80.8,-0.4,-0.33,239713.0,3.07,0.73,20260929145339
sh601398,601398,工商银行,8.18,8.15,8.16,8.21,8.1,0.37,0.03,246516.0,0.11,1.2,20260929145338
sh688072,688072,拓荆科技,658.8,653.8,664.59,677.77,645.05,0.76,5.0,223129.0,1.2,0.81,20260929145339
sz002487,002487,大金重工,42.97,41.38,40.6,45.45,39.61,3.84,1.59,385766.0,14.36,1.32,20260929145339
sz300489,300489,光智科技,256.8,257.9,250.01,269.0,250.01,-0.43,-1.1,240556.0,6.69,0.64,20260929145336
sh600641,600641,先导基电,48.59,49.21,49.21,49.72,48.27,-1.26,-0.62,265821.0,5.85,0.47,20260929145338
sz300454,300454,深信服,140.49,139.37,139.07,144.99,137.66,0.8,1.12,189181.0,4.65,1.06,20260929145336
sz300058,300058,蓝色光标,12.9,12.68,12.61,13.06,12.59,1.74,0.22,176231.0,3.94,0.56,20260929145336
sh600105,600105,永鼎股份,37.0,38.28,37.21,37.62,36.18,-3.34,-1.28,394904.0,7.33,1.05,20260929145338
sz002080,002080,中材科技,54.82,52.74,52.88,54.99,52.25,3.94,2.08,236652.0,2.62,0.53,20260929145339
sh688525,688525,佰维存储,199.15,198.25,197.0,200.88,196.12,0.45,0.9,205729.0,2.18,0.52,20260929145339
sh688766,688766,普冉股份,377.87,379.57,376.74,381.6,369.35,-0.45,-1.7,217186.0,3.88,0.64,20260929145340
sh603893,603893,瑞芯微,213.03,211.28,211.0,213.8,207.53,0.83,1.75,194340.0,2.18,0.49,20260929145338
sh600048,600048,保利发展,5.83,5.61,5.63,5.87,5.63,3.92,0.22,230305.0,3.31,1.36,20260929145339
sh688469,688469,芯联集成-U,8.97,8.6,9.33,9.75,8.92,4.3,0.37,234309.0,4.29,3.21,20260929145338
sz300857,300857,协创数据,246.38,245.99,245.05,249.98,242.35,0.16,0.39,207495.0,1.73,0.65,20260929145336
sz002484,002484,江海股份,52.78,52.16,51.0,53.3,50.5,1.19,0.62,169158.0,3.96,0.99,20260929145339
sh600206,600206,有研新材,49.96,51.63,49.91,51.51,46.47,-3.23,-1.67,404640.0,9.92,1.11,20260929145339
sz301511,301511,德福科技,96.14,93.8,93.0,97.55,92.03,2.49,2.34,181918.0,4.82,0.73,20260929145336
sh603228,603228,景旺电子,100.3,95.0,92.79,101.32,92.61,5.58,5.3,278233.0,2.89,0.94,20260929145337
sz002428,002428,云南锗业,87.07,87.77,86.81,87.99,85.4,-0.8,-0.7,210732.0,3.72,0.54,20260929145339
sh600498,600498,烽火通信,36.28,36.97,35.88,36.71,34.89,-1.87,-0.69,236763.0,5.22,1.01,20260929145339
sz301308,301308,江波龙,311.73,312.0,312.44,314.95,309.27,-0.09,-0.27,195792.0,2.23,0.66,20260929145336
sz000938,000938,紫光股份,31.53,31.46,31.47,31.73,31.21,0.22,0.07,185080.0,2.06,0.57,20260929145339
sz000657,000657,中钨高新,53.68,53.25,53.57,54.48,52.6,0.81,0.43,173167.0,2.23,0.6,20260929145339
sz300059,300059,东方财富,17.76,17.87,17.92,17.98,17.7,-0.62,-0.11,217723.0,0.91,0.83,20260929145336
sz000560,000560,我爱我家,3.77,3.71,3.79,3.95,3.56,1.62,0.06,294034.0,33.21,1.55,20260929145339
sh688808,688808,XR联讯仪,1492.88,1469.59,1461.0,1528.0,1438.02,1.58,23.29,159183.0,3.74,1.45,20260929145338
sz000977,000977,浪潮信息,67.08,67.05,66.92,68.1,66.66,0.04,0.03,182940.0,1.85,0.65,20260929145339
sz300620,300620,光库科技,260.88,255.27,254.0,263.9,253.0,2.2,5.61,168066.0,2.63,0.67,20260929145336
sh600988,600988,赤峰黄金,38.45,38.07,37.33,38.89,36.83,1.0,0.38,161507.0,2.56,1.17,20260929145339
sh600667,600667,太极实业,17.94,17.81,17.7,18.14,17.7,0.73,0.13,160046.0,4.26,0.46,20260929145339
sh600460,600460,士兰微,31.84,31.4,31.4,32.44,31.06,1.4,0.44,155640.0,2.93,0.68,20260929145340
sh688313,688313,仕佳光子,153.52,145.5,145.5,154.79,144.0,5.51,8.02,231062.0,3.4,0.96,20260929145337
sh605358,605358,立昂微,46.18,45.67,45.43,47.09,45.0,1.12,0.51,152845.0,4.28,0.68,20260929145338
sz301526,301526,国际复材,27.71,27.66,27.69,27.99,27.22,0.18,0.05,164023.0,4.22,0.58,20260929145336
sh688120,688120,华海清科,233.22,234.24,235.0,235.79,227.6,-0.44,-1.02,180381.0,1.58,1.05,20260929145338
sh600900,600900,长江电力,28.44,28.55,28.5,28.65,28.35,-0.39,-0.11,183472.0,0.26,0.79,20260929145337
sz301217,301217,铜冠铜箔,102.18,100.5,99.0,103.33,98.4,1.67,1.68,149603.0,1.78,0.49,20260929145336
sz300903,300903,科翔股份,96.37,94.6,93.72,98.86,92.97,1.87,1.77,142481.0,4.19,0.83,20260929145336
sz000333,000333,美的集团,81.69,82.0,81.66,82.44,81.2,-0.38,-0.31,176223.0,0.31,0.71,20260929145339
sz301080,301080,百普赛斯,121.97,120.82,120.64,127.47,117.0,0.95,1.15,169446.0,10.93,0.74,20260929145336
sh688361,688361,中科飞测,355.56,361.24,368.46,374.48,352.14,-1.57,-5.68,195415.0,1.54,0.73,20260929145340
sh688167,688167,炬光科技,284.51,275.84,274.0,289.21,271.09,3.14,8.67,159583.0,4.33,0.9,20260929145339
sh600869,600869,远东股份,18.01,18.09,17.95,18.18,17.78,-0.44,-0.08,159830.0,4.0,0.44,20260929145337
sh600664,600664,哈药股份,7.16,7.33,7.11,7.47,6.92,-2.32,-0.17,292452.0,16.06,0.96,20260929145337
sh688200,688200,华峰测控,398.19,388.88,387.47,401.36,384.52,2.39,9.31,150922.0,1.91,0.78,20260929145340
sz300684,300684,中石科技,107.5,109.2,109.32,112.6,105.33,-1.56,-1.7,199997.0,9.04,0.75,20260929145336
sz000807,000807,云铝股份,26.46,25.37,25.35,26.62,25.05,4.3,1.09,173084.0,1.93,1.42,20260929145339
sh601328,601328,交通银行,7.63,7.59,7.58,7.68,7.54,0.53,0.04,152123.0,0.77,1.42,20260929145337
sh600030,600030,中信证券,25.83,25.94,25.81,26.03,25.8,-0.42,-0.11,164437.0,0.52,0.92,20260929145337
sz300759,300759,康龙化成,42.96,43.13,42.85,44.95,42.27,-0.39,-0.17,159028.0,2.58,0.74,20260929145336
sz300014,300014,亿纬锂能,48.6,47.58,47.88,48.83,47.71,2.14,1.02,141974.0,1.39,1.01,20260929145336
sz301536,301536,星宸科技,125.0,124.01,124.12,128.55,122.23,0.8,0.99,140866.0,6.0,0.85,20260929145336
sh688082,688082,盛美上海,302.97,286.01,288.99,309.6,288.0,5.93,16.96,206294.0,1.43,1.41,20260929145339
sh603256,603256,宏和科技,139.06,140.55,140.7,142.27,137.55,-1.06,-1.49,164963.0,1.31,0.38,20260929145338
sz000338,000338,潍柴动力,25.02,24.62,24.5,25.15,24.38,1.62,0.4,129308.0,1.05,0.73,20260929145339
sz002491,002491,通鼎互联,20.63,21.42,20.01,20.9,20.01,-3.69,-0.79,239482.0,9.96,0.68,20260929145339
sh601988,601988,中国银行,6.66,6.63,6.62,6.69,6.57,0.45,0.03,148264.0,0.11,0.99,20260929145337
sz002594,002594,比亚迪,82.05,83.35,83.2,83.42,81.7,-1.56,-1.3,170816.0,0.6,0.95,20260929145336
sz000066,000066,中国长城,14.45,14.16,14.06,14.65,14.06,2.05,0.29,128613.0,2.79,0.41,20260929145336
sh603993,603993,洛阳钼业,16.74,16.83,16.71,16.88,16.57,-0.53,-0.09,158734.0,0.54,0.76,20260929145336
sh000001,000001,上证指数,3831.53,3823.62,3816.15,3843.84,3810.81,0.21,7.91,63770869.0,0.79,0.83,20260929145336
sz399001,399001,深证成指,12900.73,12858.75,12839.61,12955.25,12831.87,0.33,41.98,71845226.0,1.88,0.81,20260929145336
sz399006,399006,创业板指,3141.58,3139.82,3136.53,3158.91,3128.48,0.06,1.76,34256474.0,2.28,0.78,20260929145336
sh000688,000688,科创50,1570.59,1555.98,1558.66,1576.55,1548.74,0.94,14.61,6235235.0,1.1,1.03,20260929145336
sh000300,000300,沪深300,4346.39,4340.76,4335.81,4359.3,4324.53,0.13,5.63,32278574.0,0.42,0.87,20260929145336
sh000905,000905,中证500,7438.71,7402.3,7388.11,7473.7,7386.14,0.49,36.41,23551848.0,1.02,0.83,20260929145336
sh000852,000852,中证1000,7323.23,7294.17,7265.51,7357.03,7256.25,0.4,29.06,25881071.0,1.52,0.75,20260929145336
sh512760,512760,芯片ETF国泰,1.041,1.035,1.03,1.047,1.028,0.58,0.006,23524.0,2.34,0.79,20260929145336
sh512480,512480,半导体ETF国联安,0.985,0.98,0.975,0.99,0.972,0.51,0.005,109306.0,5.6,1.14,20260929145336
sh588200,588200,科创芯片ETF嘉实,1.117,1.106,1.102,1.122,1.097,0.99,0.011,229375.0,4.74,1.1,20260929145336
sh515880,515880,通信ETF国泰,0.629,0.627,0.62,0.633,0.62,0.32,0.002,258737.0,6.03,0.89,20260929145336
sh515980,515980,人工智能ETF华富,0.964,0.966,0.96,0.971,0.959,-0.21,-0.002,11222.0,1.88,0.58,20260929145338
sh516820,516820,医疗创新ETF平安,0.345,0.344,0.344,0.35,0.342,0.29,0.001,2789.0,1.76,0.85,20260929145338
sh512170,512170,医疗ETF华宝,0.34,0.34,0.34,0.347,0.338,0.0,0.0,39338.0,1.64,0.87,20260929145338
sh512880,512880,证券ETF国泰,1.026,1.025,1.025,1.03,1.025,0.1,0.001,74836.0,1.28,0.61,20260929145336
sh512690,512690,酒ETF鹏华,0.406,0.406,0.408,0.408,0.404,0.0,0.0,21294.0,1.65,0.66,20260929145338
sh515030,515030,新能源车ETF华夏,1.446,1.433,1.428,1.452,1.422,0.91,0.013,16314.0,7.75,1.46,20260929145337
sh515790,515790,光伏ETF华泰柏瑞,0.773,0.771,0.766,0.777,0.766,0.26,0.002,9889.0,2.13,0.88,20260929145336
sh516510,516510,云计算ETF易方达,1.578,1.57,1.565,1.589,1.565,0.51,0.008,15956.0,5.72,0.93,20260929145336
sh515400,515400,大数据ETF富国,0.814,0.809,0.808,0.819,0.806,0.62,0.005,3628.0,2.71,0.59,20260929145338
sh512400,512400,有色金属ETF南方,1.616,1.593,1.584,1.622,1.584,1.44,0.023,65328.0,2.89,1.14,20260929145338
sh515220,515220,煤炭ETF国泰,1.246,1.264,1.264,1.265,1.229,-1.42,-0.018,53841.0,5.49,0.87,20260929145336
sh510300,510300,沪深300ETF华泰柏瑞,4.417,4.417,4.399,4.431,4.398,0.0,0.0,198376.0,1.86,0.65,20260929145336
sh518880,518880,黄金ETF华安,8.518,8.568,8.5,8.534,8.484,-0.58,-0.05,313693.0,3.1,0.85,20260929145337
sh510880,510880,红利ETF华泰柏瑞,3.328,3.342,3.338,3.347,3.301,-0.42,-0.014,35937.0,1.92,0.8,20260929145337
sh512660,512660,军工ETF国泰,1.102,1.098,1.096,1.106,1.09,0.36,0.004,15053.0,2.01,0.74,20260929145336
