recommend_time,code,name,sector,price,signal,market_mode,etf_grade,score,status,last_price,max_return,min_return,days
2026-10-09 15:25:27,601899,紫金矿业,有色金属,30.8,A级-快吃肉候选,普通轮动日,S,99.01,open,30.8,0.0,0.0,0
2026-10-09 15:25:27,300033,同花顺,自动发现,200.43,A级-回避,普通轮动日,C,87.21,open,200.43,0.0,0.0,0
2026-10-09 15:25:27,002594,比亚迪,自动发现,84.95,A级-回避,普通轮动日,C,83.71,open,84.95,0.0,0.0,0
2026-10-09 15:25:27,002428,云南锗业,自动发现,87.86,A级-回避,普通轮动日,C,83.6,open,87.86,0.0,0.0,0
2026-10-09 15:25:27,300059,东方财富,自动发现,17.95,A级-回避,普通轮动日,C,83.12,open,17.95,0.0,0.0,0
2026-10-09 15:25:27,688313,仕佳光子,自动发现,131.97,A级-回避,普通轮动日,C,82.35,open,131.97,0.0,0.0,0
2026-10-09 15:25:27,300209,行云科技,自动发现,34.46,A级-回避,普通轮动日,C,81.93,open,34.46,0.0,0.0,0
2026-10-07 17:46:58,601088,中国神华,煤炭,47.8,A级-快吃肉候选,防守观察日,A,79.83,open,48.4,1.2552,-0.6485,2
2026-10-05 15:03:21,000002,万  科Ａ,自动发现,4.26,A级-回避,防守观察日,C,89.03,open,4.06,0.0,-4.6948,4
2026-10-05 15:03:21,600276,恒瑞医药,创新药,47.2,A级-快吃肉候选,防守观察日,S,82.19,open,46.85,0.0,-0.7415,4
2026-10-05 15:03:21,603259,药明康德,自动发现,167.34,A级-回避,防守观察日,C,81.73,open,157.8,0.0,-5.701,4
2026-10-05 15:03:21,600036,招商银行,银行,41.26,A级-快吃肉候选,防守观察日,B,80.95,open,41.42,1.0906,0.0,4
2026-10-05 15:03:21,601318,中国平安,保险,53.29,A级-快吃肉候选,防守观察日,B,78.51,open,52.83,0.0,-1.1634,4
2026-10-05 15:03:21,300759,康龙化成,自动发现,44.97,A级-回避,防守观察日,C,77.08,open,43.11,0.0,-4.1361,4
2026-10-05 15:03:21,300450,先导智能,自动发现,34.94,A级-回避,防守观察日,C,76.8,open,36.73,5.1231,0.0,4
2026-10-05 15:03:21,002821,凯莱英,自动发现,188.62,A级-回避,防守观察日,C,76.41,open,188.62,0.0,0.0,2
2026-09-30 17:19:30,300450,先导智能,自动发现,34.94,A级-回避,防守观察日,C,76.8,loss,36.73,5.1231,0.0,9
2026-09-30 17:19:30,002821,凯莱英,自动发现,188.62,A级-回避,防守观察日,C,76.41,loss,188.62,0.0,0.0,7
2026-09-30 14:43:11,000002,万  科Ａ,自动发现,4.28,A级-回避,防守观察日,C,91.58,loss,4.06,0.0,-5.1402,9
2026-09-30 14:43:11,603259,药明康德,自动发现,167.42,A级-回避,防守观察日,C,82.07,loss,157.8,0.0,-5.746,9
2026-09-30 14:43:11,600036,招商银行,银行,41.35,A级-快吃肉候选,防守观察日,B,81.16,loss,41.42,0.8706,-0.2177,9
2026-09-30 14:43:11,300014,亿纬锂能,自动发现,49.97,A级-回避,防守观察日,C,79.3,loss,51.32,2.7016,-0.3202,9
2026-09-30 14:43:11,601318,中国平安,保险,53.4,A级-快吃肉候选,防守观察日,B,78.64,loss,52.83,0.0,-1.367,9
2026-09-30 14:43:11,300759,康龙化成,自动发现,45.0,A级-回避,防守观察日,C,77.51,loss,43.11,0.0,-4.2,9
2026-09-30 14:43:11,300620,光库科技,自动发现,271.38,A级-回避,防守观察日,C,77.42,loss,246.8,0.0,-9.0574,9
2026-09-29 17:28:47,601869,长飞光纤,自动发现,407.95,A级-回避,防守观察日,C,77.69,win,387.87,0.7869,-4.9222,10
2026-09-29 17:28:47,601689,拓普集团,自动发现,47.35,A级-回避,防守观察日,C,77.3,open,47.35,0.0,0.0,0
2026-09-29 14:55:40,002636,金安国纪,自动发现,82.55,A级-回避,防守观察日,C,83.88,loss,79.63,0.5815,-3.7553,9
2026-09-29 14:55:40,000807,云铝股份,自动发现,26.46,A级-回避,防守观察日,C,83.12,open,26.47,0.0378,0.0,0
2026-09-29 14:55:40,603228,景旺电子,自动发现,100.3,A级-回避,防守观察日,C,81.6,win,96.98,1.0668,-3.3101,10
2026-09-29 14:55:40,600048,保利发展,自动发现,5.83,A级-回避,防守观察日,C,79.85,loss,5.77,0.1715,-1.0292,9
2026-09-29 14:55:40,603186,华正新材,自动发现,211.93,A级-回避,防守观察日,C,78.98,win,224.25,5.8132,0.0,9
2026-09-29 14:55:40,688313,仕佳光子,自动发现,153.52,A级-回避,防守观察日,C,77.8,win,131.97,0.8077,-14.0373,10
2026-09-29 14:55:40,002080,中材科技,自动发现,54.82,A级-回避,防守观察日,C,77.3,loss,51.8,0.0,-5.5089,10
2026-09-29 14:55:40,600276,恒瑞医药,创新药,45.63,A级-回避,防守观察日,C,76.91,win,46.85,3.5941,-0.0219,10
2026-09-23 14:00:10,002916,深南电路,PCB,416.48,A级-回避,防守观察日,C,82.95,loss,347.25,0.0,-16.6226,16
2026-09-23 14:00:10,688167,西安炬光科技,自动发现,308.88,A级-回避,防守观察日,C,81.29,loss,284.26,0.0065,-7.9707,6
2026-09-23 14:00:10,301217,铜冠铜箔,自动发现,118.09,A级-回避,防守观察日,C,79.03,loss,99.7,0.9654,-15.5729,15
2026-09-23 14:00:10,600172,黄河旋风,自动发现,16.68,A级-回避,防守观察日,C,74.32,loss,13.61,2.5779,-18.4053,16
2026-09-23 14:00:10,600246,万通发展,自动发现,15.04,B级-回避,防守观察日,C,72.94,open,14.78,0.0,-1.7287,0
2026-09-23 14:00:10,600110,诺德股份,自动发现,12.48,B级-回避,防守观察日,C,72.9,open,12.46,0.0,-0.1603,0
2026-09-22 16:16:29,000002,万 科Ａ,自动发现,3.81,A级-回避,普通轮动日,C,78.18,loss,4.06,12.336,-2.6247,17
2026-09-22 16:16:29,600186,莲花控股,自动发现,12.93,B级-回避,普通轮动日,C,73.21,loss,11.46,5.1044,-11.3689,16
2026-09-22 14:14:24,000333,美的集团,自动发现,82.49,A级-回避,普通轮动日,C,74.99,loss,82.46,0.0606,-2.8973,17
2026-09-22 14:14:24,300750,宁德时代,自动发现,305.16,A级-回避,普通轮动日,C,74.5,loss,297.75,0.0,-6.0362,17
2026-09-22 14:14:24,002636,金安国纪,自动发现,83.76,B级-回避,普通轮动日,C,73.53,loss,79.63,6.8171,-5.3247,16
2026-09-22 14:14:24,603629,利通电子,自动发现,115.6,B级-回避,普通轮动日,C,72.79,loss,94.58,0.3114,-18.1834,17
2026-09-22 14:14:24,301205,联特科技,自动发现,329.09,B级-回避,普通轮动日,C,71.83,open,329.09,0.0,0.0,0
2026-09-22 14:14:24,300570,太辰光,自动发现,229.34,B级-回避,普通轮动日,C,71.76,loss,193.4,0.0,-15.6711,17
2026-09-21 16:36:00,300433,蓝思科技,自动发现,34.83,A级-回避,强势进攻日,C,91.13,loss,32.31,0.0,-9.2736,16
2026-09-21 14:21:03,603259,药明康德,自动发现,167.42,A级-回避,普通轮动日,C,85.22,loss,157.8,0.3225,-5.746,18
2026-09-21 14:21:03,603893,瑞芯微,自动发现,197.6,A级-回避,普通轮动日,C,83.45,win,202.72,13.1933,0.0,18
2026-09-21 14:21:03,601088,中国神华,煤炭,46.75,A级-快吃肉候选,普通轮动日,A,82.79,win,48.4,3.5294,0.0,18
2026-09-21 14:21:03,600036,招商银行,银行,41.0,A级-快吃肉候选,普通轮动日,A,82.33,loss,41.42,1.7317,-1.1951,18
2026-09-21 14:21:03,600150,中国船舶,自动发现,40.89,A级-回避,普通轮动日,C,82.12,loss,38.54,0.3179,-6.8721,18
2026-09-21 14:21:03,601318,中国平安,保险,53.76,A级-快吃肉候选,普通轮动日,A,82.03,loss,52.83,1.3021,-2.8274,18
2026-09-21 14:21:03,600026,中远海能,自动发现,22.94,A级-回避,普通轮动日,C,81.46,win,23.49,2.3976,-0.0872,18
2026-09-18 15:59:28,002851,麦格米特,自动发现,126.8,A级-回避,强势进攻日,C,91.23,loss,102.79,0.0,-18.9353,21
2026-09-18 15:59:28,603986,兆易创新,自动发现,388.18,A级-回避,强势进攻日,C,90.59,win,326.46,3.7405,-15.8998,21
2026-09-18 15:59:28,300274,阳光电源,自动发现,87.89,A级-回避,强势进攻日,C,89.88,loss,80.68,0.6599,-8.4196,21
2026-09-18 15:59:28,688825,长鑫科技,自动发现,55.54,A级-回避,强势进攻日,C,86.74,win,51.0,5.5456,-9.0385,21
2026-09-18 15:59:28,000021,深科技,自动发现,36.95,A级-回避,强势进攻日,C,86.28,loss,33.12,0.7307,-10.3654,20
2026-09-18 13:56:14,002008,大族激光,自动发现,99.46,A级-回避,强势进攻日,C,90.71,loss,75.5,0.1408,-24.0901,21
2026-09-18 13:56:14,300502,新易盛,光模块/CPO,442.21,A级-快吃肉候选,强势进攻日,A,89.37,win,370.2,3.3717,-16.2841,21
2026-09-18 13:56:14,300308,中际旭创,光模块/CPO,923.9,A级-快吃肉候选,强势进攻日,A,87.65,loss,775.29,1.8508,-16.0851,21
2026-09-18 13:56:14,600276,恒瑞医药,创新药,43.92,A级-快吃肉候选,强势进攻日,B,86.6,win,46.85,7.6275,-0.0228,21
2026-09-18 13:56:14,002475,立讯精密,自动发现,54.08,A级-回避,强势进攻日,C,85.29,win,47.59,1.8306,-12.0007,21
2026-09-16 16:17:26,600601,方正科技,自动发现,15.18,A级-回避,强势进攻日,C,93.01,win,12.65,1.1858,-16.6667,22
2026-09-16 16:17:26,002080,中材科技,自动发现,55.88,A级-回避,强势进攻日,C,92.77,win,51.8,9.7351,-7.3014,23
2026-09-16 16:17:26,002436,兴森科技,自动发现,42.8,A级-回避,强势进攻日,C,92.53,win,38.51,7.5234,-10.0234,23
2026-09-16 16:17:26,688072,拓荆科技,自动发现,679.54,A级-回避,强势进攻日,C,92.52,win,616.25,7.586,-9.3401,23
2026-09-16 16:17:26,600498,烽火通信,自动发现,42.28,A级-回避,强势进攻日,C,92.49,win,34.49,4.4229,-18.4248,22
2026-09-16 14:01:10,688981,中芯国际,晶圆制造,120.49,A级-快吃肉候选,强势进攻日,S,96.18,win,108.42,1.9006,-11.1296,23
2026-09-16 14:01:10,300223,君正股份,自动发现,133.68,A级-回避,强势进攻日,C,94.56,win,117.54,10.0314,-12.0736,23
2026-09-16 14:01:10,301536,星宸科技,自动发现,114.36,A级-回避,强势进攻日,C,93.95,win,125.1,9.3914,-1.3116,13
2026-09-16 14:01:10,002428,云南锗业,自动发现,94.51,A级-回避,强势进攻日,C,93.37,loss,87.86,0.2434,-9.3112,23
2026-09-16 14:01:10,601899,紫金矿业,有色金属,32.23,A级-快吃肉候选,强势进攻日,A,93.19,loss,30.8,0.0,-8.8737,23
2026-09-16 14:01:10,600487,亨通光电,自动发现,65.47,A级-回避,强势进攻日,C,93.12,win,52.95,11.5015,-19.5051,23
2026-09-16 14:01:10,600460,士兰微,自动发现,31.3,A级-回避,强势进攻日,C,92.88,win,31.84,7.5719,0.0,13
2026-09-16 14:01:10,601138,工业富联,AI服务器,62.34,A级-快吃肉候选,强势进攻日,A,92.16,win,56.07,2.0212,-10.6673,23
2026-09-15 14:12:11,688048,长光华芯,自动发现,305.0,A级-回避,防守观察日,C,80.1,win,219.2,18.7639,-28.1311,24
2026-09-15 14:12:11,688012,中微公司,半导体设备,332.11,A级-快吃肉候选,防守观察日,A,79.87,win,311.0,7.1753,-6.3563,24
2026-09-15 14:12:11,002409,雅克科技,自动发现,133.38,A级-回避,防守观察日,C,79.73,win,135.5,4.0861,-0.1574,7
2026-09-15 14:12:11,688256,寒武纪,国产AI芯片,1079.52,A级-快吃肉候选,防守观察日,A,79.52,win,985.99,5.4274,-9.1263,24
2026-09-15 14:12:11,300604,长川科技,自动发现,268.19,A级-回避,防守观察日,C,79.26,win,228.0,5.347,-14.9856,24
2026-09-15 14:12:11,300666,江丰电子,自动发现,245.47,A级-回避,防守观察日,C,79.24,win,232.64,6.0985,-5.2267,13
2026-09-15 14:12:11,301217,铜冠铜箔,自动发现,113.85,A级-回避,防守观察日,C,77.44,loss,99.7,4.7255,-12.4286,23
2026-09-15 14:12:11,300684,中石科技,自动发现,88.4,A级-回避,防守观察日,C,77.02,win,92.98,34.8529,0.0,24
2026-09-14 14:17:37,300903,科翔股份,自动发现,108.3,B级-回避,极端风险日,C,78.0,win,95.6,4.2013,-11.7267,24
2026-09-11 15:48:37,300308,中际旭创,光模块/CPO,926.0,B级-回避,极端风险日,A,60.52,loss,775.29,1.6199,-16.2754,28
2026-09-11 14:00:22,300319,麦捷科技,自动发现,20.92,B级-回避,极端风险日,C,55.16,win,21.54,7.0746,0.0,12
2026-09-09 15:54:14,601118,海南橡胶,自动发现,8.15,A级-回避,防守观察日,C,87.06,loss,6.51,0.0,-20.1227,29
2026-09-09 15:54:14,600522,中天科技,自动发现,34.12,A级-回避,防守观察日,C,78.32,loss,30.09,8.3236,-11.8113,30
2026-09-09 15:54:14,601088,中国神华,煤炭,47.33,A级-快吃肉候选,防守观察日,S,76.12,loss,48.4,2.2607,-2.3241,30
2026-09-09 14:01:16,002297,博云新材,自动发现,23.16,A级-回避,防守观察日,C,85.08,open,22.39,0.0,-3.3247,1
2026-09-09 14:01:16,000338,潍柴动力,自动发现,27.92,A级-回避,防守观察日,C,82.22,loss,24.45,0.0,-12.4284,30
2026-09-09 14:01:16,601899,紫金矿业,有色金属,34.49,A级-快吃肉候选,防守观察日,B,82.06,loss,30.8,0.0,-14.8449,30
2026-09-09 14:01:16,600489,中金黄金,自动发现,25.95,A级-回避,防守观察日,C,80.6,open,25.89,0.0,-0.2312,0
2026-09-09 14:01:16,600869,远东股份,自动发现,23.8,A级-回避,防守观察日,C,78.51,win,17.11,9.1597,-28.1092,30
2026-09-09 14:01:16,000807,云铝股份,自动发现,29.06,A级-回避,防守观察日,C,78.44,loss,26.47,0.0,-12.6979,20
2026-09-09 14:01:16,601600,中国铝业,自动发现,10.03,A级-回避,防守观察日,C,77.69,loss,9.02,0.0,-10.0698,29
2026-09-09 14:01:16,600967,内蒙一机,自动发现,14.46,A级-回避,防守观察日,C,77.01,open,14.43,0.0,-0.2075,0
2026-09-07 15:57:33,300413,芒果超媒,自动发现,22.1,A级-回避,强势进攻日,C,92.79,open,17.77,0.0,-19.5928,4
2026-09-07 15:57:33,000657,中钨高新,自动发现,60.0,A级-回避,强势进攻日,C,91.42,loss,51.13,3.7167,-14.7833,32
2026-09-07 15:57:33,002081,金 螳 螂,自动发现,5.33,A级-回避,强势进攻日,C,90.95,win,5.32,5.2533,-6.0038,16
2026-09-07 15:57:33,688072,拓荆科技,自动发现,651.92,A级-回避,强势进攻日,C,89.99,loss,616.25,12.1441,-7.4656,32
2026-09-07 14:08:14,600105,永鼎股份,自动发现,38.92,A级-回避,强势进攻日,C,92.85,win,32.47,20.0411,-16.5725,32
2026-09-07 14:08:14,601138,工业富联,AI服务器,66.5,A级-快吃肉候选,强势进攻日,S,92.73,loss,56.07,0.1053,-16.2556,32
2026-09-07 14:08:14,000811,冰轮环境,自动发现,37.94,A级-回避,强势进攻日,C,92.21,win,39.95,5.5614,-2.9784,15
2026-09-07 14:08:14,301171,易点天下,自动发现,39.75,A级-回避,强势进攻日,C,91.68,loss,33.7,1.3836,-15.2201,8
2026-09-07 14:08:14,600176,中国巨石,自动发现,41.72,A级-回避,强势进攻日,C,88.82,win,38.57,14.813,-7.5503,32
2026-09-07 14:08:14,688012,中微公司,半导体设备,343.86,A级-快吃肉候选,强势进攻日,A,88.31,loss,311.0,3.5131,-9.5562,32
2026-09-07 14:08:14,688361,中科飞测,自动发现,312.11,A级-回避,强势进攻日,C,87.85,loss,341.88,23.9915,-0.7433,32
2026-09-07 14:08:14,688167,炬光科技,自动发现,314.0,A级-回避,强势进攻日,C,87.68,loss,284.26,0.7006,-9.4713,22
2026-09-03 18:41:18,002716,湖南白银,自动发现,11.59,B级-回避,弱势反弹日,C,65.75,loss,10.8,0.0,-7.5928,6
2026-09-03 15:55:31,002436,兴森科技,自动发现,35.19,B级-回避,弱势反弹日,C,69.28,win,38.51,30.7758,-5.0583,36
2026-09-03 15:55:31,601601,中国太保,自动发现,34.04,B级-回避,弱势反弹日,C,68.66,open,34.21,0.8813,0.0,1
2026-09-03 15:55:31,600601,方正科技,自动发现,12.62,B级-回避,弱势反弹日,C,67.89,win,12.65,21.7116,0.0,35
2026-09-03 15:55:31,600309,万华化学,自动发现,77.38,B级-回避,弱势反弹日,C,67.67,win,69.79,1.9256,-10.9589,35
2026-09-03 15:55:31,600276,恒瑞医药,创新药,45.96,B级-回避,弱势反弹日,B,67.57,loss,46.85,2.8503,-7.6806,36
2026-09-03 15:55:31,600186,莲花控股,自动发现,12.38,B级-回避,弱势反弹日,C,67.33,loss,11.46,9.7738,-7.4313,35
2026-09-02 13:51:48,002536,飞龙股份,自动发现,58.07,B级-回避,极端风险日,C,62.0,loss,53.82,8.5414,-8.2314,19
2026-09-01 14:18:51,601318,中国平安,保险,57.35,B级-回避,极端风险日,A,56.58,loss,52.83,1.5519,-8.9102,38
2026-08-31 15:05:32,688041,海光信息,国产AI芯片,253.9,A级-快吃肉候选,强势进攻日,S,100.0,loss,219.59,1.024,-13.5132,39
2026-08-31 15:05:32,688629,华丰科技,自动发现,136.29,A级-回避,强势进攻日,C,100.0,loss,132.39,0.0,-2.8615,16
2026-08-31 15:05:32,688146,中船特气,自动发现,259.94,A级-回避,强势进攻日,C,100.0,loss,201.3,0.0,-22.5591,28
2026-08-31 15:05:32,688766,普冉股份,自动发现,415.0,A级-回避,强势进攻日,C,97.33,loss,327.75,4.212,-21.0241,39
2026-08-31 15:05:32,688981,中芯国际,晶圆制造,128.7,A级-快吃肉候选,强势进攻日,A,95.35,loss,108.42,0.0,-16.7988,39
2026-08-31 15:05:32,601088,中国神华,煤炭,48.78,A级-快吃肉候选,强势进攻日,S,95.05,loss,48.4,0.0615,-5.7606,39
2026-08-31 15:05:32,603228,景旺电子,自动发现,96.49,A级-回避,强势进攻日,C,91.37,win,96.98,16.5717,-9.2134,39
2026-08-31 15:05:32,603986,兆易创新,自动发现,406.0,A级-回避,强势进攻日,C,89.92,loss,326.46,0.0,-19.5911,39
2026-08-27 21:47:51,600549,厦门钨业,自动发现,54.8,A级-回避,强势进攻日,C,88.7,loss,50.6,0.0,-8.6314,20
2026-08-27 19:14:49,600584,长电科技,自动发现,76.54,A级-回避,强势进攻日,C,89.1,loss,62.74,0.0,-18.2127,43
2026-08-27 19:14:49,600276,恒瑞医药,创新药,47.61,A级-快吃肉候选,强势进攻日,A,88.8,loss,46.85,0.0,-10.8801,43
2026-08-27 16:11:19,688836,宇树科技,自动发现,615.03,A级-回避,强势进攻日,C,94.42,loss,536.35,0.0,-12.7929,11
2026-08-27 16:11:19,000938,紫光股份,自动发现,36.43,A级-回避,强势进攻日,C,93.55,win,30.41,5.3527,-16.9915,43
2026-08-27 16:11:19,300136,信维通信,自动发现,62.07,A级-回避,强势进攻日,C,93.01,loss,51.62,0.0,-16.8358,42
2026-08-27 16:11:19,000725,京东方Ａ,自动发现,5.94,A级-回避,强势进攻日,C,91.61,loss,5.5,2.1886,-11.2795,43
2026-08-27 16:11:19,002156,通富微电,自动发现,63.73,A级-回避,强势进攻日,C,91.6,loss,55.55,1.3024,-12.8354,43
2026-08-27 16:11:19,600105,永鼎股份,自动发现,41.0,A级-回避,强势进攻日,C,90.86,loss,32.47,13.9512,-20.8049,43
2026-08-26 15:45:51,688008,澜起科技,自动发现,201.0,A级-回避,普通轮动日,C,79.69,win,197.6,11.2537,-8.1343,44
2026-08-26 15:45:51,688630,芯碁微装,自动发现,430.6,A级-回避,普通轮动日,C,78.72,loss,428.96,1.8579,-0.3809,27
2026-08-26 14:55:58,600036,招商银行,银行,39.93,A级-快吃肉候选,普通轮动日,B,82.87,win,41.42,4.7583,-1.4525,44
2026-08-26 14:55:58,301205,联特科技,自动发现,314.19,A级-回避,普通轮动日,C,82.82,loss,329.09,4.8728,-13.4218,27
2026-08-26 11:56:07,600110,诺德股份,自动发现,11.77,A级-回避,强势进攻日,C,94.14,win,12.46,6.4571,-1.4444,28
2026-08-26 11:56:07,600497,驰宏锌锗,自动发现,10.41,A级-回避,强势进攻日,C,90.48,loss,10.33,1.1527,-0.7685,15
2026-08-26 11:56:07,002916,深南电路,PCB,350.4,A级-快吃肉候选,强势进攻日,B,90.35,win,347.25,18.8584,-5.3082,44
2026-08-26 11:56:07,688072,拓荆科技,自动发现,678.74,A级-回避,强势进攻日,C,89.77,loss,616.25,7.7128,-11.1221,44
2026-08-26 11:56:07,300274,阳光电源,自动发现,112.76,A级-回避,强势进攻日,C,88.93,loss,80.68,0.0532,-28.6183,44
2026-08-26 10:41:57,300604,长川科技,自动发现,275.74,A级-回避,强势进攻日,C,96.57,win,228.0,3.7245,-17.3134,44
2026-08-26 10:41:57,601899,紫金矿业,有色金属,35.3,A级-快吃肉候选,强势进攻日,S,95.45,loss,30.8,0.0,-16.7989,44
2026-08-26 10:41:57,000426,兴业银锡,自动发现,41.47,A级-回避,强势进攻日,C,94.85,loss,31.17,0.2653,-24.9819,33
2026-08-26 10:41:57,688012,中微公司,半导体设备,362.63,A级-快吃肉候选,强势进攻日,B,92.45,loss,311.0,3.6897,-14.2377,44
2026-08-26 10:41:57,000630,铜陵有色,自动发现,6.75,A级-回避,强势进攻日,C,92.01,loss,6.57,0.2963,-5.7778,14
2026-08-26 10:41:57,601318,中国平安,保险,55.94,A级-快吃肉候选,强势进攻日,A,91.71,loss,52.83,4.1115,-6.6142,44
2026-08-26 10:41:57,688981,中芯国际,晶圆制造,122.44,A级-快吃肉候选,强势进攻日,B,90.94,win,108.42,5.1127,-12.5449,44
2026-08-26 10:41:57,603799,华友钴业,自动发现,40.44,A级-回避,强势进攻日,C,88.81,loss,35.0,0.0,-13.452,42
2026-08-25 14:50:37,603986,兆易创新,自动发现,397.02,B级-回避,弱势反弹日,C,79.32,win,326.46,3.5716,-17.7724,45
2026-08-25 14:50:37,601869,长飞光纤,自动发现,397.8,B级-回避,弱势反弹日,C,78.49,win,387.87,18.2931,-4.7763,45
2026-08-25 14:50:37,600498,烽火通信,自动发现,40.66,B级-回避,弱势反弹日,C,72.03,win,34.49,8.5834,-15.1746,44
2026-08-25 14:50:37,603259,药明康德,自动发现,160.61,B级-回避,弱势反弹日,C,70.27,loss,157.8,4.5763,-5.8402,45
2026-08-25 14:50:37,603186,华正新材,自动发现,173.71,B级-回避,弱势反弹日,C,69.47,win,224.25,46.215,0.0,44
2026-08-25 14:50:37,000988,华工科技,自动发现,105.58,B级-回避,弱势反弹日,C,68.78,loss,85.97,3.7223,-18.5736,45
2026-08-25 10:38:08,600522,中天科技,自动发现,33.97,B级-回避,极端风险日,C,56.12,win,30.09,8.8019,-11.4218,45
2026-08-25 10:38:08,603618,杭电股份,自动发现,29.05,B级-回避,极端风险日,C,55.41,win,40.68,45.2668,-1.3081,27
2026-08-25 10:38:08,688256,寒武纪,国产AI芯片,1005.53,B级-回避,极端风险日,C,55.16,win,985.99,13.1851,-2.4395,45
2026-08-21 15:32:41,688110,东芯股份,自动发现,120.7,A级-回避,普通轮动日,C,79.51,loss,116.75,2.2949,-4.5319,38
2026-08-21 15:32:41,000636,风华高科,自动发现,54.67,A级-回避,普通轮动日,C,79.06,loss,50.4,8.3775,-11.4505,48
2026-08-21 14:44:59,600547,XD山东黄,自动发现,37.04,A级-回避,强势进攻日,C,94.2,loss,27.17,2.3218,-28.6447,49
2026-08-21 14:44:59,002636,金安国纪,自动发现,63.91,A级-回避,强势进攻日,C,89.25,loss,79.63,39.9937,-1.2674,48
2026-08-21 14:44:59,601318,中国平安,保险,53.42,A级-快吃肉候选,强势进攻日,B,89.0,win,52.83,9.0228,-2.2089,49
2026-08-21 14:44:59,000792,盐湖股份,自动发现,28.8,A级-回避,强势进攻日,C,88.75,loss,26.28,0.1389,-9.0625,17
2026-08-21 14:44:59,000657,中钨高新,自动发现,67.96,A级-回避,强势进攻日,C,87.22,loss,51.13,0.2649,-24.7646,49
2026-08-21 11:50:19,002851,麦格米特,自动发现,123.2,A级-回避,普通轮动日,C,84.11,loss,102.79,7.1672,-16.5666,49
2026-08-21 10:39:00,002916,深南电路,PCB,355.93,A级-快吃肉候选,普通轮动日,B,83.02,loss,347.25,17.0118,-6.7794,49
2026-08-21 10:39:00,002463,沪电股份,自动发现,118.5,A级-回避,普通轮动日,C,81.06,win,112.29,8.2278,-5.9072,49
2026-08-21 10:39:00,603799,华友钴业,自动发现,40.7,A级-回避,普通轮动日,C,80.34,loss,35.0,0.0,-14.0049,47
2026-08-21 10:39:00,600183,生益科技,自动发现,131.18,A级-回避,普通轮动日,C,80.06,loss,131.86,17.7619,-3.7506,48
2026-08-21 10:39:00,300274,阳光电源,自动发现,114.01,A级-回避,普通轮动日,C,79.81,loss,80.68,0.0,-29.4009,49
2026-08-21 10:39:00,300373,扬杰科技,自动发现,101.06,A级-回避,普通轮动日,C,79.12,open,101.83,0.7619,0.0,0
2026-08-21 10:39:00,603228,景旺电子,自动发现,93.16,A级-回避,普通轮动日,C,78.51,loss,96.98,20.7385,-5.9682,49
2026-08-20 14:42:31,603881,数据港,自动发现,29.99,B级-回避,普通轮动日,C,82.23,open,30.2,0.7002,0.0,0
2026-08-20 14:42:31,688766,普冉股份,自动发现,468.97,B级-回避,普通轮动日,C,80.63,loss,327.75,0.0,-30.1128,50
2026-08-20 14:42:31,002008,大族激光,自动发现,91.18,B级-回避,普通轮动日,C,78.17,loss,75.5,9.2345,-17.1968,50
2026-08-20 14:42:31,600330,天通股份,自动发现,27.78,B级-回避,普通轮动日,C,72.76,loss,27.81,10.6192,-6.5515,39
2026-08-20 11:45:27,300408,三环集团,自动发现,113.49,A级-回避,普通轮动日,C,80.85,loss,111.81,15.3934,-4.952,50
2026-08-20 11:45:27,600498,烽火通信,自动发现,38.81,A级-回避,普通轮动日,C,79.04,win,34.49,13.7593,-11.1312,49
2026-08-20 11:45:27,600396,华电辽能,自动发现,14.97,A级-回避,普通轮动日,C,77.47,loss,13.63,3.6072,-8.9512,27
2026-08-20 10:33:14,000977,浪潮信息,自动发现,75.0,A级-回避,强势进攻日,C,82.31,loss,64.69,15.1333,-13.92,50
2026-08-20 10:33:14,600487,亨通光电,自动发现,60.8,A级-回避,强势进攻日,C,81.96,win,52.95,20.0658,-13.3224,50
2026-08-20 10:33:14,603083,剑桥科技,自动发现,174.04,A级-回避,强势进攻日,C,81.92,loss,193.0,32.2799,-1.5571,50
2026-08-20 10:33:14,600584,长电科技,自动发现,80.98,A级-回避,强势进攻日,C,81.49,loss,62.74,0.0,-22.697,50
2026-08-20 10:33:14,688235,百济神州,自动发现,301.84,A级-回避,强势进攻日,C,81.43,open,298.88,0.0,-1.5041,0
2026-08-20 10:33:14,601869,长飞光纤,自动发现,356.66,A级-回避,强势进攻日,C,81.23,win,387.87,31.938,-0.1514,50
2026-08-20 10:33:14,601088,中国神华,煤炭,46.56,A级-快吃肉候选,强势进攻日,A,80.83,win,48.4,4.8325,-1.2672,50
2026-08-18 15:26:26,300433,蓝思科技,自动发现,39.12,A级-回避,防守观察日,C,80.44,loss,32.31,0.6391,-19.2229,50
2026-08-18 15:26:26,600703,三安光电,自动发现,14.83,A级-回避,防守观察日,C,79.22,loss,11.88,0.0,-19.8921,51
2026-08-18 15:26:26,688082,盛美上海,自动发现,337.4,A级-回避,防守观察日,C,77.8,loss,296.01,0.0,-12.2673,43
2026-08-18 14:40:14,688012,中微公司,半导体设备,398.59,A级-快吃肉候选,防守观察日,B,88.45,loss,311.0,0.0,-21.975,52
2026-08-18 14:40:14,688017,绿的谐波,自动发现,379.51,A级-回避,防守观察日,C,83.13,loss,294.96,0.3399,-22.558,20
2026-08-18 14:40:14,300757,罗博特科,自动发现,551.0,A级-回避,防守观察日,C,82.33,loss,504.0,16.9093,-12.1506,52
2026-08-18 14:40:14,300666,江丰电子,自动发现,279.2,A级-回避,防守观察日,C,80.52,loss,232.64,0.0,-21.139,41
2026-08-18 10:23:49,600276,恒瑞医药,创新药,52.91,A级-快吃肉候选,防守观察日,A,78.23,loss,46.85,0.0,-19.8072,52
2026-08-18 10:23:49,600580,卧龙电驱,自动发现,36.7,A级-回避,防守观察日,C,75.97,open,36.94,0.654,0.0,0
2026-08-18 10:23:49,300759,康龙化成,自动发现,51.04,B级-回避,防守观察日,C,71.53,loss,43.11,0.7249,-19.2986,52
2026-08-18 10:23:49,000100,TCL科技,自动发现,5.26,B级-回避,防守观察日,C,69.62,loss,4.63,0.0,-11.9772,51
2026-08-18 10:23:49,688002,睿创微纳,自动发现,175.92,B级-回避,防守观察日,C,69.03,win,175.66,4.269,-4.8715,41
2026-08-17 15:43:19,600460,士兰微,自动发现,34.05,A级-回避,强势进攻日,C,92.92,win,31.84,7.1953,-10.8957,43
2026-08-17 15:43:19,605376,博迁新材,自动发现,175.66,A级-回避,强势进攻日,C,92.28,loss,141.33,0.0,-22.4582,36
2026-08-17 14:50:30,301396,宏景科技,自动发现,229.96,A级-回避,强势进攻日,C,95.33,loss,179.72,0.0,-28.0527,32
2026-08-17 14:50:30,688120,华海清科,自动发现,275.24,A级-回避,强势进攻日,C,95.22,loss,225.37,4.883,-18.1187,53
2026-08-17 14:50:30,002475,立讯精密,自动发现,58.86,A级-回避,强势进攻日,C,93.7,loss,47.59,0.0,-19.1471,53
2026-08-17 14:50:30,300502,新易盛,光模块/CPO,466.53,A级-快吃肉候选,强势进攻日,S,92.81,loss,370.2,0.0322,-20.6482,53
2026-08-17 14:50:30,000725,京东方Ａ,自动发现,6.05,A级-回避,强势进攻日,C,91.75,loss,5.5,5.124,-12.8926,53
2026-08-17 11:49:49,603127,昭衍新药,自动发现,53.53,A级-回避,强势进攻日,C,95.69,loss,52.6,1.1582,-15.113,53
2026-08-17 11:49:49,002409,雅克科技,自动发现,158.0,A级-回避,强势进攻日,C,94.54,loss,135.5,0.6392,-19.8608,36
2026-08-17 11:49:49,688347,华虹宏力,自动发现,265.41,A级-回避,强势进攻日,C,93.76,loss,193.42,1.1266,-27.1241,53
2026-08-17 11:49:49,688256,寒武纪,国产AI芯片,1140.98,A级-快吃肉候选,强势进攻日,S,93.61,loss,985.99,2.2376,-15.3394,53
2026-08-17 11:49:49,300308,中际旭创,光模块/CPO,960.11,A级-快吃肉候选,强势进攻日,S,93.09,loss,775.29,4.262,-19.2499,53
2026-08-17 11:49:49,300475,香农芯创,自动发现,168.39,A级-回避,强势进攻日,C,92.99,loss,144.98,8.7951,-13.9023,52
2026-08-17 10:36:20,300604,长川科技,自动发现,299.98,A级-回避,强势进攻日,C,92.66,loss,228.0,1.1701,-23.9949,53
2026-08-17 10:36:20,688048,长光华芯,自动发现,326.0,A级-回避,强势进攻日,C,91.33,loss,219.2,11.1135,-32.7607,53
2026-08-17 10:36:20,688072,拓荆科技,自动发现,713.0,A级-回避,强势进攻日,C,90.18,loss,616.25,5.9551,-15.3927,53
2026-08-17 10:36:20,002185,华天科技,自动发现,18.77,A级-回避,强势进攻日,C,89.94,loss,15.85,1.2254,-17.0485,53
2026-08-17 10:36:20,603986,兆易创新,自动发现,435.8,A级-回避,强势进攻日,C,89.68,loss,326.46,1.6705,-25.0895,53
2026-08-17 10:36:20,600667,太极实业,自动发现,23.96,A级-回避,强势进攻日,C,89.66,loss,16.32,0.0,-31.8865,53
2026-08-17 10:36:20,688627,精智达,自动发现,522.24,A级-回避,强势进攻日,C,89.36,loss,432.85,8.2299,-17.1167,42
2026-08-17 10:36:20,300346,南大光电,自动发现,60.66,A级-回避,强势进攻日,C,89.14,loss,56.0,2.1596,-12.9245,32
2026-08-14 15:22:03,601088,中国神华,煤炭,44.72,A级-快吃肉候选,普通轮动日,S,86.27,win,48.4,9.1458,0.0,56
2026-08-14 15:22:03,600111,北方稀土,自动发现,42.66,A级-回避,普通轮动日,C,85.86,loss,35.57,0.2813,-16.6198,45
2026-08-14 15:22:03,002491,通鼎互联,自动发现,19.65,A级-回避,普通轮动日,C,85.86,win,19.78,25.1399,-1.3232,55
2026-08-14 15:22:03,300661,圣邦股份,自动发现,123.0,A级-回避,普通轮动日,C,84.63,open,123.0,0.0,0.0,0
2026-08-14 11:32:09,600487,亨通光电,自动发现,60.1,A级-回避,防守观察日,C,84.28,win,52.95,21.4642,-12.3128,56
2026-08-14 11:32:09,301511,德福科技,自动发现,94.0,A级-回避,防守观察日,C,79.32,loss,93.87,20.3404,-16.1383,55
2026-08-14 11:32:09,300390,天华新能,自动发现,66.81,A级-回避,防守观察日,C,78.11,loss,49.85,2.32,-25.3854,56
2026-08-14 11:32:09,601869,长飞光纤,自动发现,351.12,A级-回避,防守观察日,C,77.89,win,387.87,34.0197,-0.0085,56
2026-08-13 12:52:01,603087,甘李药业,自动发现,78.45,A级-回避,强势进攻日,C,86.3,open,78.45,0.0,0.0,0
2026-08-13 11:37:31,300759,康龙化成,自动发现,50.6,A级-回避,强势进攻日,C,89.77,win,43.11,1.6008,-18.5968,57
2026-08-13 11:37:31,600664,哈药股份,自动发现,9.11,A级-回避,强势进攻日,C,89.17,loss,7.39,4.1712,-21.6246,57
2026-08-13 11:37:31,300274,阳光电源,自动发现,120.93,A级-回避,强势进攻日,C,87.93,loss,80.68,0.0,-33.4408,57
2026-08-13 11:37:31,603259,药明康德,自动发现,163.69,A级-回避,强势进攻日,C,87.04,win,157.8,4.7712,-7.6119,57
2026-08-13 11:37:31,002281,光迅科技,自动发现,193.78,A级-回避,强势进攻日,C,86.93,win,148.71,3.0808,-23.2583,57
2026-08-13 11:37:31,002008,大族激光,自动发现,98.14,A级-回避,强势进攻日,C,85.77,win,75.5,2.6798,-23.0691,57
2026-08-12 15:23:37,000063,中兴通讯,自动发现,35.59,A级-回避,强势进攻日,C,93.14,loss,29.03,1.2082,-18.4321,58
2026-08-12 15:23:37,688347,华虹宏力,自动发现,273.2,A级-回避,强势进攻日,C,88.05,loss,193.42,1.3873,-29.202,58
2026-08-12 15:23:37,600118,中国卫星,自动发现,65.57,A级-回避,强势进攻日,C,86.67,win,56.47,5.2311,-13.8783,57
2026-08-12 12:47:52,603986,兆易创新,自动发现,419.0,A级-回避,强势进攻日,C,91.69,win,326.46,5.747,-22.0859,58
2026-08-12 11:32:38,688008,澜起科技,自动发现,216.99,A级-回避,强势进攻日,C,95.75,loss,197.6,3.4011,-14.9039,58
2026-08-12 11:32:38,688012,中微公司,半导体设备,381.9,A级-快吃肉候选,强势进攻日,S,95.26,win,311.0,4.3703,-18.5651,58
2026-08-12 11:32:38,688981,中芯国际,晶圆制造,127.5,A级-快吃肉候选,强势进攻日,S,94.69,win,108.42,7.3804,-16.0157,58
2026-08-12 11:32:38,600522,中天科技,自动发现,33.69,A级-回避,强势进攻日,C,92.33,win,30.09,9.7061,-10.6857,58
2026-08-12 11:32:38,300475,香农芯创,自动发现,165.03,A级-回避,强势进攻日,C,92.11,win,144.98,11.0101,-12.1493,57
2026-08-12 11:32:38,600498,烽火通信,自动发现,39.79,A级-回避,强势进攻日,C,91.81,win,34.49,10.9575,-13.3199,57
2026-08-11 12:20:16,000100,TCL科技,自动发现,5.07,A级-回避,普通轮动日,C,85.66,win,4.63,3.7475,-8.6785,58
2026-08-11 12:20:16,002821,凯莱英,自动发现,182.9,A级-回避,普通轮动日,C,84.22,loss,188.62,4.3029,-10.7162,57
2026-08-11 12:20:16,688766,普冉股份,自动发现,384.5,A级-回避,普通轮动日,C,83.57,win,327.75,23.3836,-14.7594,59
2026-08-11 11:14:41,300502,新易盛,光模块/CPO,416.51,A级-快吃肉候选,强势进攻日,S,99.3,win,370.2,12.0453,-11.1186,59
2026-08-11 11:14:41,300394,天孚通信,光模块/CPO,227.0,A级-快吃肉候选,强势进攻日,S,96.71,win,235.04,28.9912,-1.9868,59
2026-08-11 11:14:41,300308,中际旭创,光模块/CPO,890.9,A级-快吃肉候选,强势进攻日,S,96.17,win,775.29,12.3617,-12.9768,59
2026-08-11 11:14:41,002484,江海股份,自动发现,68.94,A级-回避,强势进攻日,C,95.06,loss,52.84,1.7987,-23.4407,49
2026-08-11 11:14:41,002916,深南电路,PCB,393.05,A级-快吃肉候选,强势进攻日,S,94.0,loss,347.25,5.9611,-15.5833,59
2026-08-11 11:14:41,002636,金安国纪,自动发现,69.3,A级-回避,强势进攻日,C,93.59,loss,79.63,29.1053,-11.0823,58
2026-08-11 11:14:41,301217,铜冠铜箔,自动发现,125.06,A级-回避,强势进攻日,C,89.94,loss,99.7,0.6557,-20.2783,58
2026-08-10 15:31:08,002714,牧原股份,自动发现,40.24,A级-回避,普通轮动日,C,86.1,loss,41.71,9.841,-3.504,49
2026-08-10 15:31:08,600988,赤峰黄金,自动发现,43.73,A级-回避,普通轮动日,C,83.66,loss,41.38,14.1093,-12.9431,60
2026-08-10 15:31:08,002409,雅克科技,自动发现,155.24,A级-回避,普通轮动日,C,83.52,win,135.5,2.4285,-18.436,43
2026-08-10 15:31:08,601899,紫金矿业,有色金属,35.45,A级-快吃肉候选,普通轮动日,S,83.2,loss,30.8,0.0,-17.1509,60
2026-08-07 14:52:02,300058,蓝色光标,自动发现,15.84,A级-回避,强势进攻日,C,91.67,win,12.37,1.5152,-21.9066,61
2026-08-07 14:42:13,600118,中国卫星,自动发现,67.99,A级-回避,强势进攻日,C,92.79,loss,56.47,1.6767,-16.9437,62
2026-08-07 14:42:13,600111,北方稀土,自动发现,43.98,A级-回避,强势进攻日,C,91.47,loss,35.57,0.2046,-19.1223,52
2026-08-07 14:42:13,600549,厦门钨业,自动发现,59.0,A级-回避,强势进攻日,C,90.27,loss,50.6,1.6102,-15.1356,40
2026-08-07 14:16:29,600392,盛和资源,自动发现,23.77,A级-回避,强势进攻日,C,90.8,open,23.99,1.2621,0.0,3
2026-08-07 14:08:13,688521,芯原股份,自动发现,227.78,A级-回避,强势进攻日,C,90.92,loss,152.02,1.0273,-33.2602,63
2026-08-07 14:08:13,600489,中金黄金,自动发现,25.95,A级-回避,强势进攻日,C,90.44,loss,25.89,5.2023,-4.817,33
2026-08-07 14:02:26,002837,英维克,自动发现,55.52,A级-回避,强势进攻日,C,91.95,win,54.36,23.361,-3.6023,52
2026-08-07 13:42:28,002202,金风科技,自动发现,21.56,A级-回避,强势进攻日,C,94.56,loss,18.22,6.5399,-15.8627,41
2026-08-07 13:42:28,600330,天通股份,自动发现,22.7,A级-回避,强势进攻日,C,93.84,win,27.81,35.3744,-0.8811,52
2026-08-07 11:39:36,000657,中钨高新,自动发现,65.53,A级-回避,强势进攻日,C,93.78,win,51.13,12.315,-21.9747,63
2026-08-07 11:39:36,002008,大族激光,自动发现,99.08,A级-回避,强势进攻日,C,90.95,loss,75.5,1.7057,-23.799,63
2026-08-07 11:39:36,688120,华海清科,自动发现,254.34,A级-回避,强势进攻日,C,89.19,win,225.37,13.5016,-11.3903,63
2026-08-07 11:39:36,000630,铜陵有色,自动发现,6.84,A级-回避,强势进攻日,C,89.08,loss,6.57,1.7544,-7.0175,33
2026-08-07 11:39:36,688981,中芯国际,晶圆制造,126.01,A级-快吃肉候选,强势进攻日,A,88.98,win,108.42,8.6501,-15.0226,63
2026-08-07 11:39:36,600276,恒瑞医药,创新药,53.98,A级-快吃肉候选,强势进攻日,S,88.69,win,46.85,3.1864,-21.3968,63
2026-08-06 15:05:50,605376,博迁新材,自动发现,163.82,A级-回避,普通轮动日,C,83.92,win,141.33,7.2274,-16.8539,47
2026-08-06 14:37:00,301165,锐捷网络,自动发现,119.71,A级-回避,普通轮动日,C,90.5,win,116.08,23.6321,-8.3619,42
2026-08-06 14:37:00,000938,紫光股份,自动发现,37.99,A级-回避,普通轮动日,C,83.75,win,30.41,8.0021,-20.4001,64
2026-08-06 14:21:05,601088,中国神华,煤炭,44.22,B级-快吃肉候选,防守观察日,S,74.89,win,48.4,10.3799,-1.2438,64
2026-08-06 14:13:16,600378,昊华科技,自动发现,46.14,B级-回避,防守观察日,C,76.26,win,47.75,14.8895,-1.257,46
2026-08-06 13:48:02,002636,金安国纪,自动发现,58.79,A级-回避,防守观察日,C,75.96,win,79.63,52.1857,-0.4082,63
2026-08-06 11:37:22,601869,长飞光纤,自动发现,326.37,A级-回避,防守观察日,C,77.69,win,387.87,44.183,-1.9211,64
2026-08-06 11:30:10,300666,江丰电子,自动发现,230.76,A级-回避,防守观察日,C,77.49,win,232.64,20.9915,-4.5849,53
2026-08-06 11:30:10,300620,光库科技,自动发现,274.2,A级-回避,防守观察日,C,74.02,win,246.8,20.1568,-9.9927,64
2026-08-06 11:12:01,300570,太辰光,自动发现,138.0,A级-回避,普通轮动日,C,84.83,win,193.4,66.1884,-2.0217,64
2026-08-06 11:12:01,688048,长光华芯,自动发现,270.48,A级-回避,普通轮动日,C,84.3,win,219.2,33.9212,-18.9589,64
2026-08-06 11:12:01,688146,中船特气,自动发现,298.66,A级-回避,普通轮动日,C,84.0,win,201.3,9.8239,-32.5989,53
2026-08-06 10:56:38,688498,源杰科技,自动发现,1362.7,A级-回避,强势进攻日,C,100.0,win,1466.0,9.5891,-4.0104,29
2026-08-06 10:45:39,000021,深科技,自动发现,40.44,A级-回避,强势进攻日,C,100.0,win,33.12,5.3412,-18.1009,63
2026-08-06 10:45:39,688072,拓荆科技,自动发现,702.38,A级-回避,强势进攻日,C,98.8,win,616.25,7.5572,-14.1134,64
2026-08-06 10:33:23,601138,工业富联,AI服务器,68.87,A级-快吃肉候选,强势进攻日,S,100.0,loss,56.07,0.9874,-19.1375,64
2026-08-06 10:33:23,000988,华工科技,自动发现,105.32,A级-回避,强势进攻日,C,100.0,loss,85.97,7.9187,-18.3726,64
2026-08-06 10:33:23,688256,寒武纪,国产AI芯片,1163.0,A级-快吃肉候选,强势进攻日,S,100.0,loss,985.99,3.1754,-16.9424,64
2026-08-06 10:33:23,688012,中微公司,半导体设备,365.34,A级-快吃肉候选,强势进攻日,S,99.73,win,311.0,9.1011,-14.8738,64
2026-08-06 10:33:23,300502,新易盛,光模块/CPO,431.11,A级-快吃肉候选,强势进攻日,S,99.63,loss,370.2,8.2508,-14.1286,64
2026-08-05 16:33:54,600664,哈药股份,自动发现,6.77,A级-回避,强势进攻日,C,97.7,win,7.39,40.1773,0.0,65
2026-08-05 16:33:54,688167,炬光科技,自动发现,208.35,A级-回避,强势进攻日,C,97.39,win,284.26,51.7639,0.0,55
2026-08-05 13:46:48,603083,剑桥科技,自动发现,151.23,A级-回避,强势进攻日,C,99.23,win,193.0,52.2317,-1.1043,65
2026-08-05 13:46:48,000967,盈峰环境,自动发现,9.48,A级-回避,强势进攻日,C,97.74,open,9.47,0.0,-0.1055,0
2026-08-05 13:46:48,002463,沪电股份,自动发现,117.29,A级-回避,强势进攻日,C,97.36,win,112.29,9.3444,-4.9365,65
2026-08-05 13:46:48,603127,昭衍新药,自动发现,46.4,A级-回避,强势进攻日,C,94.8,win,52.6,16.7026,-2.069,65
2026-08-05 13:09:09,300394,天孚通信,光模块/CPO,214.05,A级-快吃肉候选,强势进攻日,B,96.79,win,235.04,36.7951,0.0,65
2026-08-05 13:09:09,000338,潍柴动力,自动发现,29.9,A级-回避,强势进攻日,C,96.43,win,24.45,3.311,-18.2274,65
2026-08-05 13:09:09,688630,芯碁微装,自动发现,356.52,A级-回避,强势进攻日,C,95.94,win,428.96,29.1176,0.0,48
2026-08-05 13:09:09,688008,澜起科技,自动发现,212.55,A级-回避,强势进攻日,C,95.75,loss,197.6,5.561,-13.1263,65
2026-08-05 11:35:47,301171,易点天下,自动发现,39.34,A级-回避,强势进攻日,C,96.13,loss,33.7,2.4403,-14.3366,41
2026-08-05 11:35:47,002916,深南电路,PCB,345.32,A级-回避,强势进攻日,C,96.04,win,347.25,20.607,-3.9152,65
2026-08-05 11:35:47,002353,杰瑞股份,自动发现,147.5,A级-回避,强势进攻日,C,95.83,loss,109.55,13.139,-25.7288,64
2026-08-05 11:35:47,603893,瑞芯微,自动发现,198.5,A级-回避,强势进攻日,C,95.39,win,202.72,12.6801,-8.3728,65
2026-08-05 11:35:47,002709,天赐材料,自动发现,38.81,A级-回避,强势进攻日,C,95.33,win,32.69,3.1693,-15.7691,64
2026-08-05 11:18:25,600105,永鼎股份,自动发现,35.93,A级-回避,强势进攻日,C,100.0,win,32.47,30.0306,-9.6298,65
2026-08-05 11:18:25,002156,通富微电,自动发现,58.02,A级-回避,强势进攻日,C,98.71,win,55.55,22.0786,-4.2572,65
2026-08-05 11:18:25,002436,兴森科技,自动发现,30.15,A级-回避,强势进攻日,C,97.74,win,38.51,52.6368,0.0,65
2026-08-05 11:18:25,600703,三安光电,自动发现,13.32,A级-回避,强势进攻日,C,97.45,win,11.88,11.3363,-10.8108,64
2026-08-05 11:18:25,300476,胜宏科技,自动发现,208.38,A级-回避,强势进攻日,C,97.19,win,202.69,37.2493,-2.7306,65
2026-08-05 10:39:47,600183,生益科技,自动发现,117.27,A级-回避,强势进攻日,C,97.47,win,131.86,31.7302,0.0,64
2026-08-05 10:39:47,002407,多氟多,自动发现,32.49,A级-回避,强势进攻日,C,96.28,win,30.05,21.1142,-8.4334,64
2026-08-05 10:39:47,002384,东山精密,自动发现,181.62,A级-回避,强势进攻日,C,91.48,win,145.49,19.7005,-19.8932,65
2026-08-05 10:25:53,002371,北方华创,半导体设备,715.21,A级-快吃肉候选,强势进攻日,A,96.39,win,594.04,8.947,-16.9419,65
2026-08-05 10:25:53,601899,紫金矿业,有色金属,33.6,A级-快吃肉候选,强势进攻日,S,91.64,win,30.8,5.506,-12.5893,65
2026-08-05 10:25:53,603993,洛阳钼业,自动发现,20.14,A级-回避,强势进攻日,C,91.09,win,17.22,3.6246,-16.8818,65
2026-08-05 10:25:53,300033,同花顺,自动发现,242.0,A级-回避,强势进攻日,C,89.16,loss,200.43,1.0331,-18.1612,65
2026-08-05 10:13:24,300454,深信服,自动发现,128.49,A级-回避,强势进攻日,C,95.27,loss,140.7,18.1804,-9.6039,55
2026-08-05 10:13:24,301526,国际复材,自动发现,31.33,A级-回避,强势进攻日,C,92.3,win,26.54,28.7584,-15.7996,64
2026-08-05 10:13:24,688111,金山办公,自动发现,283.8,A级-回避,强势进攻日,C,91.86,loss,241.3,0.6554,-14.9753,24
2026-08-05 10:13:24,600176,中国巨石,自动发现,38.27,A级-回避,强势进攻日,C,89.01,win,38.57,25.1633,-0.6794,65
2026-08-05 10:13:24,300857,协创数据,自动发现,250.24,A级-回避,强势进攻日,C,87.8,loss,232.68,9.7506,-7.0173,65
2026-08-04 14:59:41,600580,卧龙电驱,自动发现,35.68,A级-回避,强势进攻日,C,91.7,win,36.94,4.12,-1.6816,14
2026-08-04 14:59:41,300418,昆仑万维,自动发现,43.55,A级-回避,强势进攻日,C,89.82,loss,44.73,7.302,-7.2331,49
2026-08-04 14:44:29,300136,信维通信,自动发现,59.32,A级-回避,强势进攻日,C,89.84,win,51.62,18.6784,-12.9804,65
2026-08-04 14:18:34,000960,锡业股份,自动发现,36.47,A级-回避,强势进攻日,C,92.55,win,40.5,11.3244,-0.6032,6
2026-08-04 14:18:34,601689,拓普集团,自动发现,50.22,A级-回避,强势进攻日,C,91.72,loss,47.35,0.0,-8.1442,56
2026-08-04 14:06:19,688082,盛美上海,自动发现,259.35,A级-回避,强势进攻日,C,93.98,win,296.01,30.0945,-1.4266,57
2026-08-04 14:06:19,603296,华勤技术,自动发现,77.14,A级-回避,强势进攻日,C,93.35,win,80.28,12.6523,-1.1149,15
2026-08-04 13:47:50,300433,蓝思科技,自动发现,33.01,A级-回避,强势进攻日,C,92.54,win,32.31,19.2669,-4.2714,64
2026-08-04 13:47:50,300458,全志科技,自动发现,33.49,A级-回避,强势进攻日,C,92.53,win,33.94,4.2998,-1.493,28
2026-08-04 13:40:21,301308,江波龙,自动发现,335.75,A级-回避,强势进攻日,C,95.24,win,284.0,29.2599,-15.4133,66
2026-08-04 13:40:21,000725,京东方Ａ,自动发现,5.64,A级-回避,强势进攻日,C,92.99,win,5.5,12.766,-6.5603,66
2026-08-04 13:40:21,600667,太极实业,自动发现,17.02,A级-回避,强势进攻日,C,92.68,win,16.32,40.7756,-4.1128,66
2026-08-04 13:40:21,688017,绿的谐波,自动发现,324.46,A级-回避,强势进攻日,C,92.43,win,294.96,17.7372,-9.4187,34
2026-08-04 13:30:01,000636,风华高科,自动发现,54.4,A级-回避,强势进攻日,C,100.0,win,50.4,22.261,-11.011,65
2026-08-04 13:30:01,688361,中科飞测,自动发现,317.98,A级-回避,强势进攻日,C,95.67,win,341.88,21.7026,-2.5756,66
2026-08-04 13:30:01,600498,烽火通信,自动发现,34.54,A级-回避,强势进攻日,C,95.41,win,34.49,27.8228,-0.4343,65
2026-08-04 13:30:01,300285,国瓷材料,自动发现,60.0,A级-回避,强势进攻日,C,95.24,win,60.2,37.8333,-0.8833,65
2026-08-04 13:30:01,688525,佰维存储,自动发现,216.4,A级-回避,强势进攻日,C,94.59,win,181.01,18.7616,-16.354,66
2026-08-04 13:30:01,600641,先导基电,自动发现,24.33,A级-回避,强势进攻日,C,94.04,win,44.66,102.4661,-0.1644,66
2026-08-04 13:30:01,002747,埃斯顿,自动发现,32.05,A级-回避,强势进攻日,C,93.84,win,33.4,18.0967,0.0,17
2026-08-04 13:30:01,688702,盛科通信,自动发现,336.88,A级-回避,强势进攻日,C,93.28,win,328.5,31.9995,-9.0774,52
2026-08-04 12:32:33,300408,三环集团,自动发现,119.55,A级-回避,强势进攻日,C,99.79,win,111.81,11.9783,-9.77,66
2026-08-04 12:32:33,600522,中天科技,自动发现,29.8,A级-回避,强势进攻日,C,95.21,win,30.09,24.0268,0.0,66
2026-08-04 12:32:33,002409,雅克科技,自动发现,126.68,A级-回避,强势进攻日,C,95.06,win,135.5,25.521,-0.0474,49
2026-08-04 12:32:33,000426,兴业银锡,自动发现,32.82,A级-回避,强势进攻日,C,94.58,win,31.17,28.3059,-5.2102,55
2026-08-04 12:32:33,300475,香农芯创,自动发现,140.46,A级-回避,强势进攻日,C,94.29,win,144.98,30.4286,0.0,65
2026-08-04 12:32:33,600460,士兰微,自动发现,28.71,A级-回避,强势进攻日,C,94.21,win,31.84,27.1334,0.0,56
2026-08-04 12:32:33,300346,南大光电,自动发现,48.68,A级-回避,强势进攻日,C,93.87,win,56.0,27.3007,0.0,45
2026-08-03 12:52:17,300308,中际旭创,光模块/CPO,926.04,B级-回避,风险日,A,56.21,loss,775.29,10.5244,-16.279,67
2026-07-31 16:47:41,002558,巨人网络,自动发现,29.28,A级-回避,强势进攻日,C,88.65,win,26.0,4.0301,-11.3388,41
2026-07-31 16:47:41,603259,药明康德,自动发现,128.43,A级-回避,强势进攻日,C,85.75,win,157.8,33.5358,-0.8799,70
2026-07-31 16:47:41,601127,赛力斯,自动发现,62.25,A级-回避,强势进攻日,C,83.06,loss,47.97,0.0,-22.9398,69
2026-07-31 16:47:41,601899,紫金矿业,有色金属,32.95,A级-快吃肉候选,强势进攻日,A,81.52,win,30.8,7.5873,-10.8649,70
2026-07-31 14:12:47,601168,西部矿业,自动发现,38.29,A级-回避,强势进攻日,C,83.46,win,40.47,10.8645,-4.2048,41
2026-07-31 14:12:47,603993,洛阳钼业,自动发现,19.48,A级-回避,强势进攻日,C,80.23,win,17.22,7.1355,-14.0657,70
2026-07-31 12:42:09,002517,恺英网络,自动发现,17.39,A级-回避,强势进攻日,C,89.92,win,18.38,8.3381,0.0,5
2026-07-31 12:42:09,002602,世纪华通,自动发现,13.67,A级-回避,强势进攻日,C,89.57,win,14.54,18.5077,-0.951,48
2026-07-31 12:42:09,300803,指南针,自动发现,83.79,A级-回避,强势进攻日,C,85.05,win,84.95,5.3825,-1.647,38
2026-07-31 12:42:09,600664,哈药股份,自动发现,5.71,A级-回避,强势进攻日,C,83.42,win,7.39,66.1996,0.0,70
2026-07-31 12:42:09,603893,瑞芯微,自动发现,192.29,A级-回避,强势进攻日,C,82.98,win,202.72,16.3191,-5.4137,70
2026-07-31 12:42:09,600418,江淮汽车,自动发现,25.67,A级-回避,强势进攻日,C,82.3,win,27.47,7.5185,-19.6728,68
2026-07-31 12:42:09,300759,康龙化成,自动发现,36.86,A级-回避,强势进攻日,C,81.65,win,43.11,39.4737,0.0,70
2026-07-30 16:24:43,601318,中国平安,保险,55.8,B级-趋势候选,风险日,B,56.28,loss,52.83,4.3728,-8.1183,71
2026-07-29 16:22:39,688120,华海清科,自动发现,268.7,A级-回避,普通轮动日,C,86.25,loss,225.37,7.4358,-16.1258,72
2026-07-29 16:22:39,300285,国瓷材料,自动发现,59.12,A级-回避,普通轮动日,C,84.42,win,60.2,39.885,-3.3491,71
2026-07-29 16:22:39,002475,立讯精密,自动发现,62.35,A级-回避,普通轮动日,C,82.91,loss,47.59,0.0,-23.6728,72
2026-07-29 16:22:39,603228,景旺电子,自动发现,75.32,A级-回避,普通轮动日,C,82.38,loss,96.98,49.3362,-0.7568,72
2026-07-29 16:22:39,300033,同花顺,自动发现,224.0,A级-回避,普通轮动日,C,80.53,win,200.43,9.1518,-11.5848,72
2026-07-29 13:52:29,601991,大唐发电,自动发现,6.2,A级-回避,普通轮动日,C,86.22,loss,6.02,5.9677,-4.6774,43
2026-07-29 13:52:29,002466,天齐锂业,自动发现,46.43,A级-回避,普通轮动日,C,85.29,loss,41.37,7.9044,-10.8981,72
2026-07-29 13:52:29,300502,新易盛,光模块/CPO,422.58,A级-快吃肉候选,普通轮动日,C,84.58,loss,370.2,10.4359,-16.7022,72
2026-07-29 13:52:29,300308,中际旭创,光模块/CPO,947.21,A级-快吃肉候选,普通轮动日,C,82.63,loss,775.29,8.0542,-18.1501,72
2026-07-29 13:52:29,601888,中国中免,自动发现,57.68,A级-回避,普通轮动日,C,82.21,win,54.6,1.7337,-6.8828,37
2026-07-29 13:52:29,000338,潍柴动力,自动发现,27.25,A级-回避,普通轮动日,C,81.96,win,24.45,13.3578,-10.2752,72
2026-07-29 13:52:29,600150,中国船舶,自动发现,34.82,A级-回避,普通轮动日,C,81.91,win,38.54,17.8059,-5.2556,72
2026-07-29 13:52:29,002241,歌尔股份,自动发现,23.78,A级-回避,普通轮动日,C,81.78,loss,23.15,4.2052,-5.2565,61
2026-07-27 17:32:25,000021,深科技,自动发现,43.95,A级-回避,强势进攻日,C,99.1,loss,33.12,0.0,-24.6416,73
2026-07-27 17:32:25,300666,江丰电子,自动发现,240.85,A级-回避,强势进攻日,C,97.2,loss,232.64,15.9228,-18.9246,63
2026-07-27 17:32:25,688012,中微公司,半导体设备,399.77,A级-快吃肉候选,强势进攻日,A,94.42,loss,311.0,0.0,-22.4929,74
2026-07-27 17:32:25,300346,南大光电,自动发现,55.75,A级-回避,强势进攻日,C,93.1,loss,56.0,11.157,-13.2556,53
2026-07-27 17:32:25,601208,东材科技,自动发现,43.32,A级-回避,强势进攻日,C,92.39,loss,48.47,30.2862,-20.7525,74
2026-07-27 14:31:27,601179,中国西电,自动发现,14.06,A级-回避,普通轮动日,C,84.78,loss,13.9,2.4893,-6.6856,21
2026-07-27 14:31:27,002028,思源电气,自动发现,168.93,A级-回避,普通轮动日,C,82.04,loss,120.09,8.5302,-28.9114,74
2026-07-27 14:31:27,301217,铜冠铜箔,自动发现,94.37,A级-回避,普通轮动日,C,80.87,loss,99.7,33.3898,-12.451,73
2026-07-27 14:31:27,600206,有研新材,自动发现,45.88,A级-回避,普通轮动日,C,80.74,win,44.64,28.313,-22.864,73
2026-07-27 14:31:27,300136,信维通信,自动发现,65.55,A级-回避,普通轮动日,C,79.17,loss,51.62,7.3989,-21.251,73
2026-07-27 14:31:27,600988,赤峰黄金,自动发现,38.1,A级-回避,普通轮动日,C,79.15,win,41.38,30.9711,-2.4409,74
2026-07-27 14:31:27,600726,华电能源,自动发现,6.39,A级-回避,普通轮动日,C,78.8,open,6.08,0.0,-4.8513,1
2026-07-27 14:31:27,002407,多氟多,自动发现,32.15,A级-回避,普通轮动日,C,78.63,loss,30.05,22.395,-7.465,73
2026-07-24 13:51:47,002371,北方华创,半导体设备,765.67,B级-回避,极端风险日,A,61.78,loss,594.04,1.7671,-22.4157,77
2026-07-23 15:00:33,000630,铜陵有色,自动发现,6.3,A级-回避,防守观察日,C,76.02,win,6.57,10.4762,0.0,48
2026-07-23 14:33:48,002475,立讯精密,自动发现,61.15,B级-回避,防守观察日,C,76.79,loss,47.59,2.8455,-22.175,78
2026-07-23 14:31:29,601138,工业富联,AI服务器,62.88,A级-回避,防守观察日,C,78.95,loss,56.07,10.6075,-14.9173,78
2026-07-23 14:25:04,002709,天赐材料,自动发现,37.18,B级-回避,防守观察日,C,76.73,win,32.69,7.6923,-12.0764,77
2026-07-23 14:23:44,601991,大唐发电,自动发现,7.35,B级-回避,防守观察日,C,77.57,loss,6.02,0.0,-19.5918,49
2026-07-23 14:21:43,000792,盐湖股份,自动发现,27.47,A级-回避,防守观察日,C,81.14,win,26.28,4.9873,-4.6596,46
2026-07-23 14:21:43,600406,国电南瑞,自动发现,24.49,A级-回避,防守观察日,C,79.81,loss,22.64,2.3683,-7.5541,67
2026-07-23 14:21:43,300014,亿纬锂能,自动发现,54.88,A级-回避,防守观察日,C,79.49,loss,51.32,4.2274,-11.4614,78
2026-07-23 14:21:43,603799,华友钴业,自动发现,41.36,A级-回避,防守观察日,C,79.12,loss,35.0,11.3878,-15.3772,76
2026-07-23 14:21:43,000338,潍柴动力,自动发现,27.9,A级-回避,防守观察日,C,78.93,loss,24.45,10.7168,-12.3656,78
2026-07-23 14:21:43,300750,宁德时代,自动发现,384.15,A级-回避,防守观察日,C,78.69,win,297.75,5.8024,-25.3573,78
2026-07-23 14:21:43,601600,中国铝业,自动发现,9.8,A级-回避,防守观察日,C,78.11,loss,9.02,3.3673,-7.9592,77
2026-07-23 14:21:43,002422,科伦药业,自动发现,50.28,A级-回避,防守观察日,C,77.14,loss,46.24,1.3922,-14.8966,18
